# This file is brought to you by Roblox Corporation
# Generated by Roblox Studio

mtllib Bubble Handgun Slide.mtl

g Meshpart1

v -390.081 5.83813 28.9321 
v -390.083 5.89909 28.9555 
v -390.058 5.77717 28.9343 
v -390.062 5.94376 28.9984 
v -390.117 5.85447 28.9845 
v -390.104 5.79351 28.9739 
v -390.099 5.76081 29.0303 
v -390.121 5.86644 29.0487 
v -390.024 5.96011 29.0493 
v -390.067 5.74884 29.0861 
v -390.092 5.87082 29.1073 
v -389.982 5.91545 28.9298 
v -390.037 5.88276 28.9159 
v -390.083 5.89909 28.9555 
v -390.062 5.94376 28.9984 
v -390.121 5.86644 29.0487 
v -390.024 5.96011 29.0493 
v -389.932 5.92742 28.9701 
v -389.907 5.80545 28.9488 
v -390.092 5.87082 29.1073 
v -390.039 5.86644 29.1447 
v -390.017 5.76081 29.1263 
v -389.9 5.91545 29.0259 
v -389.98 5.94376 29.0945 
v -389.894 5.88276 29.0822 
v -389.941 5.89909 29.1218 
v -389.982 5.91545 28.9298 
v -390.024 5.8218 28.9053 
v -390.037 5.88276 28.9159 
v -390.081 5.83813 28.9321 
v -390.083 5.89909 28.9555 
v -390.058 5.77717 28.9343 
v -390.117 5.85447 28.9845 
v -390.019 5.73251 28.9617 
v -389.96 5.80983 28.9114 
v -389.932 5.92742 28.9701 
v -389.907 5.80545 28.9488 
v -389.932 5.92742 28.9701 
v -389.907 5.80545 28.9488 
v -389.975 5.71616 29.0068 
v -390.017 5.76081 29.1263 
v -389.878 5.80983 29.0075 
v -389.937 5.73251 29.0577 
v -389.9 5.91545 29.0259 
v -389.882 5.8218 29.0716 
v -389.916 5.77717 29.1006 
v -389.894 5.88276 29.0822 
v -389.917 5.83813 29.1241 
v -389.941 5.89909 29.1218 
v -390.083 5.89909 28.9555 
v -390.058 5.77717 28.9343 
v -390.104 5.79351 28.9739 
v -390.019 5.73251 28.9617 
v -389.96 5.80983 28.9114 
v -390.099 5.76081 29.0303 
v -389.907 5.80545 28.9488 
v -389.975 5.71616 29.0068 
v -390.067 5.74884 29.0861 
v -390.017 5.76081 29.1263 
v -389.878 5.80983 29.0075 
v -389.937 5.73251 29.0577 
v -389.916 5.77717 29.1006 
v -389.962 5.79351 29.1402 
v -390.024 5.96011 29.0493 
v -390.067 5.74884 29.0861 
v -390.092 5.87082 29.1073 
v -390.039 5.86644 29.1447 
v -390.017 5.76081 29.1263 
v -389.882 5.8218 29.0716 
v -389.916 5.77717 29.1006 
v -389.98 5.94376 29.0945 
v -389.917 5.83813 29.1241 
v -389.962 5.79351 29.1402 
v -389.941 5.89909 29.1218 
v -389.975 5.85447 29.1508 

vn -0.653543 0 -0.76378 
vn -0.645669 0.535433 -0.535433 
vn -0.433071 -0.543307 -0.724409 
vn -0.480315 0.850394 -0.204724 
vn -0.952756 0.141732 -0.283465 
vn -0.84252 -0.393701 -0.377953 
vn -0.779528 -0.622047 0.0551181 
vn -0.952756 0.228346 0.19685 
vn -0.19685 0.968504 0.165354 
vn -0.535433 -0.708661 0.456693 
vn -0.732283 0.259843 0.629921 
vn 0.173228 0.622047 -0.76378 
vn -0.23622 0.393701 -0.889764 
vn -0.645669 0.535433 -0.535433 
vn -0.480315 0.850394 -0.204724 
vn -0.952756 0.228346 0.19685 
vn -0.19685 0.968504 0.165354 
vn 0.535433 0.708661 -0.456693 
vn 0.732283 -0.259843 -0.629921 
vn -0.732283 0.259843 0.629921 
vn -0.346457 0.228346 0.913386 
vn -0.173228 -0.622047 0.76378 
vn 0.779528 0.622047 -0.0551181 
vn 0.125984 0.850394 0.503937 
vn 0.84252 0.393701 0.377953 
vn 0.433071 0.535433 0.724409 
vn 0.173228 0.622047 -0.76378 
vn -0.125984 -0.141732 -0.984252 
vn -0.23622 0.393701 -0.889764 
vn -0.653543 0 -0.76378 
vn -0.645669 0.535433 -0.535433 
vn -0.433071 -0.543307 -0.724409 
vn -0.952756 0.141732 -0.283465 
vn -0.125984 -0.850394 -0.503937 
vn 0.346457 -0.228346 -0.913386 
vn 0.535433 0.708661 -0.456693 
vn 0.732283 -0.259843 -0.629921 
vn 0.535433 0.708661 -0.456693 
vn 0.732283 -0.259843 -0.629921 
vn 0.19685 -0.968504 -0.165354 
vn -0.173228 -0.622047 0.76378 
vn 0.952756 -0.228346 -0.19685 
vn 0.480315 -0.850394 0.204724 
vn 0.779528 0.622047 -0.0551181 
vn 0.952756 -0.141732 0.283465 
vn 0.645669 -0.543307 0.535433 
vn 0.84252 0.393701 0.377953 
vn 0.645669 0 0.76378 
vn 0.433071 0.535433 0.724409 
vn -0.645669 0.535433 -0.535433 
vn -0.433071 -0.543307 -0.724409 
vn -0.84252 -0.393701 -0.377953 
vn -0.125984 -0.850394 -0.503937 
vn 0.346457 -0.228346 -0.913386 
vn -0.779528 -0.622047 0.0551181 
vn 0.732283 -0.259843 -0.629921 
vn 0.19685 -0.968504 -0.165354 
vn -0.535433 -0.708661 0.456693 
vn -0.173228 -0.622047 0.76378 
vn 0.952756 -0.228346 -0.19685 
vn 0.480315 -0.850394 0.204724 
vn 0.645669 -0.543307 0.535433 
vn 0.23622 -0.393701 0.889764 
vn -0.19685 0.968504 0.165354 
vn -0.535433 -0.708661 0.456693 
vn -0.732283 0.259843 0.629921 
vn -0.346457 0.228346 0.913386 
vn -0.173228 -0.622047 0.76378 
vn 0.952756 -0.141732 0.283465 
vn 0.645669 -0.543307 0.535433 
vn 0.125984 0.850394 0.503937 
vn 0.645669 0 0.76378 
vn 0.23622 -0.393701 0.889764 
vn 0.433071 0.535433 0.724409 
vn 0.125984 0.141732 0.984252 

vt 29.988 -39 
vt 29.9909 -38.9924 
vt 29.9883 -39.0076 
vt 29.9963 -38.9868 
vt 29.9946 -38.998 
vt 29.9932 -39.0056 
vt 30.0003 -39.0097 
vt 30.0026 -38.9965 
vt 30.0027 -38.9848 
vt 30.0072 -39.0112 
vt 30.0099 -38.9959 
vt 30.0022 -38.9877 
vt 29.9954 -38.986 
vt 29.9896 -38.9909 
vt 29.9922 -38.9963 
vt 29.9848 -39.0026 
vt 29.9969 -39.0027 
vt 30.0085 -38.9927 
vt 30.0116 -38.9901 
vt 29.9884 -39.0099 
vt 29.9951 -39.0146 
vt 29.9978 -39.0123 
vt 30.0125 -38.9997 
vt 30.0024 -39.0083 
vt 30.0131 -39.0068 
vt 30.0073 -39.0117 
vt 29.9978 -38.9903 
vt 30.0031 -39.002 
vt 30.0046 -38.9944 
vt 30.0103 -39 
vt 30.0104 -38.9924 
vt 30.0073 -39.0076 
vt 30.0147 -38.998 
vt 30.0024 -39.0132 
vt 29.9951 -39.0035 
vt 29.9915 -38.9888 
vt 29.9884 -39.0041 
vt 30.0072 -38.9888 
vt 30.0099 -39.0041 
vt 30.0027 -39.0152 
vt 29.9877 -39.0097 
vt 30.0026 -39.0035 
vt 29.9963 -39.0132 
vt 30.0003 -38.9903 
vt 29.9946 -39.002 
vt 29.9909 -39.0076 
vt 29.9932 -38.9944 
vt 29.988 -39 
vt 29.9883 -38.9924 
vt 30.0104 -38.9909 
vt 30.0073 -38.9883 
vt 30.0131 -38.9932 
vt 30.0024 -38.9917 
vt 29.9951 -38.9854 
vt 30.0125 -39.0003 
vt 29.9884 -38.9901 
vt 29.9969 -38.9973 
vt 30.0085 -39.0073 
vt 30.0022 -39.0123 
vt 29.9848 -38.9974 
vt 29.9922 -39.0037 
vt 29.9896 -39.0091 
vt 29.9954 -39.014 
vt 29.9969 -38.9848 
vt 29.9915 -39.0112 
vt 29.9884 -38.9959 
vt 29.9951 -38.9965 
vt 29.9978 -39.0097 
vt 30.0147 -39.002 
vt 30.0104 -39.0076 
vt 30.0024 -38.9868 
vt 30.0103 -39 
vt 30.0046 -39.0056 
vt 30.0073 -38.9924 
vt 30.0031 -38.998 

usemtl Meshpart1Mtl

f 1/1/1 5/5/5 2/2/2 
f 4/4/4 2/2/2 5/5/5 
f 1/1/1 3/3/3 6/6/6 
f 1/1/1 6/6/6 5/5/5 
f 7/7/7 5/5/5 6/6/6 
f 4/4/4 5/5/5 8/8/8 
f 5/5/5 7/7/7 8/8/8 
f 10/10/10 8/8/8 7/7/7 
f 8/8/8 10/10/10 11/11/11 
f 15/15/15 13/13/13 14/14/14 
f 13/13/13 15/15/15 12/12/12 
f 17/17/17 12/12/12 15/15/15 
f 17/17/17 15/15/15 16/16/16 
f 12/12/12 17/17/17 18/18/18 
f 16/16/16 20/20/20 17/17/17 
f 21/21/21 17/17/17 20/20/20 
f 18/18/18 17/17/17 23/23/23 
f 17/17/17 24/24/24 23/23/23 
f 17/17/17 21/21/21 24/24/24 
f 23/23/23 24/24/24 25/25/25 
f 24/24/24 26/26/26 25/25/25 
f 27/27/27 28/28/28 29/29/29 
f 30/30/30 29/29/29 28/28/28 
f 30/30/30 31/31/31 29/29/29 
f 30/30/30 28/28/28 32/32/32 
f 28/28/28 34/34/34 32/32/32 
f 28/28/28 27/27/27 35/35/35 
f 28/28/28 35/35/35 34/34/34 
f 36/36/36 35/35/35 27/27/27 
f 35/35/35 36/36/36 37/37/37 
f 38/38/38 42/42/42 39/39/39 
f 42/42/42 38/38/38 44/44/44 
f 45/45/45 43/43/43 42/42/42 
f 44/44/44 45/45/45 42/42/42 
f 43/43/43 45/45/45 46/46/46 
f 45/45/45 44/44/44 47/47/47 
f 45/45/45 48/48/48 46/46/46 
f 47/47/47 48/48/48 45/45/45 
f 49/49/49 48/48/48 47/47/47 
f 53/53/53 52/52/52 51/51/51 
f 52/52/52 53/53/53 55/55/55 
f 54/54/54 57/57/57 53/53/53 
f 57/57/57 55/55/55 53/53/53 
f 56/56/56 57/57/57 54/54/54 
f 55/55/55 57/57/57 58/58/58 
f 58/58/58 57/57/57 59/59/59 
f 60/60/60 57/57/57 56/56/56 
f 61/61/61 59/59/59 57/57/57 
f 57/57/57 60/60/60 61/61/61 
f 63/63/63 61/61/61 62/62/62 
f 59/59/59 61/61/61 63/63/63 
f 66/66/66 65/65/65 67/67/67 
f 65/65/65 68/68/68 67/67/67 
f 70/70/70 72/72/72 73/73/73 
f 73/73/73 72/72/72 75/75/75 
f 75/75/75 72/72/72 74/74/74 
f 68/68/68 73/73/73 75/75/75 
f 71/71/71 75/75/75 74/74/74 
f 67/67/67 68/68/68 75/75/75 
f 75/75/75 71/71/71 67/67/67 

g Meshpart2

v -389.986 6.07177 28.101 
v -390.049 5.95488 28.0664 
v -390 6.07177 28.101 
v -389.936 5.95488 28.0664 
v -390.108 6.03094 29.8821 
v -389.946 6.09335 29.8513 
v -389.833 5.95945 27.9943 
v -390.153 5.89013 27.9428 
v -390.153 5.95945 27.9943 
v -389.833 5.89013 27.9428 
v -390.153 5.67286 27.9428 
v -389.833 5.67286 27.9428 
v -389.833 5.59274 27.9428 
v -390.153 5.59274 27.9428 
v -389.833 5.57338 28.0059 
v -390.153 5.57338 28.0059 
v -389.833 5.48728 28.0059 
v -390.153 5.48728 28.0059 
v -389.833 5.41798 28.0059 
v -390.153 5.41798 28.0059 
v -390.089 5.33897 28.0893 
v -390.039 6.03094 29.7097 
v -389.877 6.08038 29.7404 
v -389.833 5.72336 29.5551 
v -389.833 5.81933 29.665 
v -389.833 5.95945 29.665 
v -390.153 5.95945 29.665 
v -390.153 5.81933 29.665 
v -390.153 5.89013 29.665 
v -389.833 5.89013 29.665 
v -390.153 5.81933 29.665 
v -389.833 5.95945 29.665 
v -390.153 5.95945 29.665 
v -389.833 5.81933 29.665 
v -389.946 6.03094 29.7097 
v -389.877 6.03094 29.7097 
v -389.946 5.95208 29.7097 
v -389.877 5.95208 29.7097 
v -390.039 5.95208 29.7097 
v -389.946 6.08038 29.7404 
v -389.877 6.08038 29.7404 
v -390.039 6.03094 29.7097 
v -390.108 5.95208 29.7097 
v -390.108 6.03094 29.7097 
v -390.108 6.08038 29.7404 
v -390.039 6.08038 29.7404 
v -389.936 5.95488 28.0664 
v -389.833 5.67286 30.0206 
v -390.153 5.67286 30.0206 
v -390.153 5.59274 30.0103 
v -390.108 6.03094 29.8821 
v -390.039 6.03094 29.8821 
v -389.877 6.09335 29.8513 
v -390.153 5.89013 27.9428 
v -390.153 5.95945 27.9943 
v -389.833 5.89013 27.9428 
v -389.897 5.33897 28.5777 
v -390 6.07177 28.101 
v -390 6.07177 28.2194 
v -389.986 6.07177 28.2194 
v -389.986 6.07177 28.101 
v -390.039 6.03094 29.7097 
v -390.039 6.03094 29.8821 
v -389.946 6.03094 29.8821 
v -389.946 6.03094 29.7097 
v -389.946 6.09335 29.8513 
v -389.877 6.09335 29.8513 
v -389.946 6.08038 29.7404 
v -389.877 6.08038 29.7404 
v -390.108 6.09335 29.8513 
v -390.039 6.09335 29.8513 
v -390.108 6.08038 29.7404 
v -390.039 6.08038 29.7404 
v -389.833 5.81933 28.625 
v -389.833 5.95945 28.625 
v -389.833 5.72336 28.7349 
v -389.833 5.72336 28.965 
v -389.833 5.72336 29.5551 
v -389.833 5.81933 29.665 
v -389.833 5.95945 29.665 
v -390.153 5.95945 29.665 
v -390.153 5.81933 29.665 
v -390.153 5.72336 28.965 
v -390.153 5.72336 28.7349 
v -390.153 5.81933 28.625 
v -390.153 5.95945 28.625 
v -390.153 5.95945 29.665 
v -390.153 5.95945 29.905 
v -389.833 5.95945 29.665 
v -389.833 5.95945 29.905 
v -390.153 5.95945 28.625 
v -389.833 5.95945 27.9943 
v -390.153 5.95945 27.9943 
v -389.833 5.95945 28.625 
v -390.153 5.81933 29.665 
v -389.833 5.81933 29.665 
v -389.833 5.72336 29.5551 
v -390.153 5.72336 29.5551 
v -390.153 5.72336 28.965 
v -389.833 5.72336 28.965 
v -390.153 5.72336 28.7349 
v -389.833 5.72336 28.7349 
v -389.833 5.81933 28.625 
v -390.153 5.81933 28.625 
v -389.936 5.95488 28.0664 
v -389.833 5.89013 29.941 
v -389.833 5.67286 30.0206 
v -390.153 5.59274 30.0103 
v -389.833 5.59274 30.0103 
v -389.877 6.09335 29.8513 
v -389.946 6.09335 29.8513 
v -389.833 5.89013 27.9428 
v -389.833 5.59274 27.9428 
v -389.833 5.41798 28.0059 
v -389.897 5.33897 28.0893 
v -389.897 5.33897 28.5777 
v -389.833 5.41798 28.6611 
v -389.986 6.07177 28.2194 
v -390.153 5.57338 28.702 
v -389.833 5.57338 28.702 
v -389.877 6.08038 29.7404 
v -390.039 6.08038 29.7404 
v -389.833 5.81933 28.625 
v -389.833 5.67286 28.7651 
v -389.833 5.67286 27.9428 
v -389.833 5.89013 27.9428 
v -389.833 5.89013 28.625 
v -389.833 5.95945 27.9943 
v -389.833 5.95945 28.625 
v -389.833 5.72336 28.7349 
v -389.833 5.72336 28.965 
v -389.833 5.72336 29.5551 
v -389.833 5.59274 27.9428 
v -389.833 5.67286 30.0206 
v -389.833 5.81933 29.665 
v -389.833 5.59274 30.0103 
v -389.833 5.89013 29.941 
v -389.833 5.59274 28.7651 
v -389.833 5.89013 29.665 
v -389.833 5.95945 29.905 
v -389.833 5.95945 29.665 
v -389.833 5.57338 28.702 
v -389.833 5.57338 28.0059 
v -389.833 5.48728 28.6611 
v -389.833 5.48728 28.0059 
v -389.833 5.41798 28.6611 
v -389.833 5.41798 28.0059 
v -389.897 5.33897 28.0893 
v -389.897 5.33897 28.5777 
v -390.153 5.81933 29.665 
v -390.153 5.72336 28.965 
v -390.153 5.72336 28.7349 
v -390.153 5.89013 28.625 
v -389.877 6.03094 29.7097 
v -389.877 6.03094 29.8821 
v -389.877 5.95208 29.7097 
v -389.877 5.95208 29.8821 
v -389.877 6.08038 29.7404 
v -389.877 6.09335 29.8513 
v -389.936 5.95488 28.2862 
v -389.936 5.95488 28.0664 
v -389.986 6.07177 28.2194 
v -389.986 6.07177 28.101 
v -390.049 5.95488 28.2862 
v -390.039 6.03094 29.8821 
v -390.039 6.03094 29.7097 
v -390.039 6.08038 29.7404 
v -390.039 6.09335 29.8513 
v -390.153 5.89013 29.941 
v -389.833 5.89013 29.941 
v -390.153 5.95945 29.905 
v -389.833 5.95945 29.905 
v -389.833 5.67286 30.0206 
v -390.153 5.67286 30.0206 
v -390.153 5.59274 30.0103 
v -389.833 5.59274 30.0103 
v -390.108 6.03094 29.8821 
v -390.108 5.95208 29.8821 
v -390.039 5.95208 29.8821 
v -390.039 6.03094 29.8821 
v -389.946 5.95208 29.8821 
v -390.039 6.09335 29.8513 
v -390.108 6.09335 29.8513 
v -389.946 6.03094 29.8821 
v -389.877 5.95208 29.8821 
v -389.877 6.03094 29.8821 
v -389.877 6.09335 29.8513 
v -389.946 6.09335 29.8513 
v -389.897 5.33897 28.5777 
v -389.833 5.41798 28.6611 
v -390.153 5.41798 28.6611 
v -389.833 5.48728 28.6611 
v -390.153 5.48728 28.6611 
v -390.153 5.57338 28.702 
v -389.833 5.57338 28.702 
v -390.153 5.48728 28.6611 
v -389.833 5.48728 28.6611 
v -389.833 5.81933 28.625 
v -389.833 5.95945 28.625 
v -389.833 5.72336 28.7349 
v -390.153 5.72336 28.7349 
v -390.153 5.81933 28.625 
v -390.153 5.95945 28.625 
v -389.833 5.81933 28.625 
v -390.153 5.81933 28.625 
v -390.153 5.89013 28.625 
v -389.833 5.89013 28.625 
v -389.833 5.95945 28.625 
v -390.153 5.95945 28.625 
v -390.049 5.95488 28.2862 
v -389.986 6.07177 28.2194 
v -390 6.07177 28.2194 
v -389.936 5.95488 28.2862 
v -389.936 5.95488 28.0664 
v -389.833 5.67286 30.0206 
v -390.153 5.67286 30.0206 
v -390.153 5.59274 30.0103 
v -389.833 5.59274 30.0103 
v -390.153 5.95945 27.9943 
v -389.833 5.59274 27.9428 
v -390.153 5.59274 27.9428 
v -389.833 5.57338 28.0059 
v -390.153 5.57338 28.0059 
v -389.833 5.41798 28.0059 
v -390.153 5.41798 28.0059 
v -389.897 5.33897 28.0893 
v -390.089 5.33897 28.0893 
v -389.897 5.33897 28.5777 
v -390.089 5.33897 28.5777 
v -389.833 5.41798 28.6611 
v -390.153 5.41798 28.6611 
v -390.153 5.59274 30.0103 
v -390.153 5.59274 28.7651 
v -389.833 5.59274 28.7651 
v -389.833 5.59274 30.0103 
v -390.153 5.57338 28.702 
v -389.833 5.57338 28.702 
v -389.833 5.72336 28.7349 
v -389.833 5.72336 29.5551 
v -390.153 5.72336 28.7349 
v -390.049 5.95488 28.2862 
v -390.049 5.95488 28.2862 
v -390.049 5.95488 28.0664 
v -389.936 5.95488 28.0664 
v -389.936 5.95488 28.2862 
v -389.936 5.95488 28.0664 
v -390.153 5.89013 29.941 
v -390.153 5.67286 30.0206 
v -390.153 5.59274 30.0103 
v -390.108 6.03094 29.8821 
v -390.039 6.03094 29.8821 
v -390.153 5.89013 27.9428 
v -390.153 5.95945 27.9943 
v -390.153 5.59274 27.9428 
v -390.153 5.41798 28.0059 
v -389.897 5.33897 28.0893 
v -390.089 5.33897 28.0893 
v -389.897 5.33897 28.5777 
v -390.153 5.41798 28.6611 
v -389.986 6.07177 28.2194 
v -390.039 6.03094 29.7097 
v -390.153 5.57338 28.702 
v -390.039 6.08038 29.7404 
v -389.833 5.95945 28.625 
v -389.833 5.72336 28.7349 
v -389.833 5.72336 28.965 
v -389.833 5.72336 29.5551 
v -389.833 5.81933 29.665 
v -390.153 5.95945 29.905 
v -390.153 5.95945 29.665 
v -390.153 5.89013 29.665 
v -390.153 5.89013 29.941 
v -390.153 5.81933 29.665 
v -390.153 5.67286 30.0206 
v -390.153 5.72336 29.5551 
v -390.153 5.67286 28.7651 
v -390.153 5.59274 30.0103 
v -390.153 5.72336 28.965 
v -390.153 5.72336 28.7349 
v -390.153 5.59274 28.7651 
v -390.153 5.81933 28.625 
v -390.153 5.67286 27.9428 
v -390.153 5.59274 27.9428 
v -390.153 5.89013 27.9428 
v -390.153 5.57338 28.702 
v -390.153 5.89013 28.625 
v -390.153 5.95945 27.9943 
v -390.153 5.95945 28.625 
v -390.153 5.57338 28.0059 
v -390.153 5.48728 28.6611 
v -390.153 5.48728 28.0059 
v -390.153 5.41798 28.0059 
v -390.153 5.41798 28.6611 
v -390.089 5.33897 28.0893 
v -390.089 5.33897 28.5777 
v -390.108 6.03094 29.7097 
v -390.108 5.95208 29.8821 
v -390.108 6.03094 29.8821 
v -390.108 5.95208 29.7097 
v -390.108 6.08038 29.7404 
v -390.108 6.09335 29.8513 
v -390.049 5.95488 28.0664 
v -390 6.07177 28.2194 
v -390 6.07177 28.101 
v -390.049 5.95488 28.2862 
v -389.946 6.03094 29.8821 
v -389.946 6.08038 29.7404 
v -389.946 6.03094 29.7097 
v -389.946 6.09335 29.8513 

vn 0 0.283465 -0.96063 
vn 0 0.283465 -0.96063 
vn 0 0.283465 -0.96063 
vn 0 0.283465 -0.96063 
vn 0 0.228346 0.976378 
vn 0 0.440945 0.897638 
vn 0 0.598425 -0.80315 
vn 0 0.314961 -0.952756 
vn 0 0.598425 -0.80315 
vn 0 0.314961 -0.952756 
vn 0 0 -1 
vn 0 0 -1 
vn 0 -0.598425 -0.80315 
vn 0 -0.598425 -0.80315 
vn 0 -0.598425 -0.80315 
vn 0 -0.598425 -0.80315 
vn 0 0 -1 
vn 0 0 -1 
vn 0 -0.314961 -0.944882 
vn 0 -0.314961 -0.944882 
vn 0 -0.905512 -0.425197 
vn 0 1 0 
vn 0 0.992126 -0.11811 
vn 1 0 0 
vn 1 0 0 
vn 1 0 0 
vn -1 0 0 
vn -1 0 0 
vn 0 0 -1 
vn 0 0 -1 
vn 0 0.417323 -0.913386 
vn 0 0 -1 
vn 0 0 -1 
vn 0 0.417323 -0.913386 
vn 0 0.181102 -0.984252 
vn 0 0.275591 -0.96063 
vn 0 0 -1 
vn 0 0 -1 
vn 0 0 -1 
vn 0 0.527559 -0.850394 
vn 0 0.527559 -0.850394 
vn 0 0.181102 -0.984252 
vn 0 0 -1 
vn 0 0.275591 -0.96063 
vn 0 0.527559 -0.850394 
vn 0 0.527559 -0.850394 
vn 0 0.283465 -0.96063 
vn 0 0.110236 0.992126 
vn 0 0.110236 0.992126 
vn 0 -0.125984 0.992126 
vn 0 0.228346 0.976378 
vn 0 0.149606 0.992126 
vn 0 0.440945 0.897638 
vn 0 0.314961 -0.952756 
vn 0 0.598425 -0.80315 
vn 0 0.314961 -0.952756 
vn 0 -0.905512 0.425197 
vn 0 1 0 
vn 0 1 0 
vn 0 1 0 
vn 0 1 0 
vn 0 1 0 
vn 0 1 0 
vn 0 1 0 
vn 0 1 0 
vn 0 0.992126 -0.11811 
vn 0 0.992126 -0.11811 
vn 0 0.992126 -0.11811 
vn 0 0.992126 -0.11811 
vn 0 0.992126 -0.11811 
vn 0 0.992126 -0.11811 
vn 0 0.992126 -0.11811 
vn 0 0.992126 -0.11811 
vn 1 0 0 
vn 1 0 0 
vn 1 0 0 
vn 1 0 0 
vn 1 0 0 
vn 1 0 0 
vn 1 0 0 
vn -1 0 0 
vn -1 0 0 
vn -1 0 0 
vn -1 0 0 
vn -1 0 0 
vn -1 0 0 
vn 0 1 0 
vn 0 1 0 
vn 0 1 0 
vn 0 1 0 
vn 0 1 0 
vn 0 1 0 
vn 0 1 0 
vn 0 1 0 
vn 0 0.417323 -0.913386 
vn 0 0.417323 -0.913386 
vn 0 0.937008 -0.354331 
vn 0 0.937008 -0.354331 
vn 0 1 0 
vn 0 1 0 
vn 0 0.937008 0.354331 
vn 0 0.937008 0.354331 
vn 0 0.417323 0.913386 
vn 0 0.417323 0.913386 
vn 0 0.283465 -0.96063 
vn 0 0.401575 0.913386 
vn 0 0.110236 0.992126 
vn 0 -0.125984 0.992126 
vn 0 -0.125984 0.992126 
vn 0 0.440945 0.897638 
vn 0 0.440945 0.897638 
vn 0 0.314961 -0.952756 
vn 0 -0.598425 -0.80315 
vn 0 -0.314961 -0.944882 
vn 0 -0.905512 -0.425197 
vn 0 -0.905512 0.425197 
vn 0 -0.314961 0.944882 
vn 0 1 0 
vn 0 -0.755906 0.653543 
vn 0 -0.755906 0.653543 
vn 0 0.992126 -0.11811 
vn 0 0.992126 -0.11811 
vn 1 0 0 
vn 1 0 0 
vn 1 0 0 
vn 1 0 0 
vn 1 0 0 
vn 1 0 0 
vn 1 0 0 
vn 1 0 0 
vn 1 0 0 
vn 1 0 0 
vn 1 0 0 
vn 1 0 0 
vn 1 0 0 
vn 1 0 0 
vn 1 0 0 
vn 1 0 0 
vn 1 0 0 
vn 1 0 0 
vn 1 0 0 
vn 1 0 0 
vn 1 0 0 
vn 1 0 0 
vn 1 0 0 
vn 0.968504 -0.23622 0 
vn 0.968504 -0.23622 0 
vn 0.779528 -0.629921 0 
vn 0.779528 -0.629921 0 
vn -1 0 0 
vn -1 0 0 
vn -1 0 0 
vn -1 0 0 
vn 1 0 0 
vn 1 0 0 
vn 1 0 0 
vn 1 0 0 
vn 1 0 0 
vn 1 0 0 
vn 0.92126 0.393701 0 
vn 0.92126 0.393701 0 
vn 0.92126 0.393701 0 
vn 0.92126 0.393701 0 
vn -0.92126 0.393701 0 
vn 1 0 0 
vn 1 0 0 
vn 1 0 0 
vn 1 0 0 
vn 0 0.401575 0.913386 
vn 0 0.401575 0.913386 
vn 0 0.464567 0.889764 
vn 0 0.464567 0.889764 
vn 0 0.110236 0.992126 
vn 0 0.110236 0.992126 
vn 0 -0.125984 0.992126 
vn 0 -0.125984 0.992126 
vn 0 0.228346 0.976378 
vn 0 0 1 
vn 0 0 1 
vn 0 0.149606 0.992126 
vn 0 0 1 
vn 0 0.440945 0.897638 
vn 0 0.440945 0.897638 
vn 0 0.149606 0.992126 
vn 0 0 1 
vn 0 0.228346 0.976378 
vn 0 0.440945 0.897638 
vn 0 0.440945 0.897638 
vn 0 -0.905512 0.425197 
vn 0 -0.314961 0.944882 
vn 0 -0.314961 0.944882 
vn 0 0 1 
vn 0 0 1 
vn 0 -0.755906 0.653543 
vn 0 -0.755906 0.653543 
vn 0 -0.433071 0.905512 
vn 0 -0.433071 0.905512 
vn 1 0 0 
vn 1 0 0 
vn 1 0 0 
vn -1 0 0 
vn -1 0 0 
vn -1 0 0 
vn 0 0.417323 0.913386 
vn 0 0.417323 0.913386 
vn 0 0 1 
vn 0 0 1 
vn 0 0 1 
vn 0 0 1 
vn 0 0.496063 0.866142 
vn 0 0.496063 0.866142 
vn 0 0.496063 0.866142 
vn 0 0.496063 0.866142 
vn 0 0.283465 -0.96063 
vn 0 0.110236 0.992126 
vn 0 0.110236 0.992126 
vn 0 -0.125984 0.992126 
vn 0 -0.125984 0.992126 
vn 0 0.598425 -0.80315 
vn 0 -0.598425 -0.80315 
vn 0 -0.598425 -0.80315 
vn 0 -0.598425 -0.80315 
vn 0 -0.598425 -0.80315 
vn 0 -0.314961 -0.944882 
vn 0 -0.314961 -0.944882 
vn 0 -0.905512 -0.425197 
vn 0 -0.905512 -0.425197 
vn 0 -0.905512 0.425197 
vn 0 -0.905512 0.425197 
vn 0 -0.314961 0.944882 
vn 0 -0.314961 0.944882 
vn 0 -1 0 
vn 0 -0.992126 0.149606 
vn 0 -0.992126 0.149606 
vn 0 -1 0 
vn 0 -0.755906 0.653543 
vn 0 -0.755906 0.653543 
vn 1 0 0 
vn 1 0 0 
vn -1 0 0 
vn -0.92126 0.393701 0 
vn 0 -1 0 
vn 0 -1 0 
vn 0 -1 0 
vn 0 -1 0 
vn 0 0.283465 -0.96063 
vn 0 0.401575 0.913386 
vn 0 0.110236 0.992126 
vn 0 -0.125984 0.992126 
vn 0 0.228346 0.976378 
vn 0 0.149606 0.992126 
vn 0 0.314961 -0.952756 
vn 0 0.598425 -0.80315 
vn 0 -0.598425 -0.80315 
vn 0 -0.314961 -0.944882 
vn 0 -0.905512 -0.425197 
vn 0 -0.905512 -0.425197 
vn 0 -0.905512 0.425197 
vn 0 -0.314961 0.944882 
vn 0 1 0 
vn 0 1 0 
vn 0 -0.755906 0.653543 
vn 0 0.992126 -0.11811 
vn 1 0 0 
vn 1 0 0 
vn 1 0 0 
vn 1 0 0 
vn 1 0 0 
vn -1 0 0 
vn -1 0 0 
vn -1 0 0 
vn -1 0 0 
vn -1 0 0 
vn -1 0 0 
vn -1 0 0 
vn -1 0 0 
vn -1 0 0 
vn -1 0 0 
vn -1 0 0 
vn -1 0 0 
vn -1 0 0 
vn -1 0 0 
vn -1 0 0 
vn -1 0 0 
vn -1 0 0 
vn -1 0 0 
vn -1 0 0 
vn -1 0 0 
vn -1 0 0 
vn -1 0 0 
vn -1 0 0 
vn -0.968504 -0.23622 0 
vn -0.968504 -0.23622 0 
vn -0.779528 -0.629921 0 
vn -0.779528 -0.629921 0 
vn -1 0 0 
vn -1 0 0 
vn -1 0 0 
vn -1 0 0 
vn -1 0 0 
vn -1 0 0 
vn -0.92126 0.393701 0 
vn -0.92126 0.393701 0 
vn -0.92126 0.393701 0 
vn -0.92126 0.393701 0 
vn -1 0 0 
vn -1 0 0 
vn -1 0 0 
vn -1 0 0 

vt 53.9991 -40.9555 
vt 54.0071 -40.9702 
vt 54.0009 -40.9555 
vt 53.9929 -40.9702 
vt 54.0144 -40.9607 
vt 53.9942 -40.9529 
vt 53.98 -40.9696 
vt 54.02 -40.9783 
vt 54.02 -40.9696 
vt 53.98 -40.9783 
vt 54.02 -41.0054 
vt 53.98 -41.0054 
vt 53.98 -41.0154 
vt 54.02 -41.0154 
vt 53.98 -41.0178 
vt 54.02 -41.0178 
vt 53.98 -41.0286 
vt 54.02 -41.0286 
vt 53.98 -41.0373 
vt 54.02 -41.0373 
vt 54.012 -41.0471 
vt 54.0058 -40.9607 
vt 53.9856 -40.9545 
vt 53.98 -40.9991 
vt 53.98 -40.9871 
vt 53.98 -40.9696 
vt 54.02 -40.9696 
vt 54.02 -40.9871 
vt 54.02 -40.9783 
vt 53.98 -40.9783 
vt 54.02 -40.9871 
vt 53.98 -40.9696 
vt 54.02 -40.9696 
vt 53.98 -40.9871 
vt 53.9942 -40.9607 
vt 53.9856 -40.9607 
vt 53.9942 -40.9705 
vt 53.9856 -40.9705 
vt 54.0058 -40.9705 
vt 53.9942 -40.9545 
vt 53.9856 -40.9545 
vt 54.0058 -40.9607 
vt 54.0144 -40.9705 
vt 54.0144 -40.9607 
vt 54.0144 -40.9545 
vt 54.0058 -40.9545 
vt 53.8856 -40.9929 
vt 54.1299 -40.98 
vt 54.1299 -41.02 
vt 54.1286 -41.02 
vt 54.1126 -41.0144 
vt 54.1126 -41.0058 
vt 54.1087 -40.9856 
vt 53.8701 -41.02 
vt 53.8766 -41.02 
vt 53.8701 -40.98 
vt 53.9495 -40.988 
vt 53.8899 -41.0009 
vt 53.9047 -41.0009 
vt 53.9047 -40.9991 
vt 53.8899 -40.9991 
vt 54.091 -41.0058 
vt 54.1126 -41.0058 
vt 54.1126 -40.9942 
vt 54.091 -40.9942 
vt 54.1087 -40.9942 
vt 54.1087 -40.9856 
vt 54.0948 -40.9942 
vt 54.0948 -40.9856 
vt 54.1087 -41.0144 
vt 54.1087 -41.0058 
vt 54.0948 -41.0144 
vt 54.0948 -41.0058 
vt 53.9554 -40.98 
vt 53.9554 -40.98 
vt 53.9692 -40.98 
vt 53.9979 -40.98 
vt 54.0717 -40.98 
vt 54.0854 -40.98 
vt 54.0854 -40.98 
vt 54.0854 -41.02 
vt 54.0854 -41.02 
vt 53.9979 -41.02 
vt 53.9692 -41.02 
vt 53.9554 -41.02 
vt 53.9554 -41.02 
vt 54.0854 -41.02 
vt 54.1154 -41.02 
vt 54.0854 -40.98 
vt 54.1154 -40.98 
vt 53.9554 -41.02 
vt 53.8766 -40.98 
vt 53.8766 -41.02 
vt 53.9554 -40.98 
vt 54.0854 -41.02 
vt 54.0854 -40.98 
vt 54.0717 -40.98 
vt 54.0717 -41.02 
vt 53.9979 -41.02 
vt 53.9979 -40.98 
vt 53.9692 -41.02 
vt 53.9692 -40.98 
vt 53.9554 -40.98 
vt 53.9554 -41.02 
vt 54.1144 -40.9702 
vt 53.8801 -40.9783 
vt 53.8701 -41.0054 
vt 53.8714 -41.0154 
vt 53.8714 -41.0154 
vt 53.8913 -40.9529 
vt 53.8913 -40.9529 
vt 54.1299 -40.9783 
vt 54.1299 -41.0154 
vt 54.122 -41.0373 
vt 54.1116 -41.0471 
vt 54.0505 -41.0471 
vt 54.0401 -41.0373 
vt 54.0953 -40.9555 
vt 54.035 -41.0178 
vt 54.035 -41.0178 
vt 53.9052 -40.9545 
vt 53.9052 -40.9545 
vt 54.0446 -40.9871 
vt 54.0271 -41.0054 
vt 54.1299 -41.0054 
vt 54.1299 -40.9783 
vt 54.0446 -40.9783 
vt 54.1234 -40.9696 
vt 54.0446 -40.9696 
vt 54.0308 -40.9991 
vt 54.0021 -40.9991 
vt 53.9283 -40.9991 
vt 54.1299 -41.0154 
vt 53.8701 -41.0054 
vt 53.9146 -40.9871 
vt 53.8714 -41.0154 
vt 53.8801 -40.9783 
vt 54.0271 -41.0154 
vt 53.9146 -40.9783 
vt 53.8846 -40.9696 
vt 53.9146 -40.9696 
vt 54.035 -41.0178 
vt 54.122 -41.0178 
vt 54.0401 -41.0286 
vt 54.122 -41.0286 
vt 54.0401 -41.0373 
vt 54.122 -41.0373 
vt 54.1116 -41.0471 
vt 54.0505 -41.0471 
vt 53.9146 -40.9871 
vt 54.0021 -40.9991 
vt 54.0308 -40.9991 
vt 54.0446 -40.9783 
vt 53.909 -40.9607 
vt 53.8874 -40.9607 
vt 53.909 -40.9705 
vt 53.8874 -40.9705 
vt 53.9052 -40.9545 
vt 53.8913 -40.9529 
vt 54.0869 -40.9702 
vt 54.1144 -40.9702 
vt 54.0953 -40.9555 
vt 54.1101 -40.9555 
vt 54.0869 -40.9702 
vt 53.8874 -40.9607 
vt 53.909 -40.9607 
vt 53.9052 -40.9545 
vt 53.8913 -40.9529 
vt 53.98 -40.9783 
vt 54.02 -40.9783 
vt 53.98 -40.9696 
vt 54.02 -40.9696 
vt 54.02 -41.0054 
vt 53.98 -41.0054 
vt 53.98 -41.0154 
vt 54.02 -41.0154 
vt 53.9856 -40.9607 
vt 53.9856 -40.9705 
vt 53.9942 -40.9705 
vt 53.9942 -40.9607 
vt 54.0058 -40.9705 
vt 53.9942 -40.9529 
vt 53.9856 -40.9529 
vt 54.0058 -40.9607 
vt 54.0144 -40.9705 
vt 54.0144 -40.9607 
vt 54.0144 -40.9529 
vt 54.0058 -40.9529 
vt 54.012 -41.0471 
vt 54.02 -41.0373 
vt 53.98 -41.0373 
vt 54.02 -41.0286 
vt 53.98 -41.0286 
vt 53.98 -41.0178 
vt 54.02 -41.0178 
vt 53.98 -41.0286 
vt 54.02 -41.0286 
vt 54.02 -40.9871 
vt 54.02 -40.9696 
vt 54.02 -40.9991 
vt 53.98 -40.9991 
vt 53.98 -40.9871 
vt 53.98 -40.9696 
vt 54.02 -40.9871 
vt 53.98 -40.9871 
vt 53.98 -40.9783 
vt 54.02 -40.9783 
vt 54.02 -40.9696 
vt 53.98 -40.9696 
vt 53.9929 -40.9702 
vt 54.0009 -40.9555 
vt 53.9991 -40.9555 
vt 54.0071 -40.9702 
vt 54.1144 -40.9929 
vt 53.8701 -40.98 
vt 53.8701 -41.02 
vt 53.8714 -41.02 
vt 53.8714 -40.98 
vt 54.1234 -41.02 
vt 54.1299 -40.98 
vt 54.1299 -41.02 
vt 54.122 -40.98 
vt 54.122 -41.02 
vt 54.122 -40.98 
vt 54.122 -41.02 
vt 54.1116 -40.988 
vt 54.1116 -41.012 
vt 54.0505 -40.988 
vt 54.0505 -41.012 
vt 54.0401 -40.98 
vt 54.0401 -41.02 
vt 53.8714 -41.02 
vt 54.0271 -41.02 
vt 54.0271 -40.98 
vt 53.8714 -40.98 
vt 54.035 -41.02 
vt 54.035 -40.98 
vt 54.0308 -40.98 
vt 53.9283 -40.98 
vt 54.0308 -41.02 
vt 54.0869 -41.0071 
vt 54.0869 -41.0071 
vt 54.1144 -41.0071 
vt 54.1144 -40.9929 
vt 54.0869 -40.9929 
vt 53.8856 -40.9702 
vt 54.1199 -40.9783 
vt 54.1299 -41.0054 
vt 54.1286 -41.0154 
vt 54.1126 -40.9607 
vt 54.1126 -40.9607 
vt 53.8701 -40.9783 
vt 53.8766 -40.9696 
vt 53.8701 -41.0154 
vt 53.878 -41.0373 
vt 53.8884 -41.0471 
vt 53.8884 -41.0471 
vt 53.9495 -41.0471 
vt 53.9599 -41.0373 
vt 53.9047 -40.9555 
vt 54.091 -40.9607 
vt 53.965 -41.0178 
vt 54.0948 -40.9545 
vt 53.9554 -40.9696 
vt 53.9692 -40.9991 
vt 53.9979 -40.9991 
vt 54.0717 -40.9991 
vt 54.0854 -40.9871 
vt 54.1154 -40.9696 
vt 54.0854 -40.9696 
vt 54.0854 -40.9783 
vt 54.1199 -40.9783 
vt 54.0854 -40.9871 
vt 54.1299 -41.0054 
vt 54.0717 -40.9991 
vt 53.9729 -41.0054 
vt 54.1286 -41.0154 
vt 53.9979 -40.9991 
vt 53.9692 -40.9991 
vt 53.9729 -41.0154 
vt 53.9554 -40.9871 
vt 53.8701 -41.0054 
vt 53.8701 -41.0154 
vt 53.8701 -40.9783 
vt 53.965 -41.0178 
vt 53.9554 -40.9783 
vt 53.8766 -40.9696 
vt 53.9554 -40.9696 
vt 53.878 -41.0178 
vt 53.9599 -41.0286 
vt 53.878 -41.0286 
vt 53.878 -41.0373 
vt 53.9599 -41.0373 
vt 53.8884 -41.0471 
vt 53.9495 -41.0471 
vt 54.091 -40.9607 
vt 54.1126 -40.9705 
vt 54.1126 -40.9607 
vt 54.091 -40.9705 
vt 54.0948 -40.9545 
vt 54.1087 -40.9529 
vt 53.8856 -40.9702 
vt 53.9047 -40.9555 
vt 53.8899 -40.9555 
vt 53.9131 -40.9702 
vt 54.1126 -40.9607 
vt 54.0948 -40.9545 
vt 54.091 -40.9607 
vt 54.1087 -40.9529 

usemtl Meshpart2Mtl

f 76/76/76 77/77/77 78/78/78 
f 77/77/77 76/76/76 79/79/79 
f 82/82/82 83/83/83 84/84/84 
f 83/83/83 82/82/82 85/85/85 
f 85/85/85 86/86/86 83/83/83 
f 86/86/86 85/85/85 87/87/87 
f 86/86/86 87/87/87 88/88/88 
f 88/88/88 89/89/89 86/86/86 
f 91/91/91 90/90/90 92/92/92 
f 92/92/92 93/93/93 91/91/91 
f 93/93/93 92/92/92 94/94/94 
f 94/94/94 95/95/95 93/93/93 
f 104/104/104 105/105/105 106/106/106 
f 105/105/105 104/104/104 107/107/107 
f 108/108/108 107/107/107 104/104/104 
f 106/106/106 105/105/105 109/109/109 
f 110/110/110 111/111/111 112/112/112 
f 112/112/112 111/111/111 113/113/113 
f 114/114/114 110/110/110 112/112/112 
f 115/115/115 111/111/111 110/110/110 
f 111/111/111 115/115/115 116/116/116 
f 110/110/110 114/114/114 117/117/117 
f 118/118/118 117/117/117 114/114/114 
f 119/119/119 117/117/117 118/118/118 
f 120/120/120 117/117/117 119/119/119 
f 117/117/117 120/120/120 121/121/121 
f 133/133/133 134/134/134 135/135/135 
f 133/133/133 135/135/135 136/136/136 
f 137/137/137 138/138/138 139/139/139 
f 137/137/137 139/139/139 140/140/140 
f 141/141/141 142/142/142 143/143/143 
f 143/143/143 142/142/142 144/144/144 
f 145/145/145 146/146/146 147/147/147 
f 147/147/147 146/146/146 148/148/148 
f 162/162/162 163/163/163 164/164/164 
f 163/163/163 165/165/165 164/164/164 
f 166/166/166 167/167/167 168/168/168 
f 167/167/167 166/166/166 169/169/169 
f 172/172/172 170/170/170 171/171/171 
f 170/170/170 172/172/172 173/173/173 
f 174/174/174 173/173/173 172/172/172 
f 175/175/175 174/174/174 172/172/172 
f 174/174/174 175/175/175 176/176/176 
f 176/176/176 175/175/175 177/177/177 
f 176/176/176 177/177/177 178/178/178 
f 178/178/178 179/179/179 176/176/176 
f 198/198/198 199/199/199 200/200/200 
f 201/201/201 198/198/198 200/200/200 
f 198/198/198 201/201/201 202/202/202 
f 203/203/203 202/202/202 201/201/201 
f 202/202/202 203/203/203 204/204/204 
f 199/199/199 198/198/198 205/205/205 
f 205/205/205 206/206/206 199/199/199 
f 207/207/207 199/199/199 206/206/206 
f 199/199/199 208/208/208 200/200/200 
f 199/199/199 207/207/207 209/209/209 
f 209/209/209 207/207/207 210/210/210 
f 211/211/211 199/199/199 209/209/209 
f 210/210/210 212/212/212 209/209/209 
f 211/211/211 213/213/213 199/199/199 
f 208/208/208 199/199/199 213/213/213 
f 212/212/212 210/210/210 214/214/214 
f 214/214/214 215/215/215 212/212/212 
f 215/215/215 214/214/214 216/216/216 
f 208/208/208 213/213/213 217/217/217 
f 208/208/208 217/217/217 218/218/218 
f 218/218/218 217/217/217 219/219/219 
f 219/219/219 220/220/220 218/218/218 
f 221/221/221 220/220/220 219/219/219 
f 221/221/221 222/222/222 220/220/220 
f 221/221/221 223/223/223 222/222/222 
f 223/223/223 221/221/221 224/224/224 
f 229/229/229 230/230/230 231/231/231 
f 232/232/232 231/231/231 230/230/230 
f 230/230/230 229/229/229 233/233/233 
f 230/230/230 233/233/233 234/234/234 
f 235/235/235 236/236/236 237/237/237 
f 236/236/236 238/238/238 237/237/237 
f 240/240/240 241/241/241 242/242/242 
f 240/240/240 242/242/242 243/243/243 
f 244/244/244 245/245/245 246/246/246 
f 246/246/246 245/245/245 247/247/247 
f 244/244/244 248/248/248 245/245/245 
f 244/244/244 249/249/249 248/248/248 
f 250/250/250 248/248/248 249/249/249 
f 248/248/248 250/250/250 251/251/251 
f 252/252/252 253/253/253 254/254/254 
f 252/252/252 254/254/254 255/255/255 
f 255/255/255 254/254/254 256/256/256 
f 252/252/252 255/255/255 257/257/257 
f 258/258/258 252/252/252 257/257/257 
f 255/255/255 256/256/256 259/259/259 
f 259/259/259 256/256/256 260/260/260 
f 259/259/259 260/260/260 261/261/261 
f 259/259/259 261/261/261 262/262/262 
f 263/263/263 259/259/259 262/262/262 
f 267/267/267 266/266/266 265/265/265 
f 266/266/266 267/267/267 268/268/268 
f 271/271/271 270/270/270 269/269/269 
f 270/270/270 271/271/271 272/272/272 
f 279/279/279 281/281/281 280/280/280 
f 281/281/281 279/279/279 282/282/282 
f 283/283/283 281/281/281 282/282/282 
f 281/281/281 283/283/283 284/284/284 
f 285/285/285 286/286/286 287/287/287 
f 286/286/286 285/285/285 288/288/288 
f 296/296/296 295/295/295 297/297/297 
f 297/297/297 298/298/298 296/296/296 
f 300/300/300 299/299/299 301/301/301 
f 301/301/301 302/302/302 300/300/300 
f 303/303/303 302/302/302 301/301/301 
f 302/302/302 303/303/303 304/304/304 
f 305/305/305 304/304/304 303/303/303 
f 304/304/304 305/305/305 306/306/306 
f 307/307/307 308/308/308 309/309/309 
f 307/307/307 309/309/309 310/310/310 
f 311/311/311 309/309/309 308/308/308 
f 309/309/309 311/311/311 312/312/312 
f 317/317/317 318/318/318 319/319/319 
f 317/317/317 319/319/319 320/320/320 
f 344/344/344 345/345/345 346/346/346 
f 346/346/346 347/347/347 344/344/344 
f 348/348/348 347/347/347 346/346/346 
f 348/348/348 349/349/349 347/347/347 
f 349/349/349 348/348/348 350/350/350 
f 351/351/351 349/349/349 350/350/350 
f 351/351/351 352/352/352 349/349/349 
f 351/351/351 350/350/350 353/353/353 
f 351/351/351 353/353/353 354/354/354 
f 352/352/352 351/351/351 355/355/355 
f 356/356/356 351/351/351 354/354/354 
f 357/357/357 355/355/355 351/351/351 
f 351/351/351 356/356/356 357/357/357 
f 355/355/355 357/357/357 358/358/358 
f 356/356/356 359/359/359 357/357/357 
f 358/358/358 360/360/360 355/355/355 
f 359/359/359 356/356/356 361/361/361 
f 359/359/359 361/361/361 362/362/362 
f 363/363/363 362/362/362 361/361/361 
f 360/360/360 358/358/358 364/364/364 
f 364/364/364 365/365/365 360/360/360 
f 365/365/365 364/364/364 366/366/366 
f 365/365/365 366/366/366 367/367/367 
f 365/365/365 367/367/367 368/368/368 
f 368/368/368 367/367/367 369/369/369 
f 368/368/368 369/369/369 370/370/370 
f 371/371/371 372/372/372 373/373/373 
f 372/372/372 371/371/371 374/374/374 
f 373/373/373 375/375/375 371/371/371 
f 375/375/375 373/373/373 376/376/376 
f 377/377/377 378/378/378 379/379/379 
f 378/378/378 377/377/377 380/380/380 
f 381/381/381 382/382/382 383/383/383 
f 382/382/382 381/381/381 384/384/384 

g Meshpart3

v -390.162 5.57142 28.0018 
v -389.824 5.57142 28.0018 
v -390.162 5.50751 28.0018 
v -389.824 5.50751 28.0018 
v -390.051 6.05804 29.7685 
v -390.118 6.05804 29.7685 
v -390.118 6.07308 29.8048 
v -390.051 6.02172 29.7534 
v -390.118 6.02172 29.7534 
v -390.051 5.9854 29.7685 
v -390.118 5.9854 29.7685 
v -390.118 5.97035 29.8048 
v -390.118 5.9854 29.8411 
v -389.824 5.50751 28.2713 
v -389.934 6.07308 29.8048 
v -389.867 6.05804 29.7685 
v -389.934 6.05804 29.7685 
v -389.867 6.02172 29.7534 
v -389.934 6.02172 29.7534 
v -389.867 5.9854 29.7685 
v -389.867 5.9854 29.8411 
v -389.934 5.9854 29.7685 
v -389.934 5.97035 29.8048 
v -390.172 5.97054 29.665 
v -389.813 5.97054 29.665 
v -389.795 5.37858 28.3962 
v -389.795 5.53946 28.2354 
v -389.824 5.61487 28.4717 
v -389.795 5.6191 28.4759 
v -389.795 5.53946 28.5089 
v -389.824 5.53946 28.5029 
v -389.824 5.46406 28.4717 
v -389.795 5.45983 28.4759 
v -390.161 5.46406 28.4717 
v -390.19 5.45983 28.4759 
v -390.19 5.53946 28.5089 
v -390.161 5.53946 28.5029 
v -390.161 5.61487 28.4717 
v -390.19 5.6191 28.4759 
v -390.172 5.93566 28.6605 
v -390.172 5.81935 29.665 
v -390.172 5.72338 28.735 
v -389.813 5.93566 28.6605 
v -389.813 5.81935 29.665 
v -389.813 5.72338 28.735 
v -390.158 5.7065 29.9024 
v -389.828 5.7065 29.9024 
v -389.843 5.93566 29.6296 
v -389.813 5.93566 29.6296 
v -389.813 5.83732 29.6296 
v -389.844 5.76326 29.5402 
v -389.844 5.83732 29.6296 
v -389.813 5.76326 29.5402 
v -390.172 5.83732 29.6296 
v -390.172 5.93566 29.6296 
v -390.142 5.93566 29.6296 
v -390.141 5.83732 29.6296 
v -390.172 5.76326 29.5402 
v -390.141 5.76326 29.5402 
v -389.843 5.93566 29.6296 
v -390.141 5.83732 29.6296 
v -389.844 5.83732 29.6296 
v -389.844 5.76326 29.5402 
v -390.141 5.76326 29.5402 
v -389.795 5.70035 28.3962 
v -390.19 5.70035 28.3962 
v -389.795 5.65323 28.2825 
v -390.19 5.65323 28.2825 
v -389.795 5.53946 28.2354 
v -390.19 5.53946 28.2354 
v -389.795 5.4257 28.2825 
v -390.19 5.4257 28.2825 
v -390.19 5.37858 28.3962 
v -389.795 5.37858 28.3962 
v -389.813 5.72338 28.735 
v -390.172 5.72338 28.735 
v -390.172 5.81935 28.625 
v -389.813 5.81935 28.625 
v -389.813 5.97054 28.625 
v -390.172 5.97054 28.625 
v -390.142 5.97054 29.6332 
v -389.843 5.93566 29.6296 
v -390.142 5.93566 29.6296 
v -389.843 5.97054 29.6332 
v -390.158 5.92157 29.6955 
v -389.828 5.92157 29.6955 
v -390.158 5.7065 29.7882 
v -389.828 5.7065 29.7882 
v -390.158 5.92157 29.8097 
v -389.828 5.92157 29.8097 
v -390.158 5.7065 29.9024 
v -389.828 5.7065 29.9024 
v -390.162 5.50751 28.0018 
v -390.051 6.05804 29.7685 
v -390.118 6.05804 29.7685 
v -390.118 6.07308 29.8048 
v -390.051 6.07308 29.8048 
v -390.118 6.05804 29.8411 
v -390.051 6.05804 29.8411 
v -389.824 5.50751 28.2713 
v -389.867 6.07308 29.8048 
v -389.934 6.07308 29.8048 
v -389.934 6.05804 29.8411 
v -389.867 6.05804 29.7685 
v -389.867 6.05804 29.8411 
v -389.934 6.05804 29.7685 
v -390.172 5.97054 28.625 
v -390.172 5.97054 29.665 
v -390.142 5.97054 28.6569 
v -389.813 5.97054 28.625 
v -390.142 5.97054 29.6332 
v -389.843 5.97054 28.6569 
v -389.843 5.97054 29.6332 
v -389.813 5.97054 29.665 
v -389.795 5.65323 28.51 
v -389.795 5.53946 28.2354 
v -390.19 5.53946 28.2354 
v -390.19 5.65323 28.51 
v -389.824 5.46406 28.4717 
v -389.824 5.46406 28.3208 
v -389.795 5.45983 28.4759 
v -389.795 5.45983 28.3166 
v -389.795 5.42684 28.3962 
v -389.824 5.43283 28.3962 
v -390.161 5.46406 28.4717 
v -390.19 5.42684 28.3962 
v -390.19 5.45983 28.4759 
v -390.161 5.43283 28.3962 
v -390.161 5.46406 28.3208 
v -390.19 5.45983 28.3166 
v -390.172 5.81935 29.665 
v -390.172 5.72338 28.735 
v -389.813 5.81935 29.665 
v -389.813 5.72338 28.735 
v -389.828 5.92157 29.7498 
v -390.158 5.93562 29.7152 
v -390.158 5.92157 29.7498 
v -389.828 5.93562 29.7152 
v -390.158 5.92157 29.6955 
v -389.828 5.92157 29.6955 
v -390.158 5.93562 29.8295 
v -389.828 5.93562 29.8295 
v -390.158 5.92157 29.8097 
v -389.828 5.92157 29.8097 
v -389.828 5.92157 29.8641 
v -390.158 5.92157 29.8641 
v -389.813 5.83732 28.6605 
v -389.844 5.83732 28.6605 
v -389.813 5.76326 28.7499 
v -389.844 5.76326 28.7499 
v -389.813 5.83732 29.6296 
v -389.844 5.76326 29.5402 
v -389.844 5.83732 29.6296 
v -389.813 5.76326 29.5402 
v -390.172 5.83732 29.6296 
v -390.141 5.83732 29.6296 
v -390.172 5.76326 29.5402 
v -390.141 5.76326 29.5402 
v -390.141 5.76326 28.7499 
v -390.172 5.76326 28.7499 
v -390.141 5.83732 28.6605 
v -390.172 5.83732 28.6605 
v -390.141 5.83732 29.6296 
v -389.844 5.83732 29.6296 
v -389.844 5.76326 29.5402 
v -390.141 5.76326 29.5402 
v -389.844 5.76326 28.7499 
v -390.141 5.76326 28.7499 
v -390.141 5.83732 28.6605 
v -389.844 5.83732 28.6605 
v -390.19 5.65323 28.51 
v -389.795 5.70035 28.3962 
v -390.19 5.70035 28.3962 
v -389.795 5.65323 28.2825 
v -389.795 5.65323 28.51 
v -390.19 5.65323 28.2825 
v -390.162 5.57142 28.0018 
v -390.162 5.57142 28.2713 
v -389.824 5.57142 28.2713 
v -389.824 5.57142 28.0018 
v -389.813 5.97054 29.665 
v -389.795 5.4257 28.51 
v -389.795 5.53946 28.5089 
v -389.795 5.53946 28.5571 
v -389.795 5.65323 28.51 
v -389.795 5.45983 28.4759 
v -389.795 5.6191 28.4759 
v -389.795 5.37858 28.3962 
v -389.795 5.70035 28.3962 
v -389.795 5.42684 28.3962 
v -389.795 5.65209 28.3962 
v -389.795 5.45983 28.3166 
v -389.795 5.6191 28.3166 
v -389.795 5.4257 28.2825 
v -389.795 5.65323 28.2825 
v -389.795 5.53946 28.2836 
v -389.795 5.53946 28.2354 
v -389.795 5.6191 28.3166 
v -389.824 5.53946 28.5029 
v -389.824 5.53946 28.2896 
v -389.795 5.45983 28.4759 
v -390.19 5.45983 28.4759 
v -390.161 5.43283 28.3962 
v -390.161 5.6461 28.3962 
v -390.19 5.6191 28.3166 
v -389.813 5.97054 29.665 
v -389.813 5.93566 28.6605 
v -389.813 5.97054 28.625 
v -389.813 5.81935 28.625 
v -389.813 5.93566 29.6296 
v -389.813 5.83732 28.6605 
v -389.813 5.81935 29.665 
v -389.813 5.72338 28.735 
v -389.813 5.83732 29.6296 
v -389.813 5.76326 28.7499 
v -389.813 5.72338 29.5551 
v -389.813 5.76326 29.5402 
v -389.823 5.65208 28.3962 
v -389.823 5.6191 28.4759 
v -389.823 5.6191 28.3166 
v -389.823 5.45983 28.3166 
v -389.823 5.53946 28.2836 
v -389.823 5.45983 28.4759 
v -389.823 5.53946 28.5089 
v -389.823 5.42684 28.3962 
v -389.824 5.57142 28.0018 
v -389.824 5.57142 28.2713 
v -389.824 5.50751 28.0018 
v -389.824 5.50751 28.2713 
v -389.828 5.92157 29.7498 
v -389.828 5.92157 29.6955 
v -389.828 5.93562 29.7152 
v -389.828 5.7065 29.7882 
v -389.828 5.7065 29.8425 
v -389.828 5.69097 29.8254 
v -389.828 5.92157 29.8641 
v -389.828 5.92157 29.8097 
v -389.828 5.93562 29.8295 
v -389.828 5.7065 29.9024 
v -389.828 5.7065 29.9567 
v -389.828 5.69097 29.9396 
v -389.867 5.9854 29.7685 
v -389.867 5.9854 29.8411 
v -389.867 5.97035 29.8048 
v -389.867 6.05804 29.7685 
v -389.867 6.02172 29.7534 
v -389.867 6.05804 29.8411 
v -389.867 6.07308 29.8048 
v -389.867 6.02172 29.8562 
v -389.844 5.83732 28.6605 
v -389.813 5.76326 28.7499 
v -389.844 5.76326 29.5402 
v -390.172 5.76326 28.7499 
v -390.142 5.93566 28.6605 
v -390.172 5.93566 29.6296 
v -390.051 5.9854 29.7685 
v -390.051 5.9854 29.8411 
v -390.051 5.97035 29.8048 
v -390.051 6.05804 29.7685 
v -390.051 6.02172 29.7534 
v -390.051 6.05804 29.8411 
v -390.051 6.02172 29.8562 
v -390.051 6.07308 29.8048 
v -390.142 5.93566 29.6296 
v -390.142 5.93566 28.6605 
v -390.142 5.97054 28.6569 
v -390.142 5.97054 29.6332 
v -390.158 5.92157 29.8641 
v -390.158 5.7065 29.9567 
v -389.828 5.7065 29.9567 
v -389.828 5.92157 29.8641 
v -390.158 5.92157 29.7498 
v -390.158 5.7065 29.8425 
v -389.828 5.7065 29.8425 
v -389.828 5.92157 29.7498 
v -390.118 6.07308 29.8048 
v -390.051 6.02172 29.7534 
v -390.118 6.05804 29.8411 
v -390.051 6.05804 29.8411 
v -390.118 6.02172 29.8562 
v -390.051 6.02172 29.8562 
v -390.118 5.97035 29.8048 
v -390.118 5.9854 29.8411 
v -390.051 5.9854 29.8411 
v -389.934 6.07308 29.8048 
v -389.934 6.05804 29.8411 
v -389.867 6.05804 29.8411 
v -389.934 6.02172 29.8562 
v -389.867 6.02172 29.7534 
v -389.867 6.02172 29.8562 
v -389.934 5.9854 29.8411 
v -389.867 5.9854 29.8411 
v -389.934 5.97035 29.8048 
v -390.172 5.97054 29.665 
v -389.813 5.97054 29.665 
v -389.795 5.65323 28.51 
v -389.795 5.37858 28.3962 
v -390.19 5.37858 28.3962 
v -390.19 5.65323 28.51 
v -389.824 5.61487 28.3208 
v -389.795 5.6191 28.3166 
v -389.795 5.53946 28.2836 
v -389.824 5.53946 28.2896 
v -389.824 5.46406 28.3208 
v -389.795 5.45983 28.3166 
v -390.161 5.46406 28.3208 
v -390.19 5.45983 28.3166 
v -390.19 5.53946 28.2836 
v -390.161 5.53946 28.2896 
v -390.161 5.61487 28.3208 
v -390.19 5.6191 28.3166 
v -390.172 5.93566 28.6605 
v -390.172 5.81935 29.665 
v -390.172 5.72338 28.735 
v -389.813 5.93566 28.6605 
v -389.813 5.81935 29.665 
v -389.813 5.72338 28.735 
v -390.158 5.7065 29.9024 
v -389.828 5.7065 29.9024 
v -389.843 5.93566 28.6605 
v -389.813 5.83732 28.6605 
v -389.813 5.93566 28.6605 
v -389.844 5.83732 28.6605 
v -390.141 5.76326 28.7499 
v -390.172 5.76326 28.7499 
v -390.141 5.83732 28.6605 
v -390.172 5.83732 28.6605 
v -390.142 5.93566 28.6605 
v -390.172 5.93566 28.6605 
v -390.141 5.76326 28.7499 
v -390.141 5.83732 28.6605 
v -389.844 5.83732 28.6605 
v -390.142 5.93566 28.6605 
v -389.843 5.93566 28.6605 
v -390.19 5.65323 28.51 
v -389.795 5.70035 28.3962 
v -390.19 5.70035 28.3962 
v -389.795 5.65323 28.51 
v -390.19 5.53946 28.5571 
v -389.795 5.53946 28.5571 
v -390.19 5.4257 28.51 
v -389.795 5.4257 28.51 
v -390.172 5.81935 29.665 
v -389.813 5.81935 29.665 
v -390.172 5.97054 29.665 
v -389.813 5.97054 29.665 
v -390.172 5.72338 29.5551 
v -389.813 5.72338 29.5551 
v -389.843 5.93566 28.6605 
v -390.142 5.97054 28.6569 
v -390.142 5.93566 28.6605 
v -389.843 5.97054 28.6569 
v -390.162 5.50751 28.2713 
v -389.824 5.50751 28.2713 
v -390.162 5.57142 28.2713 
v -389.824 5.57142 28.2713 
v -390.162 5.50751 28.0018 
v -390.051 5.9854 29.7685 
v -390.118 5.9854 29.7685 
v -390.051 5.97035 29.8048 
v -390.118 5.97035 29.8048 
v -390.118 5.9854 29.8411 
v -390.051 5.9854 29.8411 
v -390.162 5.50751 28.2713 
v -390.162 5.50751 28.0018 
v -389.824 5.50751 28.0018 
v -389.824 5.50751 28.2713 
v -389.934 5.9854 29.8411 
v -389.867 5.9854 29.7685 
v -389.867 5.9854 29.8411 
v -389.934 5.9854 29.7685 
v -389.934 5.97035 29.8048 
v -389.867 5.97035 29.8048 
v -389.795 5.37858 28.3962 
v -389.795 5.53946 28.2354 
v -390.19 5.37858 28.3962 
v -390.19 5.53946 28.2354 
v -389.824 5.61487 28.4717 
v -389.824 5.6461 28.3962 
v -389.795 5.65209 28.3962 
v -389.824 5.61487 28.3208 
v -389.795 5.6191 28.4759 
v -389.795 5.6191 28.3166 
v -390.161 5.61487 28.4717 
v -390.19 5.6191 28.4759 
v -390.19 5.65209 28.3962 
v -390.161 5.6461 28.3962 
v -390.161 5.61487 28.3208 
v -390.19 5.6191 28.3166 
v -390.172 5.81935 29.665 
v -390.172 5.72338 28.735 
v -389.813 5.81935 29.665 
v -389.813 5.72338 28.735 
v -390.158 5.7065 29.9024 
v -389.828 5.7065 29.9024 
v -389.843 5.93566 28.6605 
v -389.813 5.93566 28.6605 
v -389.843 5.93566 29.6296 
v -389.813 5.93566 29.6296 
v -390.158 5.7065 29.7882 
v -389.828 5.69097 29.8254 
v -390.158 5.69097 29.8254 
v -389.828 5.7065 29.7882 
v -390.158 5.7065 29.8425 
v -389.828 5.7065 29.8425 
v -390.158 5.69097 29.9396 
v -389.828 5.69097 29.9396 
v -390.158 5.7065 29.9567 
v -389.828 5.7065 29.9567 
v -389.828 5.7065 29.9024 
v -390.158 5.7065 29.9024 
v -390.142 5.93566 28.6605 
v -390.172 5.93566 28.6605 
v -390.172 5.93566 29.6296 
v -390.142 5.93566 29.6296 
v -390.19 5.53946 28.5571 
v -389.795 5.53946 28.5571 
v -390.19 5.4257 28.51 
v -389.795 5.4257 28.2825 
v -389.795 5.4257 28.51 
v -390.19 5.4257 28.2825 
v -390.19 5.37858 28.3962 
v -389.795 5.37858 28.3962 
v -390.172 5.81935 29.665 
v -389.813 5.81935 29.665 
v -390.172 5.72338 29.5551 
v -389.813 5.72338 29.5551 
v -389.813 5.72338 28.735 
v -390.172 5.72338 28.735 
v -390.172 5.81935 28.625 
v -389.813 5.81935 28.625 
v -390.162 5.50751 28.0018 
v -390.172 5.97054 29.665 
v -390.19 5.45983 28.3166 
v -390.19 5.37858 28.3962 
v -390.19 5.42684 28.3962 
v -390.19 5.45983 28.4759 
v -390.19 5.4257 28.2825 
v -390.19 5.4257 28.51 
v -390.19 5.53946 28.2836 
v -390.19 5.53946 28.5089 
v -390.19 5.53946 28.2354 
v -390.19 5.53946 28.5571 
v -390.19 5.65323 28.2825 
v -390.19 5.65323 28.51 
v -390.19 5.6191 28.3166 
v -390.19 5.6191 28.4759 
v -390.19 5.70035 28.3962 
v -390.19 5.65209 28.3962 
v -389.795 5.6191 28.3166 
v -389.824 5.53946 28.5029 
v -389.824 5.53946 28.2896 
v -389.795 5.45983 28.4759 
v -390.19 5.45983 28.4759 
v -390.161 5.43283 28.3962 
v -390.161 5.6461 28.3962 
v -390.19 5.6191 28.3166 
v -390.172 5.93566 28.6605 
v -390.172 5.93566 29.6296 
v -390.172 5.97054 29.665 
v -390.172 5.81935 29.665 
v -390.172 5.97054 28.625 
v -390.172 5.83732 29.6296 
v -390.172 5.81935 28.625 
v -390.172 5.72338 29.5551 
v -390.172 5.83732 28.6605 
v -390.172 5.76326 29.5402 
v -390.172 5.72338 28.735 
v -390.172 5.76326 28.7499 
v -390.162 5.45983 28.3166 
v -390.162 5.6191 28.4759 
v -390.162 5.6191 28.3166 
v -390.162 5.65208 28.3962 
v -390.162 5.53946 28.2836 
v -390.162 5.45983 28.4759 
v -390.162 5.53946 28.5089 
v -390.162 5.42684 28.3962 
v -390.162 5.57142 28.0018 
v -390.162 5.50751 28.2713 
v -390.162 5.57142 28.2713 
v -390.162 5.50751 28.0018 
v -390.158 5.7065 29.9567 
v -390.158 5.7065 29.9024 
v -390.158 5.69097 29.9396 
v -390.158 5.92157 29.8641 
v -390.158 5.92157 29.8097 
v -390.158 5.93562 29.8295 
v -390.158 5.7065 29.8425 
v -390.158 5.7065 29.7882 
v -390.158 5.69097 29.8254 
v -390.158 5.92157 29.7498 
v -390.158 5.92157 29.6955 
v -390.158 5.93562 29.7152 
v -390.118 5.97035 29.8048 
v -390.118 5.9854 29.8411 
v -390.118 5.9854 29.7685 
v -390.118 6.05804 29.7685 
v -390.118 6.02172 29.7534 
v -390.118 6.05804 29.8411 
v -390.118 6.07308 29.8048 
v -390.118 6.02172 29.8562 
v -389.813 5.93566 28.6605 
v -389.844 5.83732 28.6605 
v -389.813 5.76326 28.7499 
v -389.934 5.97035 29.8048 
v -389.934 5.9854 29.8411 
v -389.934 5.9854 29.7685 
v -389.934 6.05804 29.7685 
v -389.934 6.02172 29.7534 
v -389.934 6.05804 29.8411 
v -389.934 6.07308 29.8048 
v -389.934 6.02172 29.8562 
v -389.843 5.93566 28.6605 
v -389.843 5.93566 29.6296 
v -389.843 5.97054 28.6569 
v -389.843 5.97054 29.6332 

vn 0 0 -1 
vn 0 0 -1 
vn 0 0 -1 
vn 0 0 -1 
vn 0 0.811024 -0.590551 
vn 0 0.811024 -0.590551 
vn 0 1 0 
vn 0 0 -1 
vn 0 0 -1 
vn 0 -0.811024 -0.590551 
vn 0 -0.811024 -0.590551 
vn 0 -1 0 
vn 0 -0.811024 0.590551 
vn 0 -1 0 
vn 0 1 0 
vn 0 0.811024 -0.590551 
vn 0 0.811024 -0.590551 
vn 0 0 -1 
vn 0 0 -1 
vn 0 -0.811024 -0.590551 
vn 0 -0.811024 0.590551 
vn 0 -0.811024 -0.590551 
vn 0 -1 0 
vn 0 1 0 
vn 0 1 0 
vn 1 0 0 
vn 1 0 0 
vn 0.19685 -0.771654 -0.606299 
vn 0.19685 -0.811024 -0.551181 
vn 0.204724 0 -0.976378 
vn 0.204724 0 -0.976378 
vn 0.19685 0.771654 -0.606299 
vn 0.19685 0.811024 -0.551181 
vn -0.19685 0.771654 -0.606299 
vn -0.19685 0.811024 -0.551181 
vn -0.204724 0 -0.976378 
vn -0.204724 0 -0.976378 
vn -0.19685 -0.771654 -0.606299 
vn -0.19685 -0.811024 -0.551181 
vn -1 0 0 
vn -1 0 0 
vn -1 0 0 
vn 1 0 0 
vn 1 0 0 
vn 1 0 0 
vn -1 0 0 
vn 1 0 0 
vn 0 -0.984252 -0.165354 
vn 0 -0.984252 -0.165354 
vn 0 0.511811 -0.858268 
vn 0 0.992126 -0.133858 
vn 0 0.511811 -0.858268 
vn 0 0.992126 -0.133858 
vn 0 0.511811 -0.858268 
vn 0 0 -1 
vn 0 0 -1 
vn 0 0.511811 -0.858268 
vn 0 0.992126 -0.133858 
vn 0 0.992126 -0.133858 
vn 0 0 -1 
vn 0 0.511811 -0.858268 
vn 0 0.511811 -0.858268 
vn 0 0.992126 -0.133858 
vn 0 0.992126 -0.133858 
vn 0 1 0 
vn 0 1 0 
vn 0 0.811024 -0.590551 
vn 0 0.811024 -0.590551 
vn 0 0 -1 
vn 0 0 -1 
vn 0 -0.811024 -0.590551 
vn 0 -0.811024 -0.590551 
vn 0 -1 0 
vn 0 -1 0 
vn 0 -0.992126 -0.133858 
vn 0 -0.992126 -0.133858 
vn 0 -0.496063 -0.866142 
vn 0 -0.496063 -0.866142 
vn 0 0 -1 
vn 0 0 -1 
vn 0 0.102362 -0.992126 
vn 0 0.102362 -0.992126 
vn 0 0.102362 -0.992126 
vn 0 0.102362 -0.992126 
vn 0 -0.393701 -0.92126 
vn 0 -0.393701 -0.92126 
vn 0 -0.393701 -0.92126 
vn 0 -0.393701 -0.92126 
vn 0 -0.393701 -0.92126 
vn 0 -0.393701 -0.92126 
vn 0 -0.393701 -0.92126 
vn 0 -0.393701 -0.92126 
vn 0 0 -1 
vn 0 0.811024 -0.590551 
vn 0 0.811024 -0.590551 
vn 0 1 0 
vn 0 1 0 
vn 0 0.811024 0.590551 
vn 0 0.811024 0.590551 
vn 0 -1 0 
vn 0 1 0 
vn 0 1 0 
vn 0 0.811024 0.590551 
vn 0 0.811024 -0.590551 
vn 0 0.811024 0.590551 
vn 0 0.811024 -0.590551 
vn 0 1 0 
vn 0 1 0 
vn 0 1 0 
vn 0 1 0 
vn 0 1 0 
vn 0 1 0 
vn 0 1 0 
vn 0 1 0 
vn 1 0 0 
vn 1 0 0 
vn -1 0 0 
vn -1 0 0 
vn 0.19685 0.771654 -0.606299 
vn 0.19685 0.771654 0.606299 
vn 0.19685 0.811024 -0.551181 
vn 0.19685 0.811024 0.551181 
vn 0.204724 0.976378 0 
vn 0.204724 0.976378 0 
vn -0.19685 0.771654 -0.606299 
vn -0.204724 0.976378 0 
vn -0.19685 0.811024 -0.551181 
vn -0.204724 0.976378 0 
vn -0.19685 0.771654 0.606299 
vn -0.19685 0.811024 0.551181 
vn -1 0 0 
vn -1 0 0 
vn 1 0 0 
vn 1 0 0 
vn 0 0.929134 0.377953 
vn 0 1 -0.015748 
vn 0 0.929134 0.377953 
vn 0 1 -0.015748 
vn 0 0.811024 -0.582677 
vn 0 0.811024 -0.582677 
vn 0 1 -0.015748 
vn 0 1 -0.015748 
vn 0 0.811024 -0.582677 
vn 0 0.811024 -0.582677 
vn 0 0.929134 0.377953 
vn 0 0.929134 0.377953 
vn 0 0.511811 0.858268 
vn 0 0.511811 0.858268 
vn 0 0.992126 0.133858 
vn 0 0.992126 0.133858 
vn 0 0.511811 -0.858268 
vn 0 0.992126 -0.133858 
vn 0 0.511811 -0.858268 
vn 0 0.992126 -0.133858 
vn 0 0.511811 -0.858268 
vn 0 0.511811 -0.858268 
vn 0 0.992126 -0.133858 
vn 0 0.992126 -0.133858 
vn 0 0.992126 0.133858 
vn 0 0.992126 0.133858 
vn 0 0.511811 0.858268 
vn 0 0.511811 0.858268 
vn 0 0.511811 -0.858268 
vn 0 0.511811 -0.858268 
vn 0 0.992126 -0.133858 
vn 0 0.992126 -0.133858 
vn 0 0.992126 0.133858 
vn 0 0.992126 0.133858 
vn 0 0.511811 0.858268 
vn 0 0.511811 0.858268 
vn 0 0.811024 0.590551 
vn 0 1 0 
vn 0 1 0 
vn 0 0.811024 -0.590551 
vn 0 0.811024 0.590551 
vn 0 0.811024 -0.590551 
vn 0 1 0 
vn 0 1 0 
vn 0 1 0 
vn 0 1 0 
vn 0 1 0 
vn 1 0 0 
vn 1 0 0 
vn 1 0 0 
vn 1 0 0 
vn 1 0 0 
vn 1 0 0 
vn 1 0 0 
vn 1 0 0 
vn 1 0 0 
vn 1 0 0 
vn 1 0 0 
vn 1 0 0 
vn 1 0 0 
vn 1 0 0 
vn 1 0 0 
vn 1 0 0 
vn 0.19685 -0.811024 0.551181 
vn 0.204724 0 -0.976378 
vn 0.204724 0 0.976378 
vn 0.19685 0.811024 -0.551181 
vn -0.19685 0.811024 -0.551181 
vn -0.204724 0.976378 0 
vn -0.204724 -0.976378 0 
vn -0.19685 -0.811024 0.551181 
vn 1 0 0 
vn 1 0 0 
vn 1 0 0 
vn 1 0 0 
vn 1 0 0 
vn 1 0 0 
vn 1 0 0 
vn 1 0 0 
vn 1 0 0 
vn 1 0 0 
vn 1 0 0 
vn 1 0 0 
vn 1 0 0 
vn 1 0 0 
vn 1 0 0 
vn 1 0 0 
vn 1 0 0 
vn 1 0 0 
vn 1 0 0 
vn 1 0 0 
vn 1 0 0 
vn 1 0 0 
vn 1 0 0 
vn 1 0 0 
vn 1 0 0 
vn 1 0 0 
vn 1 0 0 
vn 1 0 0 
vn 1 0 0 
vn 1 0 0 
vn 1 0 0 
vn 1 0 0 
vn 1 0 0 
vn 1 0 0 
vn 1 0 0 
vn 1 0 0 
vn 1 0 0 
vn 1 0 0 
vn 1 0 0 
vn 1 0 0 
vn 1 0 0 
vn 1 0 0 
vn 1 0 0 
vn 1 0 0 
vn 0 0.511811 0.858268 
vn 0 0.992126 0.133858 
vn 0 0.992126 -0.133858 
vn 0 0.992126 0.133858 
vn 0 -0.984252 0.165354 
vn 0 -1 0 
vn 1 0 0 
vn 1 0 0 
vn 1 0 0 
vn 1 0 0 
vn 1 0 0 
vn 1 0 0 
vn 1 0 0 
vn 1 0 0 
vn 1 0 0 
vn 1 0 0 
vn 1 0 0 
vn 1 0 0 
vn 0 0.393701 0.92126 
vn 0 0.393701 0.92126 
vn 0 0.393701 0.92126 
vn 0 0.393701 0.92126 
vn 0 0.393701 0.92126 
vn 0 0.393701 0.92126 
vn 0 0.393701 0.92126 
vn 0 0.393701 0.92126 
vn 0 1 0 
vn 0 0 -1 
vn 0 0.811024 0.590551 
vn 0 0.811024 0.590551 
vn 0 0 1 
vn 0 0 1 
vn 0 -1 0 
vn 0 -0.811024 0.590551 
vn 0 -0.811024 0.590551 
vn 0 1 0 
vn 0 0.811024 0.590551 
vn 0 0.811024 0.590551 
vn 0 0 1 
vn 0 0 -1 
vn 0 0 1 
vn 0 -0.811024 0.590551 
vn 0 -0.811024 0.590551 
vn 0 -1 0 
vn 0 1 0 
vn 0 1 0 
vn 1 0 0 
vn 1 0 0 
vn -1 0 0 
vn -1 0 0 
vn 0.19685 -0.771654 0.606299 
vn 0.19685 -0.811024 0.551181 
vn 0.204724 0 0.976378 
vn 0.204724 0 0.976378 
vn 0.19685 0.771654 0.606299 
vn 0.19685 0.811024 0.551181 
vn -0.19685 0.771654 0.606299 
vn -0.19685 0.811024 0.551181 
vn -0.204724 0 0.976378 
vn -0.204724 0 0.976378 
vn -0.19685 -0.771654 0.606299 
vn -0.19685 -0.811024 0.551181 
vn -1 0 0 
vn -1 0 0 
vn -1 0 0 
vn 1 0 0 
vn 1 0 0 
vn 1 0 0 
vn -1 0 0 
vn 1 0 0 
vn 0 -0.984252 0.165354 
vn 0 0.511811 0.858268 
vn 0 -0.984252 0.165354 
vn 0 0.511811 0.858268 
vn 0 0.992126 0.133858 
vn 0 0.992126 0.133858 
vn 0 0.511811 0.858268 
vn 0 0.511811 0.858268 
vn 0 -0.984252 0.165354 
vn 0 -0.984252 0.165354 
vn 0 0.992126 0.133858 
vn 0 0.511811 0.858268 
vn 0 0.511811 0.858268 
vn 0 0 1 
vn 0 0 1 
vn 0 0.811024 0.590551 
vn 0 1 0 
vn 0 1 0 
vn 0 0.811024 0.590551 
vn 0 0 1 
vn 0 0 1 
vn 0 -0.811024 0.590551 
vn 0 -0.811024 0.590551 
vn 0 -0.496063 0.866142 
vn 0 -0.496063 0.866142 
vn 0 0 1 
vn 0 0 1 
vn 0 -0.992126 0.133858 
vn 0 -0.992126 0.133858 
vn 0 0.102362 0.992126 
vn 0 0.102362 0.992126 
vn 0 0.102362 0.992126 
vn 0 0.102362 0.992126 
vn 0 0 1 
vn 0 0 1 
vn 0 0 1 
vn 0 0 1 
vn 0 0 -1 
vn 0 -0.811024 -0.590551 
vn 0 -0.811024 -0.590551 
vn 0 -1 0 
vn 0 -1 0 
vn 0 -0.811024 0.590551 
vn 0 -0.811024 0.590551 
vn 0 -1 0 
vn 0 -1 0 
vn 0 -1 0 
vn 0 -1 0 
vn 0 -0.811024 0.590551 
vn 0 -0.811024 -0.590551 
vn 0 -0.811024 0.590551 
vn 0 -0.811024 -0.590551 
vn 0 -1 0 
vn 0 -1 0 
vn 1 0 0 
vn 1 0 0 
vn -1 0 0 
vn -1 0 0 
vn 0.19685 -0.771654 -0.606299 
vn 0.204724 -0.976378 0 
vn 0.204724 -0.976378 0 
vn 0.19685 -0.771654 0.606299 
vn 0.19685 -0.811024 -0.551181 
vn 0.19685 -0.811024 0.551181 
vn -0.19685 -0.771654 -0.606299 
vn -0.19685 -0.811024 -0.551181 
vn -0.204724 -0.976378 0 
vn -0.204724 -0.976378 0 
vn -0.19685 -0.771654 0.606299 
vn -0.19685 -0.811024 0.551181 
vn -1 0 0 
vn -1 0 0 
vn 1 0 0 
vn 1 0 0 
vn -1 0 0 
vn 1 0 0 
vn 0 -0.984252 0.165354 
vn 0 -0.984252 0.165354 
vn 0 -0.984252 -0.165354 
vn 0 -0.984252 -0.165354 
vn 0 -0.92126 -0.385827 
vn 0 -1 0.015748 
vn 0 -1 0.015748 
vn 0 -0.92126 -0.385827 
vn 0 -0.740157 0.669291 
vn 0 -0.740157 0.669291 
vn 0 -1 0.015748 
vn 0 -1 0.015748 
vn 0 -0.740157 0.669291 
vn 0 -0.740157 0.669291 
vn 0 -0.92126 -0.385827 
vn 0 -0.92126 -0.385827 
vn 0 -0.984252 0.165354 
vn 0 -0.984252 0.165354 
vn 0 -1 0 
vn 0 -1 0 
vn 0 0 1 
vn 0 0 1 
vn 0 -0.811024 0.590551 
vn 0 -0.811024 -0.590551 
vn 0 -0.811024 0.590551 
vn 0 -0.811024 -0.590551 
vn 0 -1 0 
vn 0 -1 0 
vn 0 -0.496063 0.866142 
vn 0 -0.496063 0.866142 
vn 0 -0.992126 0.133858 
vn 0 -0.992126 0.133858 
vn 0 -0.992126 -0.133858 
vn 0 -0.992126 -0.133858 
vn 0 -0.496063 -0.866142 
vn 0 -0.496063 -0.866142 
vn 0 0 -1 
vn 0 1 0 
vn -1 0 0 
vn -1 0 0 
vn -1 0 0 
vn -1 0 0 
vn -1 0 0 
vn -1 0 0 
vn -1 0 0 
vn -1 0 0 
vn -1 0 0 
vn -1 0 0 
vn -1 0 0 
vn -1 0 0 
vn -1 0 0 
vn -1 0 0 
vn -1 0 0 
vn -1 0 0 
vn 0.19685 -0.811024 0.551181 
vn 0.204724 0 -0.976378 
vn 0.204724 0 0.976378 
vn 0.19685 0.811024 -0.551181 
vn -0.19685 0.811024 -0.551181 
vn -0.204724 0.976378 0 
vn -0.204724 -0.976378 0 
vn -0.19685 -0.811024 0.551181 
vn -1 0 0 
vn -1 0 0 
vn -1 0 0 
vn -1 0 0 
vn -1 0 0 
vn -1 0 0 
vn -1 0 0 
vn -1 0 0 
vn -1 0 0 
vn -1 0 0 
vn -1 0 0 
vn -1 0 0 
vn -1 0 0 
vn -1 0 0 
vn -1 0 0 
vn -1 0 0 
vn -1 0 0 
vn -1 0 0 
vn -1 0 0 
vn -1 0 0 
vn -1 0 0 
vn -1 0 0 
vn -1 0 0 
vn -1 0 0 
vn -1 0 0 
vn -1 0 0 
vn -1 0 0 
vn -1 0 0 
vn -1 0 0 
vn -1 0 0 
vn -1 0 0 
vn -1 0 0 
vn -1 0 0 
vn -1 0 0 
vn -1 0 0 
vn -1 0 0 
vn -1 0 0 
vn -1 0 0 
vn -1 0 0 
vn -1 0 0 
vn -1 0 0 
vn -1 0 0 
vn -1 0 0 
vn -1 0 0 
vn 0 -0.984252 0.165354 
vn 0 0.511811 0.858268 
vn 0 0.992126 0.133858 
vn -1 0 0 
vn -1 0 0 
vn -1 0 0 
vn -1 0 0 
vn -1 0 0 
vn -1 0 0 
vn -1 0 0 
vn -1 0 0 
vn -1 0 0 
vn -1 0 0 
vn -1 0 0 
vn -1 0 0 

vt 40.0211 -33.0193 
vt 39.9789 -33.0193 
vt 40.0211 -33.0273 
vt 39.9789 -33.0273 
vt 40.0073 -32.9585 
vt 40.0157 -32.9585 
vt 40.0157 -32.9566 
vt 40.0073 -32.963 
vt 40.0157 -32.963 
vt 40.0073 -32.9676 
vt 40.0157 -32.9676 
vt 40.0157 -32.9694 
vt 40.0157 -32.9676 
vt 39.9789 -33.0273 
vt 39.9927 -32.9566 
vt 39.9843 -32.9585 
vt 39.9927 -32.9585 
vt 39.9843 -32.963 
vt 39.9927 -32.963 
vt 39.9843 -32.9676 
vt 39.9843 -32.9676 
vt 39.9927 -32.9676 
vt 39.9927 -32.9694 
vt 40.0225 -32.9694 
vt 39.9775 -32.9694 
vt 39.9753 -33.0434 
vt 39.9753 -33.0233 
vt 39.979 -33.0139 
vt 39.9753 -33.0133 
vt 39.9753 -33.0233 
vt 39.979 -33.0233 
vt 39.979 -33.0327 
vt 39.9753 -33.0332 
vt 40.021 -33.0327 
vt 40.0247 -33.0332 
vt 40.0247 -33.0233 
vt 40.021 -33.0233 
vt 40.021 -33.0139 
vt 40.0247 -33.0133 
vt 40.0225 -32.9738 
vt 40.0225 -32.9883 
vt 40.0225 -33.0003 
vt 39.9775 -32.9738 
vt 39.9775 -32.9883 
vt 39.9775 -33.0003 
vt 40.0206 -33.0024 
vt 39.9794 -33.0024 
vt 39.9813 -32.9738 
vt 39.9775 -32.9738 
vt 39.9775 -32.9861 
vt 39.9815 -32.9953 
vt 39.9814 -32.9861 
vt 39.9775 -32.9953 
vt 40.0225 -32.9861 
vt 40.0225 -32.9738 
vt 40.0187 -32.9738 
vt 40.0186 -32.9861 
vt 40.0225 -32.9953 
vt 40.0185 -32.9953 
vt 39.9813 -32.9738 
vt 40.0186 -32.9861 
vt 39.9814 -32.9861 
vt 39.9815 -32.9953 
vt 40.0185 -32.9953 
vt 39.9753 -33.0032 
vt 40.0247 -33.0032 
vt 39.9753 -33.0091 
vt 40.0247 -33.0091 
vt 39.9753 -33.0233 
vt 40.0247 -33.0233 
vt 39.9753 -33.0375 
vt 40.0247 -33.0375 
vt 40.0247 -33.0434 
vt 39.9753 -33.0434 
vt 39.9775 -33.0003 
vt 40.0225 -33.0003 
vt 40.0225 -32.9883 
vt 39.9775 -32.9883 
vt 39.9775 -32.9694 
vt 40.0225 -32.9694 
vt 40.0187 -32.9694 
vt 39.9813 -32.9738 
vt 40.0187 -32.9738 
vt 39.9813 -32.9694 
vt 40.0206 -32.9755 
vt 39.9794 -32.9755 
vt 40.0206 -33.0024 
vt 39.9794 -33.0024 
vt 40.0206 -32.9755 
vt 39.9794 -32.9755 
vt 40.0206 -33.0024 
vt 39.9794 -33.0024 
vt 39.8778 -33.0211 
vt 40.0987 -33.0073 
vt 40.0987 -33.0157 
vt 40.1032 -33.0157 
vt 40.1032 -33.0073 
vt 40.1077 -33.0157 
vt 40.1077 -33.0073 
vt 39.9115 -32.9789 
vt 40.1032 -32.9843 
vt 40.1032 -32.9927 
vt 40.1077 -32.9927 
vt 40.0987 -32.9843 
vt 40.1077 -32.9843 
vt 40.0987 -32.9927 
vt 39.9557 -33.0225 
vt 40.0857 -33.0225 
vt 39.9597 -33.0187 
vt 39.9557 -32.9775 
vt 40.0817 -33.0187 
vt 39.9597 -32.9813 
vt 40.0817 -32.9813 
vt 40.0857 -32.9775 
vt 39.9413 -32.9753 
vt 39.907 -32.9753 
vt 39.907 -33.0247 
vt 39.9413 -33.0247 
vt 39.9366 -32.979 
vt 39.9177 -32.979 
vt 39.9371 -32.9753 
vt 39.9172 -32.9753 
vt 39.9271 -32.9753 
vt 39.9271 -32.979 
vt 39.9366 -33.021 
vt 39.9271 -33.0247 
vt 39.9371 -33.0247 
vt 39.9271 -33.021 
vt 39.9177 -33.021 
vt 39.9172 -33.0247 
vt 40.0857 -33.0225 
vt 39.9695 -33.0225 
vt 40.0857 -32.9775 
vt 39.9695 -32.9775 
vt 40.0963 -32.9794 
vt 40.092 -33.0206 
vt 40.0963 -33.0206 
vt 40.092 -32.9794 
vt 40.0895 -33.0206 
vt 40.0895 -32.9794 
vt 40.1063 -33.0206 
vt 40.1063 -32.9794 
vt 40.1038 -33.0206 
vt 40.1038 -32.9794 
vt 40.1106 -32.9794 
vt 40.1106 -33.0206 
vt 39.9602 -32.9775 
vt 39.9602 -32.9814 
vt 39.9713 -32.9775 
vt 39.9713 -32.9815 
vt 40.0813 -32.9775 
vt 40.0701 -32.9815 
vt 40.0813 -32.9814 
vt 40.0701 -32.9775 
vt 40.0813 -33.0225 
vt 40.0813 -33.0186 
vt 40.0701 -33.0225 
vt 40.0701 -33.0185 
vt 39.9713 -33.0185 
vt 39.9713 -33.0225 
vt 39.9602 -33.0186 
vt 39.9602 -33.0225 
vt 40.0813 -33.0186 
vt 40.0813 -32.9814 
vt 40.0701 -32.9815 
vt 40.0701 -33.0185 
vt 39.9713 -32.9815 
vt 39.9713 -33.0185 
vt 39.9602 -33.0186 
vt 39.9602 -32.9814 
vt 39.9413 -33.0247 
vt 39.9271 -32.9753 
vt 39.9271 -33.0247 
vt 39.9129 -32.9753 
vt 39.9413 -32.9753 
vt 39.9129 -33.0247 
vt 39.8778 -33.0211 
vt 39.9115 -33.0211 
vt 39.9115 -32.9789 
vt 39.8778 -32.9789 
vt 39.9143 -32.9694 
vt 40.0587 -33.0375 
vt 40.0588 -33.0233 
vt 40.0528 -33.0233 
vt 40.0587 -33.0091 
vt 40.0629 -33.0332 
vt 40.0629 -33.0133 
vt 40.0729 -33.0434 
vt 40.0729 -33.0032 
vt 40.0729 -33.0374 
vt 40.0729 -33.0092 
vt 40.0828 -33.0332 
vt 40.0828 -33.0133 
vt 40.0871 -33.0375 
vt 40.0871 -33.0091 
vt 40.087 -33.0233 
vt 40.093 -33.0233 
vt 40.0828 -33.0133 
vt 40.0595 -33.0233 
vt 40.0862 -33.0233 
vt 40.0629 -33.0332 
vt 40.0629 -33.0332 
vt 40.0729 -33.0366 
vt 40.0729 -33.01 
vt 40.0828 -33.0133 
vt 39.9143 -32.9694 
vt 40.0398 -32.9738 
vt 40.0443 -32.9694 
vt 40.0443 -32.9883 
vt 39.9187 -32.9738 
vt 40.0398 -32.9861 
vt 39.9143 -32.9883 
vt 40.0305 -33.0003 
vt 39.9187 -32.9861 
vt 40.0287 -32.9953 
vt 39.928 -33.0003 
vt 39.9299 -32.9953 
vt 40.0729 -33.0092 
vt 40.0629 -33.0133 
vt 40.0828 -33.0133 
vt 40.0828 -33.0332 
vt 40.087 -33.0233 
vt 40.0629 -33.0332 
vt 40.0588 -33.0233 
vt 40.0729 -33.0374 
vt 40.1222 -33.0193 
vt 40.0885 -33.0193 
vt 40.1222 -33.0273 
vt 40.0885 -33.0273 
vt 39.9037 -32.9755 
vt 39.9105 -32.9755 
vt 39.908 -32.9738 
vt 39.8989 -33.0024 
vt 39.8921 -33.0024 
vt 39.8942 -33.0044 
vt 39.8894 -32.9755 
vt 39.8962 -32.9755 
vt 39.8937 -32.9738 
vt 39.8846 -33.0024 
vt 39.8778 -33.0024 
vt 39.88 -33.0044 
vt 39.9013 -32.9676 
vt 39.8923 -32.9676 
vt 39.8968 -32.9694 
vt 39.9013 -32.9585 
vt 39.9032 -32.963 
vt 39.8923 -32.9585 
vt 39.8968 -32.9566 
vt 39.8904 -32.963 
vt 40.0398 -32.9861 
vt 40.0287 -32.9953 
vt 39.9299 -32.9953 
vt 40.0287 -32.9953 
vt 40.0398 -32.9738 
vt 39.9187 -32.9738 
vt 39.9013 -32.9676 
vt 39.8923 -32.9676 
vt 39.8968 -32.9694 
vt 39.9013 -32.9585 
vt 39.9032 -32.963 
vt 39.8923 -32.9585 
vt 39.8904 -32.963 
vt 39.8968 -32.9566 
vt 39.9187 -32.9738 
vt 40.0398 -32.9738 
vt 40.0403 -32.9694 
vt 39.9183 -32.9694 
vt 39.9794 -32.9755 
vt 39.9794 -33.0024 
vt 40.0206 -33.0024 
vt 40.0206 -32.9755 
vt 39.9794 -32.9755 
vt 39.9794 -33.0024 
vt 40.0206 -33.0024 
vt 40.0206 -32.9755 
vt 39.9843 -32.9566 
vt 39.9927 -32.963 
vt 39.9843 -32.9585 
vt 39.9927 -32.9585 
vt 39.9843 -32.963 
vt 39.9927 -32.963 
vt 39.9843 -32.9694 
vt 39.9843 -32.9676 
vt 39.9927 -32.9676 
vt 40.0073 -32.9566 
vt 40.0073 -32.9585 
vt 40.0157 -32.9585 
vt 40.0073 -32.963 
vt 40.0157 -32.963 
vt 40.0157 -32.963 
vt 40.0073 -32.9676 
vt 40.0157 -32.9676 
vt 40.0073 -32.9694 
vt 39.9775 -32.9694 
vt 40.0225 -32.9694 
vt 40.0247 -33.0091 
vt 40.0247 -33.0434 
vt 39.9753 -33.0434 
vt 39.9753 -33.0091 
vt 40.021 -33.0139 
vt 40.0247 -33.0133 
vt 40.0247 -33.0233 
vt 40.021 -33.0233 
vt 40.021 -33.0327 
vt 40.0247 -33.0332 
vt 39.979 -33.0327 
vt 39.9753 -33.0332 
vt 39.9753 -33.0233 
vt 39.979 -33.0233 
vt 39.979 -33.0139 
vt 39.9753 -33.0133 
vt 39.9775 -32.9738 
vt 39.9775 -32.9883 
vt 39.9775 -33.0003 
vt 40.0225 -32.9738 
vt 40.0225 -32.9883 
vt 40.0225 -33.0003 
vt 39.9794 -33.0024 
vt 40.0206 -33.0024 
vt 40.0187 -32.9738 
vt 40.0225 -32.9861 
vt 40.0225 -32.9738 
vt 40.0186 -32.9861 
vt 39.9815 -32.9953 
vt 39.9775 -32.9953 
vt 39.9814 -32.9861 
vt 39.9775 -32.9861 
vt 39.9813 -32.9738 
vt 39.9775 -32.9738 
vt 39.9815 -32.9953 
vt 39.9814 -32.9861 
vt 40.0186 -32.9861 
vt 39.9813 -32.9738 
vt 40.0187 -32.9738 
vt 39.9753 -33.0091 
vt 40.0247 -33.0032 
vt 39.9753 -33.0032 
vt 40.0247 -33.0091 
vt 39.9753 -33.0233 
vt 40.0247 -33.0233 
vt 39.9753 -33.0375 
vt 40.0247 -33.0375 
vt 39.9775 -32.9883 
vt 40.0225 -32.9883 
vt 39.9775 -32.9694 
vt 40.0225 -32.9694 
vt 39.9775 -33.0003 
vt 40.0225 -33.0003 
vt 40.0187 -32.9738 
vt 39.9813 -32.9694 
vt 39.9813 -32.9738 
vt 40.0187 -32.9694 
vt 39.9789 -33.0273 
vt 40.0211 -33.0273 
vt 39.9789 -33.0193 
vt 40.0211 -33.0193 
vt 40.1222 -33.0211 
vt 39.9013 -33.0073 
vt 39.9013 -33.0157 
vt 39.8968 -33.0073 
vt 39.8968 -33.0157 
vt 39.8923 -33.0157 
vt 39.8923 -33.0073 
vt 40.0885 -33.0211 
vt 40.1222 -33.0211 
vt 40.1222 -32.9789 
vt 40.0885 -32.9789 
vt 39.8923 -32.9927 
vt 39.9013 -32.9843 
vt 39.8923 -32.9843 
vt 39.9013 -32.9927 
vt 39.8968 -32.9927 
vt 39.8968 -32.9843 
vt 40.0729 -32.9753 
vt 40.093 -32.9753 
vt 40.0729 -33.0247 
vt 40.093 -33.0247 
vt 40.0634 -32.979 
vt 40.0729 -32.979 
vt 40.0729 -32.9753 
vt 40.0823 -32.979 
vt 40.0629 -32.9753 
vt 40.0828 -32.9753 
vt 40.0634 -33.021 
vt 40.0629 -33.0247 
vt 40.0729 -33.0247 
vt 40.0729 -33.021 
vt 40.0823 -33.021 
vt 40.0828 -33.0247 
vt 39.9143 -33.0225 
vt 40.0305 -33.0225 
vt 39.9143 -32.9775 
vt 40.0305 -32.9775 
vt 39.8846 -33.0206 
vt 39.8846 -32.9794 
vt 40.0398 -32.9813 
vt 40.0398 -32.9775 
vt 39.9187 -32.9813 
vt 39.9187 -32.9775 
vt 39.8989 -33.0206 
vt 39.8942 -32.9794 
vt 39.8942 -33.0206 
vt 39.8989 -32.9794 
vt 39.8921 -33.0206 
vt 39.8921 -32.9794 
vt 39.88 -33.0206 
vt 39.88 -32.9794 
vt 39.8778 -33.0206 
vt 39.8778 -32.9794 
vt 39.8846 -32.9794 
vt 39.8846 -33.0206 
vt 40.0398 -33.0187 
vt 40.0398 -33.0225 
vt 39.9187 -33.0225 
vt 39.9187 -33.0187 
vt 40.0528 -33.0247 
vt 40.0528 -32.9753 
vt 40.0587 -33.0247 
vt 40.0871 -32.9753 
vt 40.0587 -32.9753 
vt 40.0871 -33.0247 
vt 40.0729 -33.0247 
vt 40.0729 -32.9753 
vt 39.9143 -33.0225 
vt 39.9143 -32.9775 
vt 39.928 -33.0225 
vt 39.928 -32.9775 
vt 40.0305 -32.9775 
vt 40.0305 -33.0225 
vt 40.0443 -33.0225 
vt 40.0443 -32.9775 
vt 39.8778 -33.0273 
vt 40.0857 -32.9694 
vt 39.9172 -33.0332 
vt 39.9271 -33.0434 
vt 39.9271 -33.0374 
vt 39.9371 -33.0332 
vt 39.9129 -33.0375 
vt 39.9413 -33.0375 
vt 39.913 -33.0233 
vt 39.9412 -33.0233 
vt 39.907 -33.0233 
vt 39.9472 -33.0233 
vt 39.9129 -33.0091 
vt 39.9413 -33.0091 
vt 39.9172 -33.0133 
vt 39.9371 -33.0133 
vt 39.9271 -33.0032 
vt 39.9271 -33.0092 
vt 39.9172 -33.0133 
vt 39.9405 -33.0233 
vt 39.9138 -33.0233 
vt 39.9371 -33.0332 
vt 39.9371 -33.0332 
vt 39.9271 -33.0366 
vt 39.9271 -33.01 
vt 39.9172 -33.0133 
vt 39.9602 -32.9738 
vt 40.0813 -32.9738 
vt 40.0857 -32.9694 
vt 40.0857 -32.9883 
vt 39.9557 -32.9694 
vt 40.0813 -32.9861 
vt 39.9557 -32.9883 
vt 40.072 -33.0003 
vt 39.9602 -32.9861 
vt 40.0701 -32.9953 
vt 39.9695 -33.0003 
vt 39.9713 -32.9953 
vt 39.9172 -33.0332 
vt 39.9371 -33.0133 
vt 39.9172 -33.0133 
vt 39.9271 -33.0092 
vt 39.913 -33.0233 
vt 39.9371 -33.0332 
vt 39.9412 -33.0233 
vt 39.9271 -33.0374 
vt 39.8778 -33.0193 
vt 39.9115 -33.0273 
vt 39.9115 -33.0193 
vt 39.8778 -33.0273 
vt 40.1222 -33.0024 
vt 40.1154 -33.0024 
vt 40.12 -33.0044 
vt 40.1106 -32.9755 
vt 40.1038 -32.9755 
vt 40.1063 -32.9738 
vt 40.1079 -33.0024 
vt 40.1011 -33.0024 
vt 40.1058 -33.0044 
vt 40.0963 -32.9755 
vt 40.0895 -32.9755 
vt 40.092 -32.9738 
vt 40.1032 -32.9694 
vt 40.1077 -32.9676 
vt 40.0987 -32.9676 
vt 40.0987 -32.9585 
vt 40.0968 -32.963 
vt 40.1077 -32.9585 
vt 40.1032 -32.9566 
vt 40.1096 -32.963 
vt 39.9602 -32.9738 
vt 39.9602 -32.9861 
vt 39.9713 -32.9953 
vt 40.1032 -32.9694 
vt 40.1077 -32.9676 
vt 40.0987 -32.9676 
vt 40.0987 -32.9585 
vt 40.0968 -32.963 
vt 40.1077 -32.9585 
vt 40.1032 -32.9566 
vt 40.1096 -32.963 
vt 39.9602 -32.9738 
vt 40.0813 -32.9738 
vt 39.9597 -32.9694 
vt 40.0817 -32.9694 

usemtl Meshpart3Mtl

f 385/385/385 386/386/386 387/387/387 
f 387/387/387 386/386/386 388/388/388 
f 390/390/390 389/389/389 392/392/392 
f 392/392/392 393/393/393 390/390/390 
f 393/393/393 392/392/392 394/394/394 
f 394/394/394 395/395/395 393/393/393 
f 401/401/401 400/400/400 402/402/402 
f 402/402/402 403/403/403 401/401/401 
f 403/403/403 402/402/402 404/404/404 
f 404/404/404 406/406/406 403/403/403 
f 414/414/414 412/412/412 413/413/413 
f 412/412/412 414/414/414 415/415/415 
f 416/416/416 415/415/415 414/414/414 
f 416/416/416 414/414/414 417/417/417 
f 420/420/420 418/418/418 419/419/419 
f 418/418/418 420/420/420 421/421/421 
f 420/420/420 422/422/422 421/421/421 
f 420/420/420 423/423/423 422/422/422 
f 434/434/434 432/432/432 433/433/433 
f 432/432/432 434/434/434 436/436/436 
f 438/438/438 439/439/439 440/440/440 
f 438/438/438 440/440/440 441/441/441 
f 444/444/444 445/445/445 440/440/440 
f 445/445/445 444/444/444 446/446/446 
f 453/453/453 452/452/452 451/451/451 
f 452/452/452 453/453/453 454/454/454 
f 455/455/455 454/454/454 453/453/453 
f 454/454/454 455/455/455 456/456/456 
f 461/461/461 463/463/463 462/462/462 
f 463/463/463 461/461/461 464/464/464 
f 465/465/465 466/466/466 467/467/467 
f 466/466/466 465/465/465 468/468/468 
f 469/469/469 470/470/470 471/471/471 
f 471/471/471 470/470/470 472/472/472 
f 473/473/473 474/474/474 475/475/475 
f 475/475/475 474/474/474 476/476/476 
f 478/478/478 479/479/479 480/480/480 
f 480/480/480 481/481/481 478/478/478 
f 481/481/481 480/480/480 482/482/482 
f 482/482/482 483/483/483 481/481/481 
f 485/485/485 486/486/486 487/487/487 
f 486/486/486 485/485/485 488/488/488 
f 487/487/487 489/489/489 485/485/485 
f 488/488/488 490/490/490 486/486/486 
f 491/491/491 492/492/492 493/493/493 
f 494/494/494 491/491/491 493/493/493 
f 493/493/493 492/492/492 495/495/495 
f 494/494/494 493/493/493 496/496/496 
f 492/492/492 497/497/497 495/495/495 
f 496/496/496 498/498/498 494/494/494 
f 492/492/492 498/498/498 497/497/497 
f 498/498/498 496/496/496 497/497/497 
f 507/507/507 503/503/503 505/505/505 
f 504/504/504 507/507/507 506/506/506 
f 503/503/503 507/507/507 508/508/508 
f 504/504/504 508/508/508 507/507/507 
f 509/509/509 510/510/510 511/511/511 
f 510/510/510 509/509/509 512/512/512 
f 513/513/513 510/510/510 512/512/512 
f 510/510/510 513/513/513 514/514/514 
f 519/519/519 520/520/520 521/521/521 
f 520/520/520 519/519/519 522/522/522 
f 520/520/520 522/522/522 523/523/523 
f 523/523/523 522/522/522 524/524/524 
f 525/525/525 526/526/526 527/527/527 
f 527/527/527 526/526/526 528/528/528 
f 525/525/525 529/529/529 526/526/526 
f 530/530/530 529/529/529 525/525/525 
f 532/532/532 533/533/533 531/531/531 
f 533/533/533 532/532/532 534/534/534 
f 536/536/536 533/533/533 534/534/534 
f 533/533/533 536/536/536 538/538/538 
f 538/538/538 537/537/537 535/535/535 
f 537/537/537 538/538/538 536/536/536 
f 540/540/540 541/541/541 539/539/539 
f 541/541/541 540/540/540 542/542/542 
f 542/542/542 543/543/543 541/541/541 
f 544/544/544 541/541/541 543/543/543 
f 543/543/543 545/545/545 544/544/544 
f 546/546/546 544/544/544 545/545/545 
f 549/549/549 547/547/547 548/548/548 
f 547/547/547 549/549/549 550/550/550 
f 551/551/551 550/550/550 549/549/549 
f 550/550/550 551/551/551 552/552/552 
f 551/551/551 553/553/553 552/552/552 
f 553/553/553 551/551/551 554/554/554 
f 555/555/555 556/556/556 557/557/557 
f 558/558/558 557/557/557 556/556/556 
f 556/556/556 555/555/555 559/559/559 
f 557/557/557 558/558/558 560/560/560 
f 561/561/561 562/562/562 563/563/563 
f 561/561/561 563/563/563 564/564/564 
f 566/566/566 567/567/567 568/568/568 
f 567/567/567 569/569/569 568/568/568 
f 567/567/567 566/566/566 570/570/570 
f 569/569/569 567/567/567 571/571/571 
f 572/572/572 570/570/570 566/566/566 
f 573/573/573 569/569/569 571/571/571 
f 570/570/570 572/572/572 574/574/574 
f 571/571/571 575/575/575 573/573/573 
f 572/572/572 576/576/576 574/574/574 
f 577/577/577 573/573/573 575/575/575 
f 576/576/576 572/572/572 578/578/578 
f 573/573/573 577/577/577 579/579/579 
f 578/578/578 580/580/580 576/576/576 
f 580/580/580 579/579/579 577/577/577 
f 578/578/578 581/581/581 580/580/580 
f 579/579/579 580/580/580 581/581/581 
f 590/590/590 591/591/591 592/592/592 
f 593/593/593 592/592/592 591/591/591 
f 591/591/591 590/590/590 594/594/594 
f 593/593/593 591/591/591 595/595/595 
f 596/596/596 594/594/594 590/590/590 
f 595/595/595 597/597/597 593/593/593 
f 594/594/594 596/596/596 598/598/598 
f 597/597/597 595/595/595 599/599/599 
f 600/600/600 598/598/598 596/596/596 
f 599/599/599 600/600/600 597/597/597 
f 598/598/598 600/600/600 601/601/601 
f 600/600/600 599/599/599 601/601/601 
f 602/602/602 603/603/603 604/604/604 
f 605/605/605 604/604/604 603/603/603 
f 604/604/604 605/605/605 606/606/606 
f 605/605/605 603/603/603 607/607/607 
f 607/607/607 603/603/603 608/608/608 
f 605/605/605 607/607/607 609/609/609 
f 610/610/610 611/611/611 612/612/612 
f 613/613/613 612/612/612 611/611/611 
f 614/614/614 615/615/615 616/616/616 
f 615/615/615 614/614/614 617/617/617 
f 618/618/618 617/617/617 614/614/614 
f 617/617/617 618/618/618 619/619/619 
f 620/620/620 621/621/621 622/622/622 
f 621/621/621 620/620/620 623/623/623 
f 624/624/624 623/623/623 620/620/620 
f 623/623/623 624/624/624 625/625/625 
f 626/626/626 627/627/627 628/628/628 
f 627/627/627 626/626/626 629/629/629 
f 629/629/629 626/626/626 630/630/630 
f 627/627/627 629/629/629 631/631/631 
f 631/631/631 629/629/629 632/632/632 
f 627/627/627 631/631/631 633/633/633 
f 640/640/640 641/641/641 642/642/642 
f 641/641/641 640/640/640 643/643/643 
f 643/643/643 640/640/640 644/644/644 
f 645/645/645 641/641/641 643/643/643 
f 641/641/641 645/645/645 646/646/646 
f 645/645/645 643/643/643 647/647/647 
f 648/648/648 649/649/649 650/650/650 
f 648/648/648 650/650/650 651/651/651 
f 652/652/652 653/653/653 654/654/654 
f 652/652/652 654/654/654 655/655/655 
f 656/656/656 657/657/657 658/658/658 
f 656/656/656 658/658/658 659/659/659 
f 663/663/663 662/662/662 664/664/664 
f 664/664/664 665/665/665 663/663/663 
f 665/665/665 664/664/664 667/667/667 
f 667/667/667 668/668/668 665/665/665 
f 671/671/671 670/670/670 672/672/672 
f 672/672/672 674/674/674 671/671/671 
f 674/674/674 672/672/672 675/675/675 
f 675/675/675 676/676/676 674/674/674 
f 684/684/684 686/686/686 685/685/685 
f 684/684/684 687/687/687 686/686/686 
f 688/688/688 686/686/686 687/687/687 
f 686/686/686 688/688/688 689/689/689 
f 692/692/692 691/691/691 690/690/690 
f 692/692/692 690/690/690 693/693/693 
f 694/694/694 692/692/692 693/693/693 
f 692/692/692 694/694/694 695/695/695 
f 704/704/704 705/705/705 706/706/706 
f 705/705/705 704/704/704 707/707/707 
f 710/710/710 712/712/712 711/711/711 
f 713/713/713 711/711/711 712/712/712 
f 716/716/716 717/717/717 715/715/715 
f 717/717/717 716/716/716 718/718/718 
f 723/723/723 722/722/722 719/719/719 
f 722/722/722 723/723/723 724/724/724 
f 725/725/725 724/724/724 723/723/723 
f 724/724/724 725/725/725 726/726/726 
f 727/727/727 728/728/728 729/729/729 
f 729/729/729 728/728/728 730/730/730 
f 733/733/733 734/734/734 735/735/735 
f 734/734/734 733/733/733 736/736/736 
f 737/737/737 738/738/738 739/739/739 
f 739/739/739 738/738/738 740/740/740 
f 743/743/743 742/742/742 744/744/744 
f 744/744/744 745/745/745 743/743/743 
f 745/745/745 744/744/744 747/747/747 
f 747/747/747 746/746/746 745/745/745 
f 748/748/748 749/749/749 750/750/750 
f 748/748/748 750/750/750 751/751/751 
f 754/754/754 752/752/752 756/756/756 
f 755/755/755 753/753/753 757/757/757 
f 756/756/756 757/757/757 754/754/754 
f 757/757/757 756/756/756 755/755/755 
f 762/762/762 763/763/763 764/764/764 
f 765/765/765 764/764/764 763/763/763 
f 762/762/762 764/764/764 766/766/766 
f 764/764/764 765/765/765 767/767/767 
f 770/770/770 768/768/768 769/769/769 
f 768/768/768 770/770/770 771/771/771 
f 770/770/770 772/772/772 771/771/771 
f 770/770/770 773/773/773 772/772/772 
f 782/782/782 780/780/780 781/781/781 
f 782/782/782 781/781/781 783/783/783 
f 784/784/784 785/785/785 786/786/786 
f 785/785/785 784/784/784 787/787/787 
f 785/785/785 788/788/788 786/786/786 
f 788/788/788 785/785/785 789/789/789 
f 790/790/790 791/791/791 792/792/792 
f 792/792/792 791/791/791 793/793/793 
f 790/790/790 794/794/794 791/791/791 
f 795/795/795 794/794/794 790/790/790 
f 798/798/798 797/797/797 796/796/796 
f 798/798/798 796/796/796 799/799/799 
f 806/806/806 804/804/804 802/802/802 
f 807/807/807 805/805/805 803/803/803 
f 804/804/804 806/806/806 807/807/807 
f 805/805/805 807/807/807 806/806/806 
f 809/809/809 808/808/808 810/810/810 
f 810/810/810 811/811/811 809/809/809 
f 810/810/810 812/812/812 811/811/811 
f 810/810/810 813/813/813 812/812/812 
f 814/814/814 812/812/812 813/813/813 
f 812/812/812 814/814/814 815/815/815 
f 818/818/818 819/819/819 820/820/820 
f 821/821/821 820/820/820 819/819/819 
f 819/819/819 818/818/818 822/822/822 
f 819/819/819 823/823/823 821/821/821 
f 824/824/824 822/822/822 818/818/818 
f 823/823/823 825/825/825 821/821/821 
f 822/822/822 824/824/824 826/826/826 
f 825/825/825 823/823/823 827/827/827 
f 828/828/828 826/826/826 824/824/824 
f 829/829/829 825/825/825 827/827/827 
f 828/828/828 824/824/824 830/830/830 
f 825/825/825 829/829/829 831/831/831 
f 830/830/830 832/832/832 828/828/828 
f 832/832/832 831/831/831 829/829/829 
f 832/832/832 830/830/830 833/833/833 
f 831/831/831 832/832/832 833/833/833 
f 842/842/842 843/843/843 844/844/844 
f 843/843/843 845/845/845 844/844/844 
f 844/844/844 846/846/846 842/842/842 
f 845/845/845 843/843/843 847/847/847 
f 848/848/848 842/842/842 846/846/846 
f 849/849/849 845/845/845 847/847/847 
f 842/842/842 848/848/848 850/850/850 
f 847/847/847 851/851/851 849/849/849 
f 852/852/852 850/850/850 848/848/848 
f 853/853/853 849/849/849 851/851/851 
f 850/850/850 852/852/852 853/853/853 
f 852/852/852 849/849/849 853/853/853 
f 854/854/854 855/855/855 856/856/856 
f 856/856/856 855/855/855 857/857/857 
f 854/854/854 856/856/856 858/858/858 
f 854/854/854 859/859/859 855/855/855 
f 855/855/855 859/859/859 860/860/860 
f 859/859/859 854/854/854 861/861/861 
f 862/862/862 863/863/863 864/864/864 
f 863/863/863 862/862/862 865/865/865 
f 866/866/866 867/867/867 868/868/868 
f 867/867/867 866/866/866 869/869/869 
f 867/867/867 869/869/869 870/870/870 
f 870/870/870 869/869/869 871/871/871 
f 872/872/872 873/873/873 874/874/874 
f 873/873/873 872/872/872 875/875/875 
f 873/873/873 875/875/875 876/876/876 
f 876/876/876 875/875/875 877/877/877 
f 878/878/878 879/879/879 880/880/880 
f 881/881/881 880/880/880 879/879/879 
f 880/880/880 881/881/881 882/882/882 
f 879/879/879 883/883/883 881/881/881 
f 881/881/881 883/883/883 884/884/884 
f 883/883/883 879/879/879 885/885/885 
f 889/889/889 890/890/890 891/891/891 
f 892/892/892 891/891/891 890/890/890 
f 891/891/891 892/892/892 893/893/893 
f 890/890/890 894/894/894 892/892/892 
f 892/892/892 894/894/894 895/895/895 
f 894/894/894 890/890/890 896/896/896 
f 897/897/897 898/898/898 899/899/899 
f 900/900/900 899/899/899 898/898/898 

g Meshpart4

v -390.166 5.60767 28.384 
v -389.819 5.60767 28.384 
v -390.166 5.47125 28.384 
v -389.819 5.47125 28.384 
v -390.166 5.60767 28.4075 
v -389.819 5.60767 28.4075 
v -390.166 5.60767 28.384 
v -389.819 5.60767 28.384 
v -389.819 5.60767 28.4075 
v -389.819 5.47125 28.4075 
v -389.819 5.47125 28.384 
v -389.819 5.60767 28.384 
v -390.166 5.47125 28.4075 
v -389.819 5.47125 28.4075 
v -390.166 5.60767 28.4075 
v -389.819 5.60767 28.4075 
v -390.166 5.47125 28.384 
v -389.819 5.47125 28.384 
v -390.166 5.47125 28.4075 
v -389.819 5.47125 28.4075 
v -390.166 5.60767 28.384 
v -390.166 5.47125 28.4075 
v -390.166 5.60767 28.4075 
v -390.166 5.47125 28.384 

vn 0 0 -1 
vn 0 0 -1 
vn 0 0 -1 
vn 0 0 -1 
vn 0 1 0 
vn 0 1 0 
vn 0 1 0 
vn 0 1 0 
vn 1 0 0 
vn 1 0 0 
vn 1 0 0 
vn 1 0 0 
vn 0 0 1 
vn 0 0 1 
vn 0 0 1 
vn 0 0 1 
vn 0 -1 0 
vn 0 -1 0 
vn 0 -1 0 
vn 0 -1 0 
vn -1 0 0 
vn -1 0 0 
vn -1 0 0 
vn -1 0 0 

vt 28.0217 -52.9915 
vt 27.9783 -52.9915 
vt 28.0217 -53.0085 
vt 27.9783 -53.0085 
vt 28.0015 -53.0217 
vt 28.0015 -52.9783 
vt 27.9985 -53.0217 
vt 27.9985 -52.9783 
vt 27.9985 -52.9915 
vt 27.9985 -53.0085 
vt 28.0015 -53.0085 
vt 28.0015 -52.9915 
vt 27.9783 -53.0085 
vt 28.0217 -53.0085 
vt 27.9783 -52.9915 
vt 28.0217 -52.9915 
vt 28.0015 -53.0217 
vt 28.0015 -52.9783 
vt 27.9985 -53.0217 
vt 27.9985 -52.9783 
vt 27.9985 -52.9915 
vt 28.0015 -53.0085 
vt 28.0015 -52.9915 
vt 27.9985 -53.0085 

usemtl Meshpart4Mtl

f 901/901/901 902/902/902 903/903/903 
f 903/903/903 902/902/902 904/904/904 
f 905/905/905 906/906/906 907/907/907 
f 907/907/907 906/906/906 908/908/908 
f 909/909/909 910/910/910 911/911/911 
f 911/911/911 912/912/912 909/909/909 
f 913/913/913 914/914/914 915/915/915 
f 915/915/915 914/914/914 916/916/916 
f 917/917/917 918/918/918 919/919/919 
f 919/919/919 918/918/918 920/920/920 
f 921/921/921 922/922/922 923/923/923 
f 922/922/922 921/921/921 924/924/924 

g Meshpart5

v -390.095 5.83813 29.3501 
v -390.072 5.89909 29.3515 
v -390.093 5.77717 29.3267 
v -390.029 5.94376 29.3306 
v -390.043 5.85447 29.3855 
v -390.054 5.79351 29.373 
v -389.997 5.76081 29.3679 
v -389.979 5.86644 29.3894 
v -389.978 5.96011 29.2929 
v -389.941 5.74884 29.336 
v -389.92 5.87082 29.3608 
v -390.098 5.91545 29.2503 
v -390.112 5.88276 29.3052 
v -390.072 5.89909 29.3515 
v -390.029 5.94376 29.3306 
v -389.979 5.86644 29.3894 
v -389.978 5.96011 29.2929 
v -390.057 5.92742 29.2002 
v -390.079 5.80545 29.1753 
v -389.92 5.87082 29.3608 
v -389.883 5.86644 29.3073 
v -389.901 5.76081 29.2858 
v -390.002 5.91545 29.1683 
v -389.933 5.94376 29.2486 
v -389.945 5.88276 29.1631 
v -389.906 5.89909 29.2094 
v -390.098 5.91545 29.2503 
v -390.122 5.8218 29.2928 
v -390.112 5.88276 29.3052 
v -390.095 5.83813 29.3501 
v -390.072 5.89909 29.3515 
v -390.093 5.77717 29.3267 
v -390.043 5.85447 29.3855 
v -390.066 5.73251 29.2876 
v -390.116 5.80983 29.2288 
v -390.057 5.92742 29.2002 
v -390.079 5.80545 29.1753 
v -390.057 5.92742 29.2002 
v -390.079 5.80545 29.1753 
v -390.021 5.71616 29.2432 
v -389.901 5.76081 29.2858 
v -390.02 5.80983 29.1467 
v -389.97 5.73251 29.2055 
v -390.002 5.91545 29.1683 
v -389.956 5.8218 29.1507 
v -389.927 5.77717 29.1846 
v -389.945 5.88276 29.1631 
v -389.903 5.83813 29.186 
v -389.906 5.89909 29.2094 
v -390.072 5.89909 29.3515 
v -390.093 5.77717 29.3267 
v -390.054 5.79351 29.373 
v -390.066 5.73251 29.2876 
v -390.116 5.80983 29.2288 
v -389.997 5.76081 29.3679 
v -390.079 5.80545 29.1753 
v -390.021 5.71616 29.2432 
v -389.941 5.74884 29.336 
v -389.901 5.76081 29.2858 
v -390.02 5.80983 29.1467 
v -389.97 5.73251 29.2055 
v -389.927 5.77717 29.1846 
v -389.887 5.79351 29.2309 
v -389.978 5.96011 29.2929 
v -389.941 5.74884 29.336 
v -389.92 5.87082 29.3608 
v -389.883 5.86644 29.3073 
v -389.901 5.76081 29.2858 
v -389.956 5.8218 29.1507 
v -389.927 5.77717 29.1846 
v -389.933 5.94376 29.2486 
v -389.903 5.83813 29.186 
v -389.887 5.79351 29.2309 
v -389.906 5.89909 29.2094 
v -389.877 5.85447 29.2434 

vn -0.76378 0 0.653543 
vn -0.535433 0.535433 0.645669 
vn -0.724409 -0.543307 0.433071 
vn -0.204724 0.850394 0.480315 
vn -0.283465 0.141732 0.952756 
vn -0.377953 -0.393701 0.84252 
vn 0.0551181 -0.622047 0.779528 
vn 0.19685 0.228346 0.952756 
vn 0.165354 0.968504 0.19685 
vn 0.456693 -0.708661 0.535433 
vn 0.629921 0.259843 0.732283 
vn -0.76378 0.622047 -0.173228 
vn -0.889764 0.393701 0.23622 
vn -0.535433 0.535433 0.645669 
vn -0.204724 0.850394 0.480315 
vn 0.19685 0.228346 0.952756 
vn 0.165354 0.968504 0.19685 
vn -0.456693 0.708661 -0.535433 
vn -0.629921 -0.259843 -0.732283 
vn 0.629921 0.259843 0.732283 
vn 0.913386 0.228346 0.346457 
vn 0.76378 -0.622047 0.173228 
vn -0.0551181 0.622047 -0.779528 
vn 0.503937 0.850394 -0.125984 
vn 0.377953 0.393701 -0.84252 
vn 0.724409 0.535433 -0.433071 
vn -0.76378 0.622047 -0.173228 
vn -0.984252 -0.141732 0.125984 
vn -0.889764 0.393701 0.23622 
vn -0.76378 0 0.653543 
vn -0.535433 0.535433 0.645669 
vn -0.724409 -0.543307 0.433071 
vn -0.283465 0.141732 0.952756 
vn -0.503937 -0.850394 0.125984 
vn -0.913386 -0.228346 -0.346457 
vn -0.456693 0.708661 -0.535433 
vn -0.629921 -0.259843 -0.732283 
vn -0.456693 0.708661 -0.535433 
vn -0.629921 -0.259843 -0.732283 
vn -0.165354 -0.968504 -0.19685 
vn 0.76378 -0.622047 0.173228 
vn -0.19685 -0.228346 -0.952756 
vn 0.204724 -0.850394 -0.480315 
vn -0.0551181 0.622047 -0.779528 
vn 0.283465 -0.141732 -0.952756 
vn 0.535433 -0.543307 -0.645669 
vn 0.377953 0.393701 -0.84252 
vn 0.76378 0 -0.645669 
vn 0.724409 0.535433 -0.433071 
vn -0.535433 0.535433 0.645669 
vn -0.724409 -0.543307 0.433071 
vn -0.377953 -0.393701 0.84252 
vn -0.503937 -0.850394 0.125984 
vn -0.913386 -0.228346 -0.346457 
vn 0.0551181 -0.622047 0.779528 
vn -0.629921 -0.259843 -0.732283 
vn -0.165354 -0.968504 -0.19685 
vn 0.456693 -0.708661 0.535433 
vn 0.76378 -0.622047 0.173228 
vn -0.19685 -0.228346 -0.952756 
vn 0.204724 -0.850394 -0.480315 
vn 0.535433 -0.543307 -0.645669 
vn 0.889764 -0.393701 -0.23622 
vn 0.165354 0.968504 0.19685 
vn 0.456693 -0.708661 0.535433 
vn 0.629921 0.259843 0.732283 
vn 0.913386 0.228346 0.346457 
vn 0.76378 -0.622047 0.173228 
vn 0.283465 -0.141732 -0.952756 
vn 0.535433 -0.543307 -0.645669 
vn 0.503937 0.850394 -0.125984 
vn 0.76378 0 -0.645669 
vn 0.889764 -0.393701 -0.23622 
vn 0.724409 0.535433 -0.433071 
vn 0.984252 0.141732 -0.125984 

vt 5.988 -25 
vt 5.99093 -24.9924 
vt 5.98828 -25.0076 
vt 5.9963 -24.9868 
vt 5.99456 -24.998 
vt 5.99323 -25.0056 
vt 6.00028 -25.0097 
vt 6.00257 -24.9965 
vt 6.00265 -24.9848 
vt 6.00725 -25.0112 
vt 6.0099 -24.9959 
vt 6.00222 -24.9877 
vt 5.99536 -24.986 
vt 5.98957 -24.9909 
vt 5.99218 -24.9963 
vt 5.98483 -25.0026 
vt 5.99689 -25.0027 
vt 6.00849 -24.9928 
vt 6.01159 -24.9901 
vt 5.98841 -25.0099 
vt 5.99509 -25.0146 
vt 5.99778 -25.0123 
vt 6.01248 -24.9997 
vt 6.00244 -25.0083 
vt 6.01312 -25.0068 
vt 6.00733 -25.0117 
vt 5.99778 -24.9903 
vt 6.00309 -25.002 
vt 6.00464 -24.9944 
vt 6.01025 -25 
vt 6.01043 -24.9924 
vt 6.00733 -25.0076 
vt 6.01467 -24.998 
vt 6.00244 -25.0132 
vt 5.99509 -25.0035 
vt 5.99151 -24.9888 
vt 5.98841 -25.0041 
vt 6.00725 -24.9888 
vt 6.0099 -25.0041 
vt 6.00265 -25.0152 
vt 5.98772 -25.0097 
vt 6.00257 -25.0035 
vt 5.9963 -25.0132 
vt 6.00028 -24.9903 
vt 5.99456 -25.002 
vt 5.99093 -25.0076 
vt 5.99323 -24.9944 
vt 5.988 -25 
vt 5.98828 -24.9924 
vt 6.01043 -24.9909 
vt 6.00733 -24.9883 
vt 6.01312 -24.9932 
vt 6.00244 -24.9917 
vt 5.99509 -24.9854 
vt 6.01248 -25.0003 
vt 5.98841 -24.9901 
vt 5.99689 -24.9973 
vt 6.00849 -25.0072 
vt 6.00222 -25.0123 
vt 5.98483 -24.9974 
vt 5.99218 -25.0037 
vt 5.98957 -25.0091 
vt 5.99536 -25.014 
vt 5.99689 -24.9848 
vt 5.99151 -25.0112 
vt 5.98841 -24.9959 
vt 5.99509 -24.9965 
vt 5.99778 -25.0097 
vt 6.01467 -25.002 
vt 6.01043 -25.0076 
vt 6.00244 -24.9868 
vt 6.01025 -25 
vt 6.00464 -25.0056 
vt 6.00733 -24.9924 
vt 6.00309 -24.998 

usemtl Meshpart5Mtl

f 925/925/925 929/929/929 926/926/926 
f 928/928/928 926/926/926 929/929/929 
f 925/925/925 927/927/927 930/930/930 
f 925/925/925 930/930/930 929/929/929 
f 931/931/931 929/929/929 930/930/930 
f 928/928/928 929/929/929 932/932/932 
f 929/929/929 931/931/931 932/932/932 
f 934/934/934 932/932/932 931/931/931 
f 932/932/932 934/934/934 935/935/935 
f 939/939/939 937/937/937 938/938/938 
f 937/937/937 939/939/939 936/936/936 
f 941/941/941 936/936/936 939/939/939 
f 941/941/941 939/939/939 940/940/940 
f 936/936/936 941/941/941 942/942/942 
f 940/940/940 944/944/944 941/941/941 
f 945/945/945 941/941/941 944/944/944 
f 942/942/942 941/941/941 947/947/947 
f 941/941/941 948/948/948 947/947/947 
f 941/941/941 945/945/945 948/948/948 
f 947/947/947 948/948/948 949/949/949 
f 948/948/948 950/950/950 949/949/949 
f 951/951/951 952/952/952 953/953/953 
f 954/954/954 953/953/953 952/952/952 
f 954/954/954 955/955/955 953/953/953 
f 954/954/954 952/952/952 956/956/956 
f 952/952/952 958/958/958 956/956/956 
f 952/952/952 951/951/951 959/959/959 
f 952/952/952 959/959/959 958/958/958 
f 960/960/960 959/959/959 951/951/951 
f 959/959/959 960/960/960 961/961/961 
f 962/962/962 966/966/966 963/963/963 
f 966/966/966 962/962/962 968/968/968 
f 969/969/969 967/967/967 966/966/966 
f 968/968/968 969/969/969 966/966/966 
f 967/967/967 969/969/969 970/970/970 
f 969/969/969 968/968/968 971/971/971 
f 969/969/969 972/972/972 970/970/970 
f 971/971/971 972/972/972 969/969/969 
f 973/973/973 972/972/972 971/971/971 
f 977/977/977 976/976/976 975/975/975 
f 976/976/976 977/977/977 979/979/979 
f 978/978/978 981/981/981 977/977/977 
f 981/981/981 979/979/979 977/977/977 
f 980/980/980 981/981/981 978/978/978 
f 979/979/979 981/981/981 982/982/982 
f 982/982/982 981/981/981 983/983/983 
f 984/984/984 981/981/981 980/980/980 
f 985/985/985 983/983/983 981/981/981 
f 981/981/981 984/984/984 985/985/985 
f 987/987/987 985/985/985 986/986/986 
f 983/983/983 985/985/985 987/987/987 
f 990/990/990 989/989/989 991/991/991 
f 989/989/989 992/992/992 991/991/991 
f 994/994/994 996/996/996 997/997/997 
f 997/997/997 996/996/996 999/999/999 
f 999/999/999 996/996/996 998/998/998 
f 992/992/992 997/997/997 999/999/999 
f 995/995/995 999/999/999 998/998/998 
f 991/991/991 992/992/992 999/999/999 
f 999/999/999 995/995/995 991/991/991 

g Meshpart6

v -389.903 5.83813 28.6975 
v -389.927 5.89909 28.6961 
v -389.906 5.77717 28.7209 
v -389.97 5.94376 28.717 
v -389.956 5.85447 28.6621 
v -389.945 5.79351 28.6746 
v -390.002 5.76081 28.6797 
v -390.02 5.86644 28.6582 
v -390.021 5.96011 28.7547 
v -390.057 5.74884 28.7117 
v -390.079 5.87082 28.6868 
v -389.901 5.91545 28.7973 
v -389.887 5.88276 28.7424 
v -389.927 5.89909 28.6961 
v -389.97 5.94376 28.717 
v -390.02 5.86644 28.6582 
v -390.021 5.96011 28.7547 
v -389.941 5.92742 28.8474 
v -389.92 5.80545 28.8723 
v -390.079 5.87082 28.6868 
v -390.116 5.86644 28.7403 
v -390.098 5.76081 28.7618 
v -389.997 5.91545 28.8794 
v -390.066 5.94376 28.799 
v -390.054 5.88276 28.8845 
v -390.093 5.89909 28.8382 
v -389.901 5.91545 28.7973 
v -389.877 5.8218 28.7548 
v -389.887 5.88276 28.7424 
v -389.903 5.83813 28.6975 
v -389.927 5.89909 28.6961 
v -389.906 5.77717 28.7209 
v -389.956 5.85447 28.6621 
v -389.933 5.73251 28.76 
v -389.883 5.80983 28.8188 
v -389.941 5.92742 28.8474 
v -389.92 5.80545 28.8723 
v -389.941 5.92742 28.8474 
v -389.92 5.80545 28.8723 
v -389.978 5.71616 28.8044 
v -390.098 5.76081 28.7618 
v -389.979 5.80983 28.9009 
v -390.029 5.73251 28.8421 
v -389.997 5.91545 28.8794 
v -390.043 5.8218 28.8969 
v -390.072 5.77717 28.863 
v -390.054 5.88276 28.8845 
v -390.095 5.83813 28.8616 
v -390.093 5.89909 28.8382 
v -389.927 5.89909 28.6961 
v -389.906 5.77717 28.7209 
v -389.945 5.79351 28.6746 
v -389.933 5.73251 28.76 
v -389.883 5.80983 28.8188 
v -390.002 5.76081 28.6797 
v -389.92 5.80545 28.8723 
v -389.978 5.71616 28.8044 
v -390.057 5.74884 28.7117 
v -390.098 5.76081 28.7618 
v -389.979 5.80983 28.9009 
v -390.029 5.73251 28.8421 
v -390.072 5.77717 28.863 
v -390.112 5.79351 28.8167 
v -390.021 5.96011 28.7547 
v -390.057 5.74884 28.7117 
v -390.079 5.87082 28.6868 
v -390.116 5.86644 28.7403 
v -390.098 5.76081 28.7618 
v -390.043 5.8218 28.8969 
v -390.072 5.77717 28.863 
v -390.066 5.94376 28.799 
v -390.095 5.83813 28.8616 
v -390.112 5.79351 28.8167 
v -390.093 5.89909 28.8382 
v -390.122 5.85447 28.8042 

vn 0.76378 0 -0.653543 
vn 0.535433 0.535433 -0.645669 
vn 0.724409 -0.543307 -0.433071 
vn 0.204724 0.850394 -0.480315 
vn 0.283465 0.141732 -0.952756 
vn 0.377953 -0.393701 -0.84252 
vn -0.0551181 -0.622047 -0.779528 
vn -0.19685 0.228346 -0.952756 
vn -0.165354 0.968504 -0.19685 
vn -0.456693 -0.708661 -0.535433 
vn -0.629921 0.259843 -0.732283 
vn 0.76378 0.622047 0.173228 
vn 0.889764 0.393701 -0.23622 
vn 0.535433 0.535433 -0.645669 
vn 0.204724 0.850394 -0.480315 
vn -0.19685 0.228346 -0.952756 
vn -0.165354 0.968504 -0.19685 
vn 0.456693 0.708661 0.535433 
vn 0.629921 -0.259843 0.732283 
vn -0.629921 0.259843 -0.732283 
vn -0.913386 0.228346 -0.346457 
vn -0.76378 -0.622047 -0.173228 
vn 0.0551181 0.622047 0.779528 
vn -0.503937 0.850394 0.125984 
vn -0.377953 0.393701 0.84252 
vn -0.724409 0.535433 0.433071 
vn 0.76378 0.622047 0.173228 
vn 0.984252 -0.141732 -0.125984 
vn 0.889764 0.393701 -0.23622 
vn 0.76378 0 -0.653543 
vn 0.535433 0.535433 -0.645669 
vn 0.724409 -0.543307 -0.433071 
vn 0.283465 0.141732 -0.952756 
vn 0.503937 -0.850394 -0.125984 
vn 0.913386 -0.228346 0.346457 
vn 0.456693 0.708661 0.535433 
vn 0.629921 -0.259843 0.732283 
vn 0.456693 0.708661 0.535433 
vn 0.629921 -0.259843 0.732283 
vn 0.165354 -0.968504 0.19685 
vn -0.76378 -0.622047 -0.173228 
vn 0.19685 -0.228346 0.952756 
vn -0.204724 -0.850394 0.480315 
vn 0.0551181 0.622047 0.779528 
vn -0.283465 -0.141732 0.952756 
vn -0.535433 -0.543307 0.645669 
vn -0.377953 0.393701 0.84252 
vn -0.76378 0 0.645669 
vn -0.724409 0.535433 0.433071 
vn 0.535433 0.535433 -0.645669 
vn 0.724409 -0.543307 -0.433071 
vn 0.377953 -0.393701 -0.84252 
vn 0.503937 -0.850394 -0.125984 
vn 0.913386 -0.228346 0.346457 
vn -0.0551181 -0.622047 -0.779528 
vn 0.629921 -0.259843 0.732283 
vn 0.165354 -0.968504 0.19685 
vn -0.456693 -0.708661 -0.535433 
vn -0.76378 -0.622047 -0.173228 
vn 0.19685 -0.228346 0.952756 
vn -0.204724 -0.850394 0.480315 
vn -0.535433 -0.543307 0.645669 
vn -0.889764 -0.393701 0.23622 
vn -0.165354 0.968504 -0.19685 
vn -0.456693 -0.708661 -0.535433 
vn -0.629921 0.259843 -0.732283 
vn -0.913386 0.228346 -0.346457 
vn -0.76378 -0.622047 -0.173228 
vn -0.283465 -0.141732 0.952756 
vn -0.535433 -0.543307 0.645669 
vn -0.503937 0.850394 0.125984 
vn -0.76378 0 0.645669 
vn -0.889764 -0.393701 0.23622 
vn -0.724409 0.535433 0.433071 
vn -0.984252 0.141732 0.125984 

vt 47.988 -55 
vt 47.9909 -54.9924 
vt 47.9883 -55.0076 
vt 47.9963 -54.9868 
vt 47.9946 -54.998 
vt 47.9932 -55.0056 
vt 48.0003 -55.0097 
vt 48.0026 -54.9965 
vt 48.0027 -54.9848 
vt 48.0073 -55.0112 
vt 48.0099 -54.9959 
vt 48.0022 -54.9877 
vt 47.9954 -54.986 
vt 47.9896 -54.9909 
vt 47.9922 -54.9963 
vt 47.9848 -55.0026 
vt 47.9969 -55.0027 
vt 48.0085 -54.9927 
vt 48.0116 -54.9901 
vt 47.9884 -55.0099 
vt 47.9951 -55.0146 
vt 47.9978 -55.0123 
vt 48.0125 -54.9997 
vt 48.0024 -55.0083 
vt 48.0131 -55.0068 
vt 48.0073 -55.0117 
vt 47.9978 -54.9903 
vt 48.0031 -55.002 
vt 48.0046 -54.9944 
vt 48.0103 -55 
vt 48.0104 -54.9924 
vt 48.0073 -55.0076 
vt 48.0147 -54.998 
vt 48.0024 -55.0132 
vt 47.9951 -55.0035 
vt 47.9915 -54.9888 
vt 47.9884 -55.0041 
vt 48.0073 -54.9888 
vt 48.0099 -55.0041 
vt 48.0027 -55.0152 
vt 47.9877 -55.0097 
vt 48.0026 -55.0035 
vt 47.9963 -55.0132 
vt 48.0003 -54.9903 
vt 47.9946 -55.002 
vt 47.9909 -55.0076 
vt 47.9932 -54.9944 
vt 47.988 -55 
vt 47.9883 -54.9924 
vt 48.0104 -54.9909 
vt 48.0073 -54.9883 
vt 48.0131 -54.9932 
vt 48.0024 -54.9917 
vt 47.9951 -54.9854 
vt 48.0125 -55.0003 
vt 47.9884 -54.9901 
vt 47.9969 -54.9973 
vt 48.0085 -55.0073 
vt 48.0022 -55.0123 
vt 47.9848 -54.9974 
vt 47.9922 -55.0037 
vt 47.9896 -55.0091 
vt 47.9954 -55.014 
vt 47.9969 -54.9848 
vt 47.9915 -55.0112 
vt 47.9884 -54.9959 
vt 47.9951 -54.9965 
vt 47.9978 -55.0097 
vt 48.0147 -55.002 
vt 48.0104 -55.0076 
vt 48.0024 -54.9868 
vt 48.0103 -55 
vt 48.0046 -55.0056 
vt 48.0073 -54.9924 
vt 48.0031 -54.998 

usemtl Meshpart6Mtl

f 1000/1000/1000 1004/1004/1004 1001/1001/1001 
f 1003/1003/1003 1001/1001/1001 1004/1004/1004 
f 1000/1000/1000 1002/1002/1002 1005/1005/1005 
f 1000/1000/1000 1005/1005/1005 1004/1004/1004 
f 1006/1006/1006 1004/1004/1004 1005/1005/1005 
f 1003/1003/1003 1004/1004/1004 1007/1007/1007 
f 1004/1004/1004 1006/1006/1006 1007/1007/1007 
f 1009/1009/1009 1007/1007/1007 1006/1006/1006 
f 1007/1007/1007 1009/1009/1009 1010/1010/1010 
f 1014/1014/1014 1012/1012/1012 1013/1013/1013 
f 1012/1012/1012 1014/1014/1014 1011/1011/1011 
f 1016/1016/1016 1011/1011/1011 1014/1014/1014 
f 1016/1016/1016 1014/1014/1014 1015/1015/1015 
f 1011/1011/1011 1016/1016/1016 1017/1017/1017 
f 1015/1015/1015 1019/1019/1019 1016/1016/1016 
f 1020/1020/1020 1016/1016/1016 1019/1019/1019 
f 1017/1017/1017 1016/1016/1016 1022/1022/1022 
f 1016/1016/1016 1023/1023/1023 1022/1022/1022 
f 1016/1016/1016 1020/1020/1020 1023/1023/1023 
f 1022/1022/1022 1023/1023/1023 1024/1024/1024 
f 1023/1023/1023 1025/1025/1025 1024/1024/1024 
f 1026/1026/1026 1027/1027/1027 1028/1028/1028 
f 1029/1029/1029 1028/1028/1028 1027/1027/1027 
f 1029/1029/1029 1030/1030/1030 1028/1028/1028 
f 1029/1029/1029 1027/1027/1027 1031/1031/1031 
f 1027/1027/1027 1033/1033/1033 1031/1031/1031 
f 1027/1027/1027 1026/1026/1026 1034/1034/1034 
f 1027/1027/1027 1034/1034/1034 1033/1033/1033 
f 1035/1035/1035 1034/1034/1034 1026/1026/1026 
f 1034/1034/1034 1035/1035/1035 1036/1036/1036 
f 1037/1037/1037 1041/1041/1041 1038/1038/1038 
f 1041/1041/1041 1037/1037/1037 1043/1043/1043 
f 1044/1044/1044 1042/1042/1042 1041/1041/1041 
f 1043/1043/1043 1044/1044/1044 1041/1041/1041 
f 1042/1042/1042 1044/1044/1044 1045/1045/1045 
f 1044/1044/1044 1043/1043/1043 1046/1046/1046 
f 1044/1044/1044 1047/1047/1047 1045/1045/1045 
f 1046/1046/1046 1047/1047/1047 1044/1044/1044 
f 1048/1048/1048 1047/1047/1047 1046/1046/1046 
f 1052/1052/1052 1051/1051/1051 1050/1050/1050 
f 1051/1051/1051 1052/1052/1052 1054/1054/1054 
f 1053/1053/1053 1056/1056/1056 1052/1052/1052 
f 1056/1056/1056 1054/1054/1054 1052/1052/1052 
f 1055/1055/1055 1056/1056/1056 1053/1053/1053 
f 1054/1054/1054 1056/1056/1056 1057/1057/1057 
f 1057/1057/1057 1056/1056/1056 1058/1058/1058 
f 1059/1059/1059 1056/1056/1056 1055/1055/1055 
f 1060/1060/1060 1058/1058/1058 1056/1056/1056 
f 1056/1056/1056 1059/1059/1059 1060/1060/1060 
f 1062/1062/1062 1060/1060/1060 1061/1061/1061 
f 1058/1058/1058 1060/1060/1060 1062/1062/1062 
f 1065/1065/1065 1064/1064/1064 1066/1066/1066 
f 1064/1064/1064 1067/1067/1067 1066/1066/1066 
f 1069/1069/1069 1071/1071/1071 1072/1072/1072 
f 1072/1072/1072 1071/1071/1071 1074/1074/1074 
f 1074/1074/1074 1071/1071/1071 1073/1073/1073 
f 1067/1067/1067 1072/1072/1072 1074/1074/1074 
f 1070/1070/1070 1074/1074/1074 1073/1073/1073 
f 1066/1066/1066 1067/1067/1067 1074/1074/1074 
f 1074/1074/1074 1070/1070/1070 1066/1066/1066 

g Meshpart7

v -390.164 5.9577 28.6348 
v -389.822 5.9577 28.6348 
v -390.164 5.83171 28.6348 
v -389.822 5.83171 28.6348 
v -390.164 5.9577 28.6348 
v -390.164 5.9577 29.6562 
v -389.822 5.9577 29.6562 
v -389.822 5.9577 28.6348 
v -389.822 5.9577 29.6562 
v -389.822 5.74121 28.7373 
v -389.822 5.9577 28.6348 
v -389.822 5.83171 28.6348 
v -389.822 5.74121 29.5541 
v -389.822 5.8304 29.6562 
v -389.822 5.8304 29.6562 
v -390.164 5.8304 29.6562 
v -390.164 5.9577 29.6562 
v -389.822 5.9577 29.6562 
v -390.164 5.83171 28.6348 
v -389.822 5.83171 28.6348 
v -389.822 5.74121 28.7373 
v -390.164 5.74121 28.7373 
v -390.164 5.74121 29.5541 
v -389.822 5.74121 29.5541 
v -389.822 5.8304 29.6562 
v -390.164 5.8304 29.6562 
v -390.164 5.9577 29.6562 
v -390.164 5.9577 28.6348 
v -390.164 5.74121 28.7373 
v -390.164 5.83171 28.6348 
v -390.164 5.74121 29.5541 
v -390.164 5.8304 29.6562 

vn 0 0 -1 
vn 0 0 -1 
vn 0 -0.409449 -0.913386 
vn 0 -0.409449 -0.913386 
vn 0 1 0 
vn 0 1 0 
vn 0 1 0 
vn 0 1 0 
vn 1 0 0 
vn 1 0 0 
vn 1 0 0 
vn 1 0 0 
vn 1 0 0 
vn 1 0 0 
vn 0 -0.417323 0.913386 
vn 0 -0.417323 0.913386 
vn 0 0 1 
vn 0 0 1 
vn 0 -0.409449 -0.913386 
vn 0 -0.409449 -0.913386 
vn 0 -0.937008 -0.354331 
vn 0 -0.937008 -0.354331 
vn 0 -0.937008 0.354331 
vn 0 -0.937008 0.354331 
vn 0 -0.417323 0.913386 
vn 0 -0.417323 0.913386 
vn -1 0 0 
vn -1 0 0 
vn -1 0 0 
vn -1 0 0 
vn -1 0 0 
vn -1 0 0 

vt 30.0214 -30.9865 
vt 29.9786 -30.9865 
vt 30.0214 -31.0022 
vt 29.9786 -31.0022 
vt 29.9362 -31.0214 
vt 30.0638 -31.0214 
vt 30.0638 -30.9786 
vt 29.9362 -30.9786 
vt 29.9362 -30.9865 
vt 30.051 -31.0135 
vt 30.0638 -30.9865 
vt 30.0638 -31.0022 
vt 29.9489 -31.0135 
vt 29.9362 -31.0024 
vt 30.0214 -31.0024 
vt 29.9786 -31.0024 
vt 29.9786 -30.9865 
vt 30.0214 -30.9865 
vt 30.0638 -31.0214 
vt 30.0638 -30.9786 
vt 30.051 -30.9786 
vt 30.051 -31.0214 
vt 29.9489 -31.0214 
vt 29.9489 -30.9786 
vt 29.9362 -30.9786 
vt 29.9362 -31.0214 
vt 30.0638 -30.9865 
vt 29.9362 -30.9865 
vt 29.949 -31.0135 
vt 29.9362 -31.0022 
vt 30.0511 -31.0135 
vt 30.0638 -31.0024 

usemtl Meshpart7Mtl

f 1075/1075/1075 1076/1076/1076 1077/1077/1077 
f 1077/1077/1077 1076/1076/1076 1078/1078/1078 
f 1079/1079/1079 1080/1080/1080 1081/1081/1081 
f 1079/1079/1079 1081/1081/1081 1082/1082/1082 
f 1083/1083/1083 1084/1084/1084 1085/1085/1085 
f 1085/1085/1085 1084/1084/1084 1086/1086/1086 
f 1084/1084/1084 1083/1083/1083 1087/1087/1087 
f 1087/1087/1087 1083/1083/1083 1088/1088/1088 
f 1090/1090/1090 1089/1089/1089 1091/1091/1091 
f 1091/1091/1091 1089/1089/1089 1092/1092/1092 
f 1095/1095/1095 1093/1093/1093 1094/1094/1094 
f 1093/1093/1093 1095/1095/1095 1096/1096/1096 
f 1097/1097/1097 1096/1096/1096 1095/1095/1095 
f 1097/1097/1097 1095/1095/1095 1098/1098/1098 
f 1097/1097/1097 1098/1098/1098 1099/1099/1099 
f 1099/1099/1099 1100/1100/1100 1097/1097/1097 
f 1101/1101/1101 1102/1102/1102 1103/1103/1103 
f 1103/1103/1103 1102/1102/1102 1104/1104/1104 
f 1105/1105/1105 1101/1101/1101 1103/1103/1103 
f 1101/1101/1101 1105/1105/1105 1106/1106/1106 

g Meshpart8

v -389.917 5.83813 29.6126 
v -389.916 5.89909 29.5891 
v -389.941 5.77717 29.6104 
v -389.937 5.94376 29.5462 
v -389.882 5.85447 29.5602 
v -389.894 5.79351 29.5708 
v -389.9 5.76081 29.5144 
v -389.878 5.86644 29.496 
v -389.975 5.96011 29.4954 
v -389.932 5.74884 29.4586 
v -389.907 5.87082 29.4374 
v -390.017 5.91545 29.6148 
v -389.962 5.88276 29.6287 
v -389.916 5.89909 29.5891 
v -389.937 5.94376 29.5462 
v -389.878 5.86644 29.496 
v -389.975 5.96011 29.4954 
v -390.067 5.92742 29.5746 
v -390.092 5.80545 29.5958 
v -389.907 5.87082 29.4374 
v -389.96 5.86644 29.4 
v -389.982 5.76081 29.4184 
v -390.099 5.91545 29.5188 
v -390.019 5.94376 29.4502 
v -390.104 5.88276 29.4624 
v -390.058 5.89909 29.4228 
v -390.017 5.91545 29.6148 
v -389.975 5.8218 29.6394 
v -389.962 5.88276 29.6287 
v -389.917 5.83813 29.6126 
v -389.916 5.89909 29.5891 
v -389.941 5.77717 29.6104 
v -389.882 5.85447 29.5602 
v -389.98 5.73251 29.583 
v -390.039 5.80983 29.6332 
v -390.067 5.92742 29.5746 
v -390.092 5.80545 29.5958 
v -390.067 5.92742 29.5746 
v -390.092 5.80545 29.5958 
v -390.024 5.71616 29.5378 
v -389.982 5.76081 29.4184 
v -390.121 5.80983 29.5372 
v -390.062 5.73251 29.487 
v -390.099 5.91545 29.5188 
v -390.117 5.8218 29.473 
v -390.083 5.77717 29.4441 
v -390.104 5.88276 29.4624 
v -390.081 5.83813 29.4206 
v -390.058 5.89909 29.4228 
v -389.916 5.89909 29.5891 
v -389.941 5.77717 29.6104 
v -389.894 5.79351 29.5708 
v -389.98 5.73251 29.583 
v -390.039 5.80983 29.6332 
v -389.9 5.76081 29.5144 
v -390.092 5.80545 29.5958 
v -390.024 5.71616 29.5378 
v -389.932 5.74884 29.4586 
v -389.982 5.76081 29.4184 
v -390.121 5.80983 29.5372 
v -390.062 5.73251 29.487 
v -390.083 5.77717 29.4441 
v -390.037 5.79351 29.4045 
v -389.975 5.96011 29.4954 
v -389.932 5.74884 29.4586 
v -389.907 5.87082 29.4374 
v -389.96 5.86644 29.4 
v -389.982 5.76081 29.4184 
v -390.117 5.8218 29.473 
v -390.083 5.77717 29.4441 
v -390.019 5.94376 29.4502 
v -390.081 5.83813 29.4206 
v -390.037 5.79351 29.4045 
v -390.058 5.89909 29.4228 
v -390.024 5.85447 29.3938 

vn 0.653543 0 0.76378 
vn 0.645669 0.535433 0.535433 
vn 0.433071 -0.543307 0.724409 
vn 0.480315 0.850394 0.204724 
vn 0.952756 0.141732 0.283465 
vn 0.84252 -0.393701 0.377953 
vn 0.779528 -0.622047 -0.0551181 
vn 0.952756 0.228346 -0.19685 
vn 0.19685 0.968504 -0.165354 
vn 0.535433 -0.708661 -0.456693 
vn 0.732283 0.259843 -0.629921 
vn -0.173228 0.622047 0.76378 
vn 0.23622 0.393701 0.889764 
vn 0.645669 0.535433 0.535433 
vn 0.480315 0.850394 0.204724 
vn 0.952756 0.228346 -0.19685 
vn 0.19685 0.968504 -0.165354 
vn -0.535433 0.708661 0.456693 
vn -0.732283 -0.259843 0.629921 
vn 0.732283 0.259843 -0.629921 
vn 0.346457 0.228346 -0.913386 
vn 0.173228 -0.622047 -0.76378 
vn -0.779528 0.622047 0.0551181 
vn -0.125984 0.850394 -0.503937 
vn -0.84252 0.393701 -0.377953 
vn -0.433071 0.535433 -0.724409 
vn -0.173228 0.622047 0.76378 
vn 0.125984 -0.141732 0.984252 
vn 0.23622 0.393701 0.889764 
vn 0.653543 0 0.76378 
vn 0.645669 0.535433 0.535433 
vn 0.433071 -0.543307 0.724409 
vn 0.952756 0.141732 0.283465 
vn 0.125984 -0.850394 0.503937 
vn -0.346457 -0.228346 0.913386 
vn -0.535433 0.708661 0.456693 
vn -0.732283 -0.259843 0.629921 
vn -0.535433 0.708661 0.456693 
vn -0.732283 -0.259843 0.629921 
vn -0.19685 -0.968504 0.165354 
vn 0.173228 -0.622047 -0.76378 
vn -0.952756 -0.228346 0.19685 
vn -0.480315 -0.850394 -0.204724 
vn -0.779528 0.622047 0.0551181 
vn -0.952756 -0.141732 -0.283465 
vn -0.645669 -0.543307 -0.535433 
vn -0.84252 0.393701 -0.377953 
vn -0.645669 0 -0.76378 
vn -0.433071 0.535433 -0.724409 
vn 0.645669 0.535433 0.535433 
vn 0.433071 -0.543307 0.724409 
vn 0.84252 -0.393701 0.377953 
vn 0.125984 -0.850394 0.503937 
vn -0.346457 -0.228346 0.913386 
vn 0.779528 -0.622047 -0.0551181 
vn -0.732283 -0.259843 0.629921 
vn -0.19685 -0.968504 0.165354 
vn 0.535433 -0.708661 -0.456693 
vn 0.173228 -0.622047 -0.76378 
vn -0.952756 -0.228346 0.19685 
vn -0.480315 -0.850394 -0.204724 
vn -0.645669 -0.543307 -0.535433 
vn -0.23622 -0.393701 -0.889764 
vn 0.19685 0.968504 -0.165354 
vn 0.535433 -0.708661 -0.456693 
vn 0.732283 0.259843 -0.629921 
vn 0.346457 0.228346 -0.913386 
vn 0.173228 -0.622047 -0.76378 
vn -0.952756 -0.141732 -0.283465 
vn -0.645669 -0.543307 -0.535433 
vn -0.125984 0.850394 -0.503937 
vn -0.645669 0 -0.76378 
vn -0.23622 -0.393701 -0.889764 
vn -0.433071 0.535433 -0.724409 
vn -0.125984 0.141732 -0.984252 

vt 1.988 -29 
vt 1.99093 -28.9924 
vt 1.98828 -29.0076 
vt 1.9963 -28.9868 
vt 1.99456 -28.998 
vt 1.99323 -29.0056 
vt 2.00028 -29.0097 
vt 2.00257 -28.9965 
vt 2.00265 -28.9848 
vt 2.00725 -29.0112 
vt 2.0099 -28.9959 
vt 2.00222 -28.9877 
vt 1.99536 -28.986 
vt 1.98957 -28.9909 
vt 1.99218 -28.9963 
vt 1.98483 -29.0026 
vt 1.99689 -29.0027 
vt 2.00849 -28.9928 
vt 2.01159 -28.9901 
vt 1.98841 -29.0099 
vt 1.99509 -29.0146 
vt 1.99778 -29.0123 
vt 2.01248 -28.9997 
vt 2.00244 -29.0083 
vt 2.01312 -29.0068 
vt 2.00733 -29.0117 
vt 1.99778 -28.9903 
vt 2.00309 -29.002 
vt 2.00464 -28.9944 
vt 2.01025 -29 
vt 2.01043 -28.9924 
vt 2.00733 -29.0076 
vt 2.01467 -28.998 
vt 2.00244 -29.0132 
vt 1.99509 -29.0035 
vt 1.99151 -28.9888 
vt 1.98841 -29.0041 
vt 2.00725 -28.9888 
vt 2.0099 -29.0041 
vt 2.00265 -29.0152 
vt 1.98772 -29.0097 
vt 2.00257 -29.0035 
vt 1.9963 -29.0132 
vt 2.00028 -28.9903 
vt 1.99456 -29.002 
vt 1.99093 -29.0076 
vt 1.99323 -28.9944 
vt 1.988 -29 
vt 1.98828 -28.9924 
vt 2.01043 -28.9909 
vt 2.00733 -28.9883 
vt 2.01312 -28.9932 
vt 2.00244 -28.9917 
vt 1.99509 -28.9854 
vt 2.01248 -29.0003 
vt 1.98841 -28.9901 
vt 1.99689 -28.9973 
vt 2.00849 -29.0072 
vt 2.00222 -29.0123 
vt 1.98483 -28.9974 
vt 1.99218 -29.0037 
vt 1.98957 -29.0091 
vt 1.99536 -29.014 
vt 1.99689 -28.9848 
vt 1.99151 -29.0112 
vt 1.98841 -28.9959 
vt 1.99509 -28.9965 
vt 1.99778 -29.0097 
vt 2.01467 -29.002 
vt 2.01043 -29.0076 
vt 2.00244 -28.9868 
vt 2.01025 -29 
vt 2.00464 -29.0056 
vt 2.00733 -28.9924 
vt 2.00309 -28.998 

usemtl Meshpart8Mtl

f 1107/1107/1107 1111/1111/1111 1108/1108/1108 
f 1110/1110/1110 1108/1108/1108 1111/1111/1111 
f 1107/1107/1107 1109/1109/1109 1112/1112/1112 
f 1107/1107/1107 1112/1112/1112 1111/1111/1111 
f 1113/1113/1113 1111/1111/1111 1112/1112/1112 
f 1110/1110/1110 1111/1111/1111 1114/1114/1114 
f 1111/1111/1111 1113/1113/1113 1114/1114/1114 
f 1116/1116/1116 1114/1114/1114 1113/1113/1113 
f 1114/1114/1114 1116/1116/1116 1117/1117/1117 
f 1121/1121/1121 1119/1119/1119 1120/1120/1120 
f 1119/1119/1119 1121/1121/1121 1118/1118/1118 
f 1123/1123/1123 1118/1118/1118 1121/1121/1121 
f 1123/1123/1123 1121/1121/1121 1122/1122/1122 
f 1118/1118/1118 1123/1123/1123 1124/1124/1124 
f 1122/1122/1122 1126/1126/1126 1123/1123/1123 
f 1127/1127/1127 1123/1123/1123 1126/1126/1126 
f 1124/1124/1124 1123/1123/1123 1129/1129/1129 
f 1123/1123/1123 1130/1130/1130 1129/1129/1129 
f 1123/1123/1123 1127/1127/1127 1130/1130/1130 
f 1129/1129/1129 1130/1130/1130 1131/1131/1131 
f 1130/1130/1130 1132/1132/1132 1131/1131/1131 
f 1133/1133/1133 1134/1134/1134 1135/1135/1135 
f 1136/1136/1136 1135/1135/1135 1134/1134/1134 
f 1136/1136/1136 1137/1137/1137 1135/1135/1135 
f 1136/1136/1136 1134/1134/1134 1138/1138/1138 
f 1134/1134/1134 1140/1140/1140 1138/1138/1138 
f 1134/1134/1134 1133/1133/1133 1141/1141/1141 
f 1134/1134/1134 1141/1141/1141 1140/1140/1140 
f 1142/1142/1142 1141/1141/1141 1133/1133/1133 
f 1141/1141/1141 1142/1142/1142 1143/1143/1143 
f 1144/1144/1144 1148/1148/1148 1145/1145/1145 
f 1148/1148/1148 1144/1144/1144 1150/1150/1150 
f 1151/1151/1151 1149/1149/1149 1148/1148/1148 
f 1150/1150/1150 1151/1151/1151 1148/1148/1148 
f 1149/1149/1149 1151/1151/1151 1152/1152/1152 
f 1151/1151/1151 1150/1150/1150 1153/1153/1153 
f 1151/1151/1151 1154/1154/1154 1152/1152/1152 
f 1153/1153/1153 1154/1154/1154 1151/1151/1151 
f 1155/1155/1155 1154/1154/1154 1153/1153/1153 
f 1159/1159/1159 1158/1158/1158 1157/1157/1157 
f 1158/1158/1158 1159/1159/1159 1161/1161/1161 
f 1160/1160/1160 1163/1163/1163 1159/1159/1159 
f 1163/1163/1163 1161/1161/1161 1159/1159/1159 
f 1162/1162/1162 1163/1163/1163 1160/1160/1160 
f 1161/1161/1161 1163/1163/1163 1164/1164/1164 
f 1164/1164/1164 1163/1163/1163 1165/1165/1165 
f 1166/1166/1166 1163/1163/1163 1162/1162/1162 
f 1167/1167/1167 1165/1165/1165 1163/1163/1163 
f 1163/1163/1163 1166/1166/1166 1167/1167/1167 
f 1169/1169/1169 1167/1167/1167 1168/1168/1168 
f 1165/1165/1165 1167/1167/1167 1169/1169/1169 
f 1172/1172/1172 1171/1171/1171 1173/1173/1173 
f 1171/1171/1171 1174/1174/1174 1173/1173/1173 
f 1176/1176/1176 1178/1178/1178 1179/1179/1179 
f 1179/1179/1179 1178/1178/1178 1181/1181/1181 
f 1181/1181/1181 1178/1178/1178 1180/1180/1180 
f 1174/1174/1174 1179/1179/1179 1181/1181/1181 
f 1177/1177/1177 1181/1181/1181 1180/1180/1180 
f 1173/1173/1173 1174/1174/1174 1181/1181/1181 
f 1181/1181/1181 1177/1177/1177 1173/1173/1173 

