# This file is brought to you by Roblox Corporation
# Generated by Roblox Studio

mtllib Keyttle.mtl

g Meshpart1

v -139.989 6.37604 57.9698 
v -139.815 8.668 58.8248 
v -139.753 7.828 57.8888 
v -139.753 6.796 57.9368 
v -140.076 7.828 57.8888 
v -140.076 6.796 57.9368 
v -139.753 7.09067 59.2901 
v -139.753 7.59467 59.2661 
v -140.076 7.09067 59.2901 
v -140.076 7.59467 59.2661 
v -140.076 7.99575 58.8114 
v -140.076 7.69067 58.1381 
v -139.771 6.53747 58.7009 
v -140.038 6.53747 58.7009 
v -139.753 6.71558 58.8176 
v -140.076 6.91414 58.9477 
v -139.753 6.92027 58.9517 
v -140.076 6.92027 58.9517 
v -139.753 7.09067 59.2901 
v -140.076 7.09067 59.2901 
v -139.753 7.59467 59.2661 
v -140.076 7.59467 59.2661 
v -139.796 8.21195 58.6709 
v -140.076 7.73195 58.9829 
v -140.053 8.21195 58.6709 
v -139.753 7.73195 58.9829 
v -140.076 7.99575 58.8114 
v -139.753 7.79872 58.9395 
v -139.845 8.6124 58.2744 
v -139.959 8.6124 58.2744 
v -139.914 8.80878 58.1096 
v -139.986 6.07091 58.3334 
v -139.869 6.07091 58.3334 
v -139.914 5.87829 58.1718 
v -140.076 7.65893 59.825 
v -139.753 7.65893 59.825 
v -139.959 8.6124 58.2744 
v -139.847 8.30727 57.9107 
v -139.959 8.30727 57.9107 
v -139.845 8.6124 58.2744 
v -139.753 8.068 59.2088 
v -140.076 8.068 59.2088 
v -140.076 7.65893 59.825 
v -139.753 7.65893 59.825 
v -139.753 7.828 57.8888 
v -139.753 6.796 57.9368 
v -140.076 7.828 57.8888 
v -139.815 8.668 58.8248 
v -140.014 8.668 58.8248 
v -139.753 6.92267 58.1621 
v -139.753 6.71558 58.8176 
v -139.753 7.09067 59.2901 
v -139.753 7.59467 59.2661 
v -140.038 6.53747 58.7009 
v -140.058 6.92267 58.1621 
v -140.076 7.09067 59.2901 
v -140.076 7.59467 59.2661 
v -139.771 6.53747 58.7009 
v -139.753 6.92267 58.1621 
v -140.038 6.53747 58.7009 
v -140.058 6.92267 58.1621 
v -139.753 6.92027 58.9517 
v -140.076 6.92027 58.9517 
v -139.753 7.09067 59.2901 
v -140.076 7.09067 59.2901 
v -140.076 7.09241 59.8607 
v -139.753 7.09241 59.8607 
v -140.076 7.65893 59.825 
v -139.753 7.65893 59.825 
v -139.959 8.30727 57.9107 
v -139.989 6.37604 57.9698 
v -139.869 6.07091 58.3334 
v -139.815 8.668 58.8248 
v -140.014 8.668 58.8248 
v -140.014 6.076 58.8008 
v -139.753 6.67881 59.2204 
v -139.753 7.828 57.8888 
v -139.753 6.796 57.9368 
v -140.076 7.828 57.8888 
v -139.914 6.556 57.3368 
v -139.753 7.828 57.8888 
v -139.753 6.796 57.9368 
v -139.914 8.092 57.2888 
v -139.753 6.796 57.9368 
v -139.815 6.076 58.8008 
v -139.869 6.07091 58.3334 
v -139.914 5.87829 58.1718 
v -139.914 5.212 58.9928 
v -139.864 6.37604 57.9698 
v -139.873 6.3544 57.9516 
v -139.914 6.556 57.3368 
v -139.914 6.17747 57.8032 
v -139.914 8.80878 58.1096 
v -139.914 9.58 58.9928 
v -139.954 8.32093 57.8993 
v -139.914 8.092 57.2888 
v -139.847 8.30727 57.9107 
v -139.753 7.828 57.8888 
v -139.914 8.49648 57.752 
v -139.845 8.6124 58.2744 
v -139.815 8.668 58.8248 
v -139.914 8.80878 58.1096 
v -139.914 9.58 58.9928 
v -139.753 6.796 57.9368 
v -139.768 7.2496 58.1519 
v -139.753 7.01839 58.1592 
v -139.753 6.92267 58.1621 
v -139.771 6.53747 58.7009 
v -139.753 7.828 57.8888 
v -139.815 6.076 58.8008 
v -139.769 7.69067 58.1381 
v -139.796 8.21195 58.6709 
v -139.815 8.668 58.8248 
v -139.753 6.67881 59.2204 
v -139.753 6.71558 58.8176 
v -139.753 6.92027 58.9517 
v -139.753 7.09067 59.2901 
v -139.753 7.09241 59.8607 
v -139.753 7.37801 59.7263 
v -139.753 7.59467 59.2661 
v -139.753 7.65893 59.825 
v -139.753 8.068 59.2088 
v -139.753 7.73195 58.9829 
v -139.753 7.79872 58.9395 
v -140.076 7.09241 59.8607 
v -139.753 7.09241 59.8607 
v -140.076 7.37801 59.7263 
v -139.753 7.37801 59.7263 
v -140.076 7.65893 59.825 
v -139.753 7.65893 59.825 
v -139.753 8.068 59.2088 
v -139.815 8.668 58.8248 
v -140.076 8.068 59.2088 
v -140.014 8.668 58.8248 
v -140.076 6.67881 59.2204 
v -140.014 6.076 58.8008 
v -139.815 6.076 58.8008 
v -139.753 6.67881 59.2204 
v -139.753 7.828 57.8888 
v -139.753 6.796 57.9368 
v -139.989 6.37604 57.9698 
v -139.914 6.17747 57.8032 
v -139.873 6.3544 57.9516 
v -139.864 6.37604 57.9698 
v -139.753 7.59467 59.2661 
v -140.058 6.92267 58.1621 
v -140.076 7.59467 59.2661 
v -140.076 7.73195 58.9829 
v -140.053 8.21195 58.6709 
v -140.076 7.99575 58.8114 
v -140.076 7.69067 58.1381 
v -139.959 8.30727 57.9107 
v -139.847 8.30727 57.9107 
v -139.954 8.32093 57.8993 
v -139.914 8.49648 57.752 
v -139.815 8.668 58.8248 
v -139.914 9.58 58.9928 
v -140.014 8.668 58.8248 
v -139.815 6.076 58.8008 
v -140.014 6.076 58.8008 
v -139.914 5.212 58.9928 
v -139.753 6.92267 58.1621 
v -140.058 6.92267 58.1621 
v -139.753 7.01839 58.1592 
v -139.768 7.2496 58.1519 
v -140.076 7.61063 58.1407 
v -139.769 7.69067 58.1381 
v -140.076 7.69067 58.1381 
v -140.076 7.09241 59.8607 
v -139.753 7.09241 59.8607 
v -139.989 6.37604 57.9698 
v -139.869 6.07091 58.3334 
v -139.986 6.07091 58.3334 
v -139.864 6.37604 57.9698 
v -140.076 6.67881 59.2204 
v -139.753 6.67881 59.2204 
v -140.076 7.09241 59.8607 
v -139.753 7.09241 59.8607 
v -139.753 6.796 57.9368 
v -140.076 6.796 57.9368 
v -139.815 6.076 58.8008 
v -140.014 6.076 58.8008 
v -139.753 6.71558 58.8176 
v -139.753 7.59467 59.2661 
v -140.038 6.53747 58.7009 
v -140.076 7.59467 59.2661 
v -140.076 7.99575 58.8114 
v -139.769 7.69067 58.1381 
v -140.076 7.69067 58.1381 
v -139.753 7.59467 59.2661 
v -140.076 7.91503 58.3674 
v -140.076 7.59467 59.2661 
v -139.796 8.21195 58.6709 
v -140.076 7.73195 58.9829 
v -140.053 8.21195 58.6709 
v -139.753 7.73195 58.9829 
v -140.076 7.09241 59.8607 
v -140.076 7.65893 59.825 
v -139.959 8.30727 57.9107 
v -139.989 6.37604 57.9698 
v -139.869 6.07091 58.3334 
v -139.815 8.668 58.8248 
v -140.014 8.668 58.8248 
v -140.076 6.67881 59.2204 
v -140.014 6.076 58.8008 
v -139.753 7.828 57.8888 
v -139.753 6.796 57.9368 
v -140.076 7.828 57.8888 
v -139.914 6.556 57.3368 
v -139.914 8.092 57.2888 
v -139.914 8.092 57.2888 
v -139.914 6.556 57.3368 
v -140.076 7.828 57.8888 
v -140.076 6.796 57.9368 
v -139.914 5.87829 58.1718 
v -139.914 5.212 58.9928 
v -139.873 6.3544 57.9516 
v -139.914 6.556 57.3368 
v -139.989 6.37604 57.9698 
v -140.076 6.796 57.9368 
v -139.914 6.17747 57.8032 
v -139.986 6.07091 58.3334 
v -140.014 6.076 58.8008 
v -139.914 5.87829 58.1718 
v -139.914 5.212 58.9928 
v -140.076 7.828 57.8888 
v -140.014 8.668 58.8248 
v -139.959 8.6124 58.2744 
v -139.914 8.80878 58.1096 
v -139.914 9.58 58.9928 
v -139.959 8.30727 57.9107 
v -139.914 8.092 57.2888 
v -139.954 8.32093 57.8993 
v -139.914 8.49648 57.752 
v -139.796 8.21195 58.6709 
v -139.753 6.71558 58.8176 
v -139.753 7.59467 59.2661 
v -140.014 6.076 58.8008 
v -140.076 6.67881 59.2204 
v -140.038 6.53747 58.7009 
v -140.076 6.796 57.9368 
v -140.076 6.91414 58.9477 
v -140.058 6.92267 58.1621 
v -140.076 6.92027 58.9517 
v -140.076 7.09067 59.2901 
v -140.076 7.09241 59.8607 
v -140.076 7.37801 59.7263 
v -140.076 7.59467 59.2661 
v -140.076 7.65893 59.825 
v -140.076 8.068 59.2088 
v -140.076 7.73195 58.9829 
v -140.053 8.21195 58.6709 
v -140.076 7.99575 58.8114 
v -140.014 8.668 58.8248 
v -140.076 7.828 57.8888 
v -140.076 7.91503 58.3674 
v -140.076 7.61063 58.1407 
v -140.076 7.69067 58.1381 

vn 0 -0.76378 -0.645669 
vn 0 0.535433 0.84252 
vn 0 0.377953 -0.929134 
vn 0 -0.433071 -0.897638 
vn 0 0.377953 -0.929134 
vn 0 -0.433071 -0.897638 
vn 1 -0.00787402 0 
vn 1 -0.00787402 0 
vn -1 0.00787402 -0.00787402 
vn -1 0.00787402 -0.00787402 
vn 0 0.543307 0.834646 
vn -1 0.00787402 -0.00787402 
vn 0 0.976378 -0.212598 
vn 0 0.976378 -0.212598 
vn 0 0.551181 -0.834646 
vn 0 0.551181 -0.834646 
vn 0 0.748031 -0.669291 
vn 0 0.748031 -0.669291 
vn 0 0.503937 -0.866142 
vn 0 0.503937 -0.866142 
vn 0 -0.551181 -0.834646 
vn 0 -0.551181 -0.834646 
vn 0 -0.992126 -0.141732 
vn 0 -0.748031 -0.661417 
vn 0 -0.992126 -0.125984 
vn 0 -0.748031 -0.661417 
vn 0 -0.543307 -0.834646 
vn 0 -0.543307 -0.834646 
vn 0 -0.645669 -0.76378 
vn 0 -0.645669 -0.76378 
vn 0 -0.645669 -0.76378 
vn 0 0.645669 -0.76378 
vn 0 0.645669 -0.76378 
vn 0 0.645669 -0.76378 
vn 0 -0.330709 0.944882 
vn 0 -0.330709 0.944882 
vn 0 0.76378 -0.645669 
vn 0 0.76378 -0.645669 
vn 0 0.76378 -0.645669 
vn 0 0.76378 -0.645669 
vn 0 0.708661 0.708661 
vn 0 0.708661 0.708661 
vn 0 0.834646 0.551181 
vn 0 0.834646 0.551181 
vn 0 0.377953 -0.929134 
vn 0 -0.433071 -0.897638 
vn 0 0.377953 -0.929134 
vn 0 0.748031 -0.669291 
vn 0 0.748031 -0.669291 
vn 1 0 0.023622 
vn 1 -0.00787402 0 
vn 1 -0.00787402 0 
vn 1 -0.00787402 0 
vn -1 0.00787402 -0.00787402 
vn -1 0.00787402 0.0314961 
vn -1 0.00787402 -0.00787402 
vn -1 0.00787402 -0.00787402 
vn 0 0.976378 -0.212598 
vn 0 0.464567 0.88189 
vn 0 0.976378 -0.212598 
vn 0 0.456693 0.889764 
vn 0 0.748031 -0.669291 
vn 0 0.748031 -0.669291 
vn 0 0.503937 -0.866142 
vn 0 0.503937 -0.866142 
vn 0 0.425197 0.905512 
vn 0 0.425197 0.905512 
vn 0 -0.330709 0.944882 
vn 0 -0.330709 0.944882 
vn 0 0.76378 -0.645669 
vn 0 -0.76378 -0.645669 
vn 0 -0.76378 -0.645669 
vn 0 0.535433 0.84252 
vn 0 0.535433 0.84252 
vn 0 -0.574803 0.818898 
vn 0 -0.724409 0.685039 
vn 0 0.377953 -0.929134 
vn 0 -0.433071 -0.897638 
vn 0 0.377953 -0.929134 
vn 0.968504 -0.00787402 -0.259843 
vn 0.968504 -0.00787402 -0.259843 
vn 0.968504 -0.00787402 -0.259843 
vn 0.968504 -0.00787402 -0.259843 
vn 0.976378 -0.188976 -0.125984 
vn 0.976378 -0.188976 -0.125984 
vn 0.976378 -0.188976 -0.125984 
vn 0.976378 -0.188976 -0.125984 
vn 0.976378 -0.188976 -0.125984 
vn 0.976378 -0.188976 -0.125984 
vn 0.976378 -0.188976 -0.125984 
vn 0.976378 -0.188976 -0.125984 
vn 0.976378 -0.188976 -0.125984 
vn -0.976378 0.173228 -0.125984 
vn -0.976378 0.173228 -0.125984 
vn -0.976378 0.173228 -0.125984 
vn 0.976378 0.165354 -0.11811 
vn 0.976378 0.165354 -0.11811 
vn 0.976378 0.165354 -0.11811 
vn 0.976378 0.165354 -0.11811 
vn 0.976378 0.165354 -0.11811 
vn 0.976378 0.165354 -0.11811 
vn 0.976378 0.165354 -0.11811 
vn 0.976378 0.165354 -0.11811 
vn 1 0 0.015748 
vn 1 0.00787402 0.0472441 
vn 1 0.00787402 0.0472441 
vn 1 0 0.023622 
vn 1 -0.00787402 0 
vn 1 0 0.015748 
vn 1 -0.00787402 0 
vn 1 0 0.023622 
vn 1 -0.00787402 0 
vn 1 -0.00787402 0 
vn 1 -0.00787402 0 
vn 1 -0.00787402 0 
vn 1 -0.00787402 0 
vn 1 -0.00787402 0 
vn 1 -0.00787402 0 
vn 1 -0.00787402 0 
vn 1 -0.00787402 0 
vn 1 -0.00787402 0 
vn 1 -0.00787402 0 
vn 1 -0.00787402 0 
vn 1 -0.00787402 0 
vn 0 0.425197 0.905512 
vn 0 0.425197 0.905512 
vn 0 0.0472441 1 
vn 0 0.0472441 1 
vn 0 -0.330709 0.944882 
vn 0 -0.330709 0.944882 
vn 0 0.708661 0.708661 
vn 0 0.535433 0.84252 
vn 0 0.708661 0.708661 
vn 0 0.535433 0.84252 
vn 0 -0.724409 0.685039 
vn 0 -0.574803 0.818898 
vn 0 -0.574803 0.818898 
vn 0 -0.724409 0.685039 
vn 0 0.377953 -0.929134 
vn 0 -0.433071 -0.897638 
vn 0 -0.645669 0.76378 
vn 0 -0.645669 0.76378 
vn 0 -0.645669 0.76378 
vn 0 -0.645669 0.76378 
vn 1 -0.00787402 0 
vn -1 0.00787402 0.0314961 
vn -1 0.00787402 -0.00787402 
vn -1 0.015748 0.00787402 
vn -1 0.0314961 0.023622 
vn 0 0.543307 0.834646 
vn -1 0.00787402 -0.00787402 
vn 0 0.645669 0.76378 
vn 0 0.645669 0.76378 
vn 0 0.645669 0.76378 
vn 0 0.645669 0.76378 
vn 0 -0.181102 0.984252 
vn 0 -0.181102 0.984252 
vn 0 -0.181102 0.984252 
vn 0 0.220472 0.976378 
vn 0 0.220472 0.976378 
vn 0 0.220472 0.976378 
vn 0 0.464567 0.88189 
vn 0 0.456693 0.889764 
vn 0 0.0314961 1 
vn 0 0.0314961 1 
vn 0 0.0314961 1 
vn 0 -0.362205 0.929134 
vn 0 -0.370079 0.929134 
vn 0 0.425197 0.905512 
vn 0 0.425197 0.905512 
vn 0 -0.76378 -0.645669 
vn 0 -0.76378 -0.645669 
vn 0 -0.76378 -0.645669 
vn 0 -0.76378 -0.645669 
vn 0 -0.724409 0.685039 
vn 0 -0.724409 0.685039 
vn 0 -0.84252 0.543307 
vn 0 -0.84252 0.543307 
vn 0 -0.433071 -0.897638 
vn 0 -0.433071 -0.897638 
vn 0 -0.771654 -0.637795 
vn 0 -0.771654 -0.637795 
vn 1 -0.00787402 0 
vn 1 -0.00787402 0 
vn -1 0.00787402 -0.00787402 
vn -1 0.00787402 -0.00787402 
vn 0 0.543307 0.834646 
vn 0 -0.362205 0.929134 
vn 0 -0.370079 0.929134 
vn 0 -0.551181 -0.834646 
vn 0 -0.716535 0.700787 
vn 0 -0.551181 -0.834646 
vn 0 -0.992126 -0.141732 
vn 0 -0.748031 -0.661417 
vn 0 -0.992126 -0.125984 
vn 0 -0.748031 -0.661417 
vn 0 0.425197 0.905512 
vn 0 -0.330709 0.944882 
vn 0 0.76378 -0.645669 
vn 0 -0.76378 -0.645669 
vn 0 -0.76378 -0.645669 
vn 0 0.535433 0.84252 
vn 0 0.535433 0.84252 
vn 0 -0.724409 0.685039 
vn 0 -0.574803 0.818898 
vn 0 0.377953 -0.929134 
vn 0 -0.433071 -0.897638 
vn 0 0.377953 -0.929134 
vn 0.968504 -0.00787402 -0.259843 
vn 0.968504 -0.00787402 -0.259843 
vn -0.968504 -0.00787402 -0.259843 
vn -0.968504 -0.00787402 -0.259843 
vn -0.968504 -0.00787402 -0.259843 
vn -0.968504 -0.00787402 -0.259843 
vn 0.976378 -0.188976 -0.125984 
vn 0.976378 -0.188976 -0.125984 
vn 0.976378 -0.188976 -0.125984 
vn -0.976378 -0.181102 -0.11811 
vn -0.976378 -0.181102 -0.11811 
vn -0.976378 -0.181102 -0.11811 
vn -0.976378 -0.181102 -0.11811 
vn -0.976378 -0.181102 -0.11811 
vn -0.976378 -0.181102 -0.11811 
vn -0.976378 -0.181102 -0.11811 
vn -0.976378 -0.181102 -0.11811 
vn -0.976378 0.173228 -0.125984 
vn -0.976378 0.173228 -0.125984 
vn -0.976378 0.173228 -0.125984 
vn -0.976378 0.173228 -0.125984 
vn -0.976378 0.173228 -0.125984 
vn -0.976378 0.173228 -0.125984 
vn -0.976378 0.173228 -0.125984 
vn -0.976378 0.173228 -0.125984 
vn -0.976378 0.173228 -0.125984 
vn 1 -0.00787402 0 
vn 1 -0.00787402 0 
vn 1 -0.00787402 0 
vn -1 0.00787402 -0.00787402 
vn -1 0.00787402 -0.00787402 
vn -1 0.00787402 -0.00787402 
vn -1 0.00787402 0.0314961 
vn -1 0.00787402 -0.00787402 
vn -1 0.00787402 0.0314961 
vn -1 0.00787402 -0.00787402 
vn -1 0.00787402 -0.00787402 
vn -1 0.00787402 -0.00787402 
vn -1 0.00787402 -0.00787402 
vn -1 0.00787402 -0.00787402 
vn -1 0.00787402 -0.00787402 
vn -1 0.00787402 -0.00787402 
vn -1 0.015748 0.00787402 
vn -1 0.0314961 0.023622 
vn 0 0.543307 0.834646 
vn -1 0.00787402 -0.00787402 
vn -1 0 0 
vn -1 0.00787402 -0.00787402 
vn -1 -0.015748 -0.015748 
vn -1 0.00787402 -0.00787402 

vt -1.28679 0.602909 
vt -1.30844 0.889403 
vt -1.3162 0.784403 
vt -1.3162 0.655403 
vt -1.27588 0.784403 
vt -1.27588 0.655403 
vt -1.3162 0.692238 
vt -1.3162 0.755238 
vt -1.27588 0.692238 
vt -1.27588 0.755238 
vt -1.27588 0.805373 
vt -1.27588 0.767238 
vt -1.31392 0.623088 
vt -1.28062 0.623088 
vt -1.3162 0.645351 
vt -1.27588 0.670172 
vt -1.3162 0.670938 
vt -1.27588 0.670938 
vt -1.3162 0.692238 
vt -1.27588 0.692238 
vt -1.3162 0.755238 
vt -1.27588 0.755238 
vt -1.31083 0.832397 
vt -1.27588 0.772397 
vt -1.27868 0.832397 
vt -1.3162 0.772397 
vt -1.27588 0.805373 
vt -1.3162 0.780743 
vt -1.30475 0.882454 
vt -1.29053 0.882454 
vt -1.29604 0.907001 
vt -1.28706 0.564767 
vt -1.30171 0.564767 
vt -1.29604 0.54069 
vt -1.13975 0.710243 
vt -1.13975 0.750563 
vt -1.33359 0.724889 
vt -1.37904 0.738791 
vt -1.37904 0.724819 
vt -1.33359 0.739109 
vt -1.21679 0.750563 
vt -1.21679 0.710243 
vt -1.13975 0.710243 
vt -1.13975 0.750563 
vt -1.38179 0.750563 
vt -1.37579 0.750563 
vt -1.38179 0.710243 
vt -1.26479 0.742805 
vt -1.26479 0.718002 
vt -1.34761 0.750563 
vt -1.26568 0.750563 
vt -1.20661 0.750563 
vt -1.20961 0.750563 
vt -1.28026 0.714984 
vt -1.34761 0.712404 
vt -1.20661 0.710243 
vt -1.20961 0.710243 
vt -1.28026 0.748279 
vt -1.34761 0.750563 
vt -1.28026 0.714984 
vt -1.34761 0.712404 
vt -1.24891 0.750563 
vt -1.24891 0.710243 
vt -1.20661 0.750563 
vt -1.20661 0.710243 
vt -1.45679 0.692454 
vt -1.45679 0.692454 
vt -1.45233 0.76327 
vt -1.45233 0.76327 
vt -1.21304 0.844312 
vt -1.22043 0.602909 
vt -1.26588 0.564767 
vt -1.3273 0.889403 
vt -1.3273 0.889403 
vt -1.3243 0.565403 
vt -1.37676 0.640754 
vt -1.2103 0.784403 
vt -1.2163 0.655403 
vt -1.2103 0.784403 
vt -1.1413 0.625403 
vt -1.2103 0.784403 
vt -1.2163 0.655403 
vt -1.1353 0.817403 
vt -1.2163 0.655403 
vt -1.3243 0.565403 
vt -1.26588 0.564767 
vt -1.24568 0.54069 
vt -1.3483 0.457403 
vt -1.22043 0.602909 
vt -1.21816 0.600204 
vt -1.1413 0.625403 
vt -1.1996 0.578088 
vt -1.2379 0.907001 
vt -1.3483 1.0034 
vt -1.21161 0.84602 
vt -1.1353 0.817403 
vt -1.21304 0.844312 
vt -1.2103 0.784403 
vt -1.1932 0.867963 
vt -1.2585 0.882454 
vt -1.3273 0.889403 
vt -1.2379 0.907001 
vt -1.3483 1.0034 
vt -1.2163 0.655403 
vt -1.2432 0.712104 
vt -1.2441 0.683203 
vt -1.24447 0.671238 
vt -1.31182 0.623088 
vt -1.2103 0.784403 
vt -1.3243 0.565403 
vt -1.24147 0.767238 
vt -1.30807 0.832397 
vt -1.3273 0.889403 
vt -1.37676 0.640754 
vt -1.32641 0.645351 
vt -1.34317 0.670938 
vt -1.38547 0.692238 
vt -1.45679 0.692454 
vt -1.43999 0.728154 
vt -1.38247 0.755238 
vt -1.45233 0.76327 
vt -1.3753 0.814403 
vt -1.34707 0.772397 
vt -1.34164 0.780743 
vt -1.3162 0.692454 
vt -1.27588 0.692454 
vt -1.3162 0.728154 
vt -1.27588 0.728154 
vt -1.3162 0.76327 
vt -1.27588 0.76327 
vt -1.27588 0.814403 
vt -1.28364 0.889403 
vt -1.3162 0.814403 
vt -1.30844 0.889403 
vt -1.3162 0.640754 
vt -1.30844 0.565403 
vt -1.28364 0.565403 
vt -1.27588 0.640754 
vt -1.27588 0.784403 
vt -1.27588 0.655403 
vt -1.3053 0.602909 
vt -1.29604 0.578088 
vt -1.29083 0.600204 
vt -1.28973 0.602909 
vt -1.27588 0.755238 
vt -1.31404 0.671238 
vt -1.3162 0.755238 
vt -1.3162 0.772397 
vt -1.3134 0.832397 
vt -1.3162 0.805373 
vt -1.3162 0.767238 
vt -1.30163 0.844312 
vt -1.28765 0.844312 
vt -1.30097 0.84602 
vt -1.29604 0.867963 
vt -1.28364 0.889403 
vt -1.29604 1.0034 
vt -1.30844 0.889403 
vt -1.28364 0.565403 
vt -1.30844 0.565403 
vt -1.29604 0.457403 
vt -1.27588 0.671238 
vt -1.31404 0.671238 
vt -1.27588 0.683203 
vt -1.27776 0.712104 
vt -1.3162 0.757232 
vt -1.27782 0.767238 
vt -1.3162 0.767238 
vt -1.45679 0.710243 
vt -1.45679 0.750563 
vt -1.22043 0.721146 
vt -1.26588 0.736073 
vt -1.26588 0.721423 
vt -1.22043 0.736718 
vt -1.37676 0.710243 
vt -1.37676 0.750563 
vt -1.45679 0.710243 
vt -1.45679 0.750563 
vt -1.2163 0.750563 
vt -1.2163 0.710243 
vt -1.3243 0.742805 
vt -1.3243 0.718002 
vt -1.32641 0.750563 
vt -1.38247 0.750563 
vt -1.31182 0.714984 
vt -1.38247 0.710243 
vt -1.32563 0.710243 
vt -1.24147 0.74863 
vt -1.24147 0.710243 
vt -1.38247 0.750563 
vt -1.27013 0.710243 
vt -1.38247 0.710243 
vt -1.30807 0.745187 
vt -1.34707 0.710243 
vt -1.30807 0.713043 
vt -1.34707 0.750563 
vt -1.1353 0.692454 
vt -1.13975 0.76327 
vt -1.37904 0.844312 
vt -1.37166 0.602909 
vt -1.3262 0.564767 
vt -1.26479 0.889403 
vt -1.26479 0.889403 
vt -1.21533 0.640754 
vt -1.26779 0.565403 
vt -1.38179 0.784403 
vt -1.37579 0.655403 
vt -1.38179 0.784403 
vt -1.45079 0.625403 
vt -1.45679 0.817403 
vt -1.45679 0.817403 
vt -1.45079 0.625403 
vt -1.38179 0.784403 
vt -1.37579 0.655403 
vt -1.34641 0.54069 
vt -1.24379 0.457403 
vt -1.37393 0.600204 
vt -1.45079 0.625403 
vt -1.37166 0.602909 
vt -1.37579 0.655403 
vt -1.39249 0.578088 
vt -1.3262 0.564767 
vt -1.26779 0.565403 
vt -1.34641 0.54069 
vt -1.24379 0.457403 
vt -1.38179 0.784403 
vt -1.26479 0.889403 
vt -1.33359 0.882454 
vt -1.35418 0.907001 
vt -1.24379 1.0034 
vt -1.37904 0.844312 
vt -1.45679 0.817403 
vt -1.38047 0.84602 
vt -1.39889 0.867963 
vt -1.28402 0.832397 
vt -1.26568 0.645351 
vt -1.20961 0.755238 
vt -1.26779 0.565403 
vt -1.21533 0.640754 
vt -1.28026 0.623088 
vt -1.37579 0.655403 
vt -1.24941 0.670172 
vt -1.34761 0.671238 
vt -1.24891 0.670938 
vt -1.20661 0.692238 
vt -1.1353 0.692454 
vt -1.1521 0.728154 
vt -1.20961 0.755238 
vt -1.13975 0.76327 
vt -1.21679 0.814403 
vt -1.24502 0.772397 
vt -1.28402 0.832397 
vt -1.26645 0.805373 
vt -1.26479 0.889403 
vt -1.38179 0.784403 
vt -1.32195 0.795282 
vt -1.3503 0.757232 
vt -1.35061 0.767238 

usemtl Meshpart1Mtl

f 3/3/3 4/4/4 5/5/5 
f 6/6/6 5/5/5 4/4/4 
f 14/14/14 15/15/15 13/13/13 
f 16/16/16 15/15/15 14/14/14 
f 16/16/16 17/17/17 15/15/15 
f 17/17/17 16/16/16 18/18/18 
f 20/20/20 21/21/21 19/19/19 
f 22/22/22 21/21/21 20/20/20 
f 23/23/23 27/27/27 25/25/25 
f 24/24/24 28/28/28 26/26/26 
f 28/28/28 27/27/27 23/23/23 
f 28/28/28 24/24/24 27/27/27 
f 29/29/29 30/30/30 31/31/31 
f 32/32/32 33/33/33 34/34/34 
f 37/37/37 38/38/38 39/39/39 
f 38/38/38 37/37/37 40/40/40 
f 42/42/42 43/43/43 41/41/41 
f 44/44/44 41/41/41 43/43/43 
f 47/47/47 48/48/48 45/45/45 
f 48/48/48 47/47/47 49/49/49 
f 58/58/58 59/59/59 60/60/60 
f 61/61/61 60/60/60 59/59/59 
f 63/63/63 64/64/64 62/62/62 
f 64/64/64 63/63/63 65/65/65 
f 80/80/80 81/81/81 82/82/82 
f 81/81/81 80/80/80 83/83/83 
f 84/84/84 85/85/85 86/86/86 
f 85/85/85 87/87/87 86/86/86 
f 87/87/87 85/85/85 88/88/88 
f 86/86/86 89/89/89 84/84/84 
f 90/90/90 84/84/84 89/89/89 
f 84/84/84 90/90/90 91/91/91 
f 91/91/91 90/90/90 92/92/92 
f 96/96/96 97/97/97 98/98/98 
f 97/97/97 96/96/96 99/99/99 
f 100/100/100 98/98/98 97/97/97 
f 98/98/98 100/100/100 101/101/101 
f 102/102/102 101/101/101 100/100/100 
f 102/102/102 103/103/103 101/101/101 
f 104/104/104 105/105/105 106/106/106 
f 104/104/104 106/106/106 107/107/107 
f 108/108/108 104/104/104 107/107/107 
f 105/105/105 104/104/104 109/109/109 
f 104/104/104 108/108/108 110/110/110 
f 105/105/105 109/109/109 111/111/111 
f 109/109/109 112/112/112 111/111/111 
f 109/109/109 113/113/113 112/112/112 
f 114/114/114 110/110/110 108/108/108 
f 115/115/115 114/114/114 108/108/108 
f 116/116/116 114/114/114 115/115/115 
f 114/114/114 116/116/116 117/117/117 
f 118/118/118 114/114/114 117/117/117 
f 118/118/118 117/117/117 119/119/119 
f 119/119/119 117/117/117 120/120/120 
f 120/120/120 121/121/121 119/119/119 
f 121/121/121 120/120/120 122/122/122 
f 112/112/112 113/113/113 122/122/122 
f 123/123/123 122/122/122 120/120/120 
f 122/122/122 124/124/124 112/112/112 
f 124/124/124 122/122/122 123/123/123 
f 125/125/125 126/126/126 127/127/127 
f 127/127/127 126/126/126 128/128/128 
f 129/129/129 127/127/127 128/128/128 
f 129/129/129 128/128/128 130/130/130 
f 131/131/131 132/132/132 133/133/133 
f 134/134/134 133/133/133 132/132/132 
f 135/135/135 136/136/136 137/137/137 
f 135/135/135 137/137/137 138/138/138 
f 141/141/141 142/142/142 143/143/143 
f 141/141/141 143/143/143 144/144/144 
f 149/149/149 150/150/150 148/148/148 
f 152/152/152 153/153/153 154/154/154 
f 155/155/155 154/154/154 153/153/153 
f 156/156/156 157/157/157 158/158/158 
f 159/159/159 160/160/160 161/161/161 
f 164/164/164 163/163/163 162/162/162 
f 165/165/165 163/163/163 164/164/164 
f 163/163/163 165/165/165 166/166/166 
f 166/166/166 165/165/165 167/167/167 
f 167/167/167 168/168/168 166/166/166 
f 171/171/171 172/172/172 173/173/173 
f 172/172/172 171/171/171 174/174/174 
f 177/177/177 175/175/175 176/176/176 
f 177/177/177 176/176/176 178/178/178 
f 179/179/179 181/181/181 180/180/180 
f 182/182/182 180/180/180 181/181/181 
f 188/188/188 191/191/191 189/189/189 
f 191/191/191 188/188/188 193/193/193 
f 194/194/194 190/190/190 192/192/192 
f 191/191/191 193/193/193 195/195/195 
f 190/190/190 194/194/194 196/196/196 
f 211/211/211 212/212/212 213/213/213 
f 213/213/213 212/212/212 214/214/214 
f 218/218/218 219/219/219 220/220/220 
f 219/219/219 218/218/218 221/221/221 
f 222/222/222 220/220/220 219/219/219 
f 220/220/220 222/222/222 223/223/223 
f 224/224/224 223/223/223 222/222/222 
f 224/224/224 225/225/225 223/223/223 
f 226/226/226 227/227/227 228/228/228 
f 227/227/227 229/229/229 228/228/228 
f 230/230/230 229/229/229 227/227/227 
f 226/226/226 228/228/228 231/231/231 
f 231/231/231 232/232/232 226/226/226 
f 233/233/233 232/232/232 231/231/231 
f 232/232/232 233/233/233 234/234/234 
f 238/238/238 239/239/239 240/240/240 
f 241/241/241 238/238/238 240/240/240 
f 239/239/239 242/242/242 240/240/240 
f 241/241/241 240/240/240 243/243/243 
f 239/239/239 244/244/244 242/242/242 
f 244/244/244 239/239/239 245/245/245 
f 246/246/246 245/245/245 239/239/239 
f 245/245/245 246/246/246 247/247/247 
f 248/248/248 245/245/245 247/247/247 
f 249/249/249 248/248/248 247/247/247 
f 250/250/250 248/248/248 249/249/249 
f 248/248/248 250/250/250 251/251/251 
f 252/252/252 251/251/251 250/250/250 
f 254/254/254 252/252/252 250/250/250 
f 252/252/252 254/254/254 255/255/255 
f 255/255/255 241/241/241 243/243/243 
f 255/255/255 256/256/256 252/252/252 
f 255/255/255 243/243/243 257/257/257 
f 256/256/256 255/255/255 258/258/258 
f 255/255/255 257/257/257 258/258/258 

g Meshpart2

v -139.753 7.37801 60.6302 
v -140.076 7.09241 60.4958 
v -140.076 7.37801 60.6302 
v -139.753 7.09241 60.4958 
v -139.753 7.65893 60.5314 
v -140.076 7.65893 60.5314 
v -139.815 8.668 61.5317 
v -140.076 8.068 61.1477 
v -140.014 8.668 61.5317 
v -139.753 8.068 61.1477 
v -140.076 6.67881 61.136 
v -139.753 6.67881 61.136 
v -139.815 6.076 61.5557 
v -140.014 6.076 61.5557 
v -139.753 7.828 62.4677 
v -139.873 6.3544 62.4048 
v -139.914 6.17747 62.5533 
v -139.989 6.37604 62.3867 
v -139.864 6.37604 62.3867 
v -139.753 6.92267 62.1943 
v -139.753 7.59467 61.0903 
v -140.076 7.69067 62.2183 
v -140.058 6.92267 62.1943 
v -140.076 7.59467 61.0903 
v -139.954 8.32093 62.4572 
v -139.847 8.30727 62.4457 
v -139.959 8.30727 62.4457 
v -139.914 8.49648 62.6045 
v -139.815 8.668 61.5317 
v -140.014 8.668 61.5317 
v -139.914 9.58 61.3637 
v -139.815 6.076 61.5557 
v -139.914 5.212 61.3637 
v -140.014 6.076 61.5557 
v -139.753 6.92267 62.1943 
v -140.058 6.92267 62.1943 
v -139.753 7.01839 62.1973 
v -139.768 7.2496 62.2045 
v -140.058 7.32708 62.2069 
v -139.769 7.69067 62.2183 
v -140.076 7.69067 62.2183 
v -140.076 7.61063 62.2158 
v -139.753 7.65893 60.5314 
v -140.076 7.65893 60.5314 
v -139.959 8.6124 62.0821 
v -139.847 8.30727 62.4457 
v -139.845 8.6124 62.0821 
v -139.959 8.30727 62.4457 
v -140.076 8.068 61.1477 
v -139.753 8.068 61.1477 
v -139.753 7.65893 60.5314 
v -140.076 7.65893 60.5314 
v -140.076 7.828 62.4677 
v -139.815 8.668 61.5317 
v -140.014 8.668 61.5317 
v -139.753 7.828 62.4677 
v -139.753 6.92267 62.1943 
v -139.753 7.59467 61.0903 
v -139.753 7.09067 61.0663 
v -139.753 6.71558 61.5388 
v -140.076 7.69067 62.2183 
v -140.058 6.92267 62.1943 
v -140.038 6.53747 61.6555 
v -140.076 7.09067 61.0663 
v -140.076 7.59467 61.0903 
v -140.053 8.21195 61.6856 
v -140.076 7.91503 61.989 
v -139.753 6.92267 62.1943 
v -140.038 6.53747 61.6555 
v -140.058 6.92267 62.1943 
v -139.771 6.53747 61.6555 
v -139.753 6.92027 61.4047 
v -140.076 6.92027 61.4047 
v -139.753 7.09067 61.0663 
v -140.076 7.09067 61.0663 
v -139.753 7.37801 60.6302 
v -140.076 7.09241 60.4958 
v -139.753 7.09241 60.4958 
v -139.753 7.65893 60.5314 
v -139.959 8.30727 62.4457 
v -139.989 6.37604 62.3867 
v -139.869 6.07091 62.023 
v -139.815 8.668 61.5317 
v -139.753 6.67881 61.136 
v -140.014 6.076 61.5557 
v -140.076 7.828 62.4677 
v -139.753 7.828 62.4677 
v -139.753 6.796 62.4197 
v -139.914 6.556 63.0197 
v -139.753 7.828 62.4677 
v -139.914 8.092 63.0677 
v -139.753 6.796 62.4197 
v -139.914 5.87829 62.1847 
v -139.914 5.212 61.3637 
v -139.815 6.076 61.5557 
v -139.869 6.07091 62.023 
v -139.753 6.796 62.4197 
v -139.864 6.37604 62.3867 
v -139.873 6.3544 62.4048 
v -139.914 6.556 63.0197 
v -139.914 6.17747 62.5533 
v -139.954 8.32093 62.4572 
v -139.914 8.80878 62.2469 
v -139.914 9.58 61.3637 
v -139.914 8.092 63.0677 
v -139.847 8.30727 62.4457 
v -139.914 8.49648 62.6045 
v -139.753 7.828 62.4677 
v -139.845 8.6124 62.0821 
v -139.815 8.668 61.5317 
v -139.914 8.80878 62.2469 
v -139.914 9.58 61.3637 
v -139.753 7.828 62.4677 
v -139.753 7.01839 62.1973 
v -139.768 7.2496 62.2045 
v -139.769 7.69067 62.2183 
v -139.796 8.21195 61.6856 
v -139.753 6.796 62.4197 
v -139.815 8.668 61.5317 
v -139.753 6.92267 62.1943 
v -139.771 6.53747 61.6555 
v -139.815 6.076 61.5557 
v -139.753 8.068 61.1477 
v -139.753 7.79872 61.417 
v -139.753 7.73195 61.3736 
v -139.753 7.59467 61.0903 
v -139.753 7.65893 60.5314 
v -139.753 7.37801 60.6302 
v -139.753 7.09067 61.0663 
v -139.753 7.09241 60.4958 
v -139.753 6.67881 61.136 
v -139.753 6.92027 61.4047 
v -139.753 6.71558 61.5388 
v -139.989 6.37604 62.3867 
v -139.815 8.668 61.5317 
v -140.076 7.828 62.4677 
v -139.753 7.828 62.4677 
v -140.076 6.796 62.4197 
v -139.753 6.796 62.4197 
v -139.753 7.59467 61.0903 
v -139.753 7.09067 61.0663 
v -140.076 7.69067 62.2183 
v -140.076 7.09067 61.0663 
v -140.076 7.59467 61.0903 
v -140.076 7.99575 61.545 
v -140.038 6.53747 61.6555 
v -139.771 6.53747 61.6555 
v -139.753 6.71558 61.5388 
v -140.076 6.91414 61.4087 
v -139.753 6.92027 61.4047 
v -140.076 6.92027 61.4047 
v -139.753 7.09067 61.0663 
v -140.076 7.09067 61.0663 
v -139.753 7.59467 61.0903 
v -140.076 7.59467 61.0903 
v -140.076 7.73195 61.3736 
v -139.753 7.73195 61.3736 
v -139.753 7.79872 61.417 
v -140.076 7.99575 61.545 
v -139.796 8.21195 61.6856 
v -140.053 8.21195 61.6856 
v -139.914 8.80878 62.2469 
v -139.959 8.6124 62.0821 
v -139.845 8.6124 62.0821 
v -139.986 6.07091 62.023 
v -139.914 5.87829 62.1847 
v -139.869 6.07091 62.023 
v -140.076 7.09241 60.4958 
v -139.753 7.09241 60.4958 
v -139.989 6.37604 62.3867 
v -139.869 6.07091 62.023 
v -139.864 6.37604 62.3867 
v -139.986 6.07091 62.023 
v -140.076 6.67881 61.136 
v -140.076 7.09241 60.4958 
v -139.753 7.09241 60.4958 
v -139.753 6.67881 61.136 
v -140.076 6.796 62.4197 
v -139.753 6.796 62.4197 
v -139.815 6.076 61.5557 
v -140.014 6.076 61.5557 
v -139.753 7.59467 61.0903 
v -139.753 6.71558 61.5388 
v -140.038 6.53747 61.6555 
v -140.076 7.59467 61.0903 
v -140.076 7.99575 61.545 
v -139.753 7.59467 61.0903 
v -140.076 7.59467 61.0903 
v -140.076 7.73195 61.3736 
v -139.753 7.73195 61.3736 
v -139.796 8.21195 61.6856 
v -140.053 8.21195 61.6856 
v -140.076 7.91503 61.989 
v -139.769 7.69067 62.2183 
v -140.076 7.69067 62.2183 
v -139.753 7.37801 60.6302 
v -140.076 7.09241 60.4958 
v -139.753 7.65893 60.5314 
v -140.076 7.65893 60.5314 
v -139.959 8.30727 62.4457 
v -139.989 6.37604 62.3867 
v -139.869 6.07091 62.023 
v -139.815 8.668 61.5317 
v -140.076 6.67881 61.136 
v -140.014 6.076 61.5557 
v -140.076 7.828 62.4677 
v -139.753 7.828 62.4677 
v -139.753 6.796 62.4197 
v -139.914 6.556 63.0197 
v -139.914 8.092 63.0677 
v -140.076 7.828 62.4677 
v -139.914 6.556 63.0197 
v -139.914 8.092 63.0677 
v -140.076 6.796 62.4197 
v -139.914 5.87829 62.1847 
v -139.914 5.212 61.3637 
v -139.873 6.3544 62.4048 
v -139.914 6.17747 62.5533 
v -139.914 6.556 63.0197 
v -139.989 6.37604 62.3867 
v -139.914 6.17747 62.5533 
v -140.076 6.796 62.4197 
v -139.986 6.07091 62.023 
v -140.014 6.076 61.5557 
v -139.914 5.87829 62.1847 
v -139.914 5.212 61.3637 
v -139.914 8.49648 62.6045 
v -139.954 8.32093 62.4572 
v -139.914 8.092 63.0677 
v -139.959 8.30727 62.4457 
v -140.076 7.828 62.4677 
v -139.959 8.6124 62.0821 
v -140.014 8.668 61.5317 
v -139.914 8.80878 62.2469 
v -139.914 9.58 61.3637 
v -139.753 7.59467 61.0903 
v -139.753 6.71558 61.5388 
v -140.076 7.61063 62.2158 
v -140.076 7.828 62.4677 
v -140.076 7.69067 62.2183 
v -140.058 7.32708 62.2069 
v -140.076 6.796 62.4197 
v -140.058 6.92267 62.1943 
v -140.038 6.53747 61.6555 
v -140.014 6.076 61.5557 
v -140.076 6.67881 61.136 
v -140.076 6.91414 61.4087 
v -140.076 6.92027 61.4047 
v -140.076 7.09067 61.0663 
v -140.076 7.09241 60.4958 
v -140.076 7.37801 60.6302 
v -140.076 7.59467 61.0903 
v -140.076 7.65893 60.5314 
v -140.076 8.068 61.1477 
v -140.076 7.73195 61.3736 
v -140.076 7.99575 61.545 
v -140.053 8.21195 61.6856 
v -140.014 8.668 61.5317 

vn 0 0.0472441 -1 
vn 0 0.425197 -0.905512 
vn 0 0.0472441 -1 
vn 0 0.425197 -0.905512 
vn 0 -0.330709 -0.944882 
vn 0 -0.330709 -0.944882 
vn 0 0.543307 -0.84252 
vn 0 0.708661 -0.708661 
vn 0 0.543307 -0.84252 
vn 0 0.708661 -0.708661 
vn 0 -0.724409 -0.685039 
vn 0 -0.724409 -0.685039 
vn 0 -0.574803 -0.818898 
vn 0 -0.574803 -0.818898 
vn 0 0.377953 0.929134 
vn 0 -0.645669 -0.76378 
vn 0 -0.645669 -0.76378 
vn 0 -0.645669 -0.76378 
vn 0 -0.645669 -0.76378 
vn 1 -0.00787402 0 
vn 1 -0.00787402 0 
vn -1 0.00787402 -0.015748 
vn -1 0 -0.023622 
vn -1 0.00787402 0 
vn 0 0.645669 -0.76378 
vn 0 0.645669 -0.76378 
vn 0 0.645669 -0.76378 
vn 0 0.645669 -0.76378 
vn 0 -0.181102 -0.984252 
vn 0 -0.181102 -0.984252 
vn 0 -0.181102 -0.984252 
vn 0 0.220472 -0.976378 
vn 0 0.220472 -0.976378 
vn 0 0.220472 -0.976378 
vn 0 0.464567 -0.88189 
vn 0 0.464567 -0.88189 
vn 0 0.0314961 -1 
vn 0 0.0314961 -1 
vn 0 0.0314961 -1 
vn 0 -0.362205 -0.929134 
vn 0 -0.370079 -0.929134 
vn 0 0.0314961 -1 
vn 0 -0.330709 -0.944882 
vn 0 -0.330709 -0.944882 
vn 0 0.76378 0.645669 
vn 0 0.76378 0.645669 
vn 0 0.76378 0.645669 
vn 0 0.76378 0.645669 
vn 0 0.708661 -0.708661 
vn 0 0.708661 -0.708661 
vn 0 0.834646 -0.551181 
vn 0 0.834646 -0.551181 
vn 0 0.377953 0.929134 
vn 0 0.748031 0.669291 
vn 0 0.748031 0.669291 
vn 0 0.377953 0.929134 
vn 1 -0.00787402 0 
vn 1 -0.00787402 0 
vn 1 -0.00787402 0 
vn 1 -0.00787402 0 
vn -1 0.00787402 -0.015748 
vn -1 0 -0.023622 
vn -1 0.00787402 0 
vn -1 0.00787402 0 
vn -1 0.00787402 0 
vn -1 0.023622 0.015748 
vn 0 0.716535 0.700787 
vn 0 0.464567 -0.88189 
vn 0 0.976378 0.212598 
vn 0 0.464567 -0.88189 
vn 0 0.976378 0.212598 
vn 0 0.748031 0.669291 
vn 0 0.748031 0.669291 
vn 0 0.503937 0.866142 
vn 0 0.503937 0.866142 
vn 0 0.0472441 -1 
vn 0 0.425197 -0.905512 
vn 0 0.425197 -0.905512 
vn 0 -0.330709 -0.944882 
vn 0 0.76378 0.645669 
vn 0 -0.76378 0.645669 
vn 0 -0.76378 0.645669 
vn 0 0.543307 -0.84252 
vn 0 -0.724409 -0.685039 
vn 0 -0.574803 -0.818898 
vn 0 0.377953 0.929134 
vn 0 0.377953 0.929134 
vn 0 -0.433071 0.897638 
vn 0.968504 -0.00787402 0.259843 
vn 0.968504 -0.00787402 0.259843 
vn 0.968504 -0.00787402 0.259843 
vn 0.968504 -0.00787402 0.259843 
vn 0.976378 -0.188976 0.125984 
vn 0.976378 -0.188976 0.125984 
vn 0.976378 -0.188976 0.125984 
vn 0.976378 -0.188976 0.125984 
vn 0.976378 -0.188976 0.125984 
vn 0.976378 -0.188976 0.125984 
vn 0.976378 -0.188976 0.125984 
vn 0.976378 -0.188976 0.125984 
vn 0.976378 -0.188976 0.125984 
vn -0.976378 0.173228 0.125984 
vn -0.976378 0.173228 0.125984 
vn -0.976378 0.173228 0.125984 
vn 0.976378 0.165354 0.11811 
vn 0.976378 0.165354 0.11811 
vn 0.976378 0.165354 0.11811 
vn 0.976378 0.165354 0.11811 
vn 0.976378 0.165354 0.11811 
vn 0.976378 0.165354 0.11811 
vn 0.976378 0.165354 0.11811 
vn 0.976378 0.165354 0.11811 
vn 1 0 -0.0393701 
vn 1 0 -0.00787402 
vn 0.992126 0.023622 -0.11811 
vn 1 0.00787402 -0.0629921 
vn 1 -0.00787402 0 
vn 1 -0.00787402 0 
vn 1 -0.00787402 0 
vn 1 -0.00787402 0 
vn 1 -0.00787402 0 
vn 1 -0.00787402 0 
vn 1 -0.00787402 0 
vn 1 -0.00787402 0 
vn 1 -0.00787402 0 
vn 1 -0.00787402 0 
vn 1 -0.00787402 0 
vn 1 -0.00787402 0 
vn 1 -0.00787402 0 
vn 1 -0.00787402 0 
vn 1 -0.00787402 0 
vn 1 -0.00787402 0 
vn 1 -0.00787402 0 
vn 0 -0.76378 0.645669 
vn 0 0.543307 -0.84252 
vn 0 0.377953 0.929134 
vn 0 0.377953 0.929134 
vn 0 -0.433071 0.897638 
vn 0 -0.433071 0.897638 
vn 1 -0.00787402 0 
vn 1 -0.00787402 0 
vn -1 0.00787402 -0.015748 
vn -1 0.00787402 0 
vn -1 0.00787402 0 
vn -1 0.00787402 0 
vn 0 0.976378 0.212598 
vn 0 0.976378 0.212598 
vn 0 0.551181 0.834646 
vn 0 0.551181 0.834646 
vn 0 0.748031 0.669291 
vn 0 0.748031 0.669291 
vn 0 0.503937 0.866142 
vn 0 0.503937 0.866142 
vn 0 -0.551181 0.834646 
vn 0 -0.551181 0.834646 
vn 0 -0.748031 0.661417 
vn 0 -0.748031 0.661417 
vn 0 -0.543307 0.834646 
vn 0 -0.543307 0.834646 
vn 0 -0.992126 0.141732 
vn 0 -0.992126 0.133858 
vn 0 -0.645669 0.76378 
vn 0 -0.645669 0.76378 
vn 0 -0.645669 0.76378 
vn 0 0.645669 0.76378 
vn 0 0.645669 0.76378 
vn 0 0.645669 0.76378 
vn 0 0.425197 -0.905512 
vn 0 0.425197 -0.905512 
vn 0 -0.76378 0.645669 
vn 0 -0.76378 0.645669 
vn 0 -0.76378 0.645669 
vn 0 -0.76378 0.645669 
vn 0 -0.724409 -0.685039 
vn 0 -0.84252 -0.543307 
vn 0 -0.84252 -0.543307 
vn 0 -0.724409 -0.685039 
vn 0 -0.433071 0.897638 
vn 0 -0.433071 0.897638 
vn 0 -0.771654 0.637795 
vn 0 -0.771654 0.637795 
vn 1 -0.00787402 0 
vn 1 -0.00787402 0 
vn -1 0.00787402 0 
vn -1 0.00787402 0 
vn -1 0.00787402 0 
vn 0 -0.551181 0.834646 
vn 0 -0.551181 0.834646 
vn 0 -0.748031 0.661417 
vn 0 -0.748031 0.661417 
vn 0 -0.992126 0.141732 
vn 0 -0.992126 0.133858 
vn 0 -0.716535 -0.700787 
vn 0 -0.362205 -0.929134 
vn 0 -0.370079 -0.929134 
vn 0 0.0472441 -1 
vn 0 0.425197 -0.905512 
vn 0 -0.330709 -0.944882 
vn 0 -0.330709 -0.944882 
vn 0 0.76378 0.645669 
vn 0 -0.76378 0.645669 
vn 0 -0.76378 0.645669 
vn 0 0.543307 -0.84252 
vn 0 -0.724409 -0.685039 
vn 0 -0.574803 -0.818898 
vn 0 0.377953 0.929134 
vn 0 0.377953 0.929134 
vn 0 -0.433071 0.897638 
vn 0.968504 -0.00787402 0.259843 
vn 0.968504 -0.00787402 0.259843 
vn -0.968504 -0.00787402 0.259843 
vn -0.968504 -0.00787402 0.259843 
vn -0.968504 -0.00787402 0.259843 
vn -0.968504 -0.00787402 0.259843 
vn 0.976378 -0.188976 0.125984 
vn 0.976378 -0.188976 0.125984 
vn 0.976378 -0.188976 0.125984 
vn 0.976378 -0.188976 0.125984 
vn -0.976378 -0.181102 0.11811 
vn -0.976378 -0.181102 0.11811 
vn -0.976378 -0.181102 0.11811 
vn -0.976378 -0.181102 0.11811 
vn -0.976378 -0.181102 0.11811 
vn -0.976378 -0.181102 0.11811 
vn -0.976378 -0.181102 0.11811 
vn -0.976378 -0.181102 0.11811 
vn -0.976378 0.173228 0.125984 
vn -0.976378 0.173228 0.125984 
vn -0.976378 0.173228 0.125984 
vn -0.976378 0.173228 0.125984 
vn -0.976378 0.173228 0.125984 
vn -0.976378 0.173228 0.125984 
vn -0.976378 0.173228 0.125984 
vn -0.976378 0.173228 0.125984 
vn -0.976378 0.173228 0.125984 
vn 1 -0.00787402 0 
vn 1 -0.00787402 0 
vn -1 -0.00787402 -0.0472441 
vn -1 0 -0.023622 
vn -1 0.00787402 -0.015748 
vn -1 -0.00787402 -0.0472441 
vn -1 0 -0.023622 
vn -1 0 -0.023622 
vn -1 0.00787402 0 
vn -1 0.00787402 0 
vn -1 0.00787402 0 
vn -1 0.00787402 0 
vn -1 0.00787402 0 
vn -1 0.00787402 0 
vn -1 0.00787402 0 
vn -1 0.00787402 0 
vn -1 0.00787402 0 
vn -1 0.00787402 0 
vn -1 0.00787402 0 
vn -1 0.00787402 0 
vn -1 0.00787402 0 
vn -1 0.023622 0.015748 
vn -1 0.00787402 0 

vt 3.58986 1.78385 
vt 3.63018 1.74815 
vt 3.63018 1.78385 
vt 3.58986 1.74815 
vt 3.58986 1.81897 
vt 3.63018 1.81897 
vt 3.59762 1.9451 
vt 3.63018 1.8701 
vt 3.62242 1.9451 
vt 3.58986 1.8701 
vt 3.63018 1.69645 
vt 3.58986 1.69645 
vt 3.59762 1.6211 
vt 3.62242 1.6211 
vt 3.58986 1.8401 
vt 3.60481 1.6559 
vt 3.61002 1.63379 
vt 3.61928 1.65861 
vt 3.60371 1.65861 
vt 3.58986 1.72694 
vt 3.58986 1.81094 
vt 3.63018 1.82294 
vt 3.62802 1.72694 
vt 3.63018 1.81094 
vt 3.61495 1.90172 
vt 3.60163 1.90001 
vt 3.61561 1.90001 
vt 3.61002 1.92366 
vt 3.59762 1.9451 
vt 3.62242 1.9451 
vt 3.61002 2.0591 
vt 3.59762 1.6211 
vt 3.61002 1.5131 
vt 3.62242 1.6211 
vt 3.58986 1.72694 
vt 3.62802 1.72694 
vt 3.58986 1.7389 
vt 3.59174 1.7678 
vt 3.62796 1.77749 
vt 3.59179 1.82294 
vt 3.63018 1.82294 
vt 3.63018 1.81293 
vt 3.45373 1.80626 
vt 3.45373 1.76594 
vt 3.64756 1.78059 
vt 3.69302 1.79449 
vt 3.64756 1.79481 
vt 3.69302 1.78052 
vt 3.53076 1.76594 
vt 3.53076 1.80626 
vt 3.45373 1.80626 
vt 3.45373 1.76594 
vt 3.69576 1.76594 
vt 3.57876 1.7985 
vt 3.57876 1.7737 
vt 3.69576 1.80626 
vt 3.66159 1.80626 
vt 3.52359 1.80626 
vt 3.52059 1.80626 
vt 3.57965 1.80626 
vt 3.66459 1.76594 
vt 3.66159 1.7681 
vt 3.59424 1.77068 
vt 3.52059 1.76594 
vt 3.52359 1.76594 
vt 3.598 1.76874 
vt 3.63593 1.76594 
vt 3.66159 1.80626 
vt 3.59424 1.77068 
vt 3.66159 1.7681 
vt 3.59424 1.80398 
vt 3.56289 1.80626 
vt 3.56289 1.76594 
vt 3.52059 1.80626 
vt 3.52059 1.76594 
vt 3.75396 1.78385 
vt 3.77076 1.74815 
vt 3.77076 1.74815 
vt 3.76631 1.81897 
vt 3.52702 1.90001 
vt 3.5344 1.65861 
vt 3.57986 1.62047 
vt 3.64128 1.9451 
vt 3.69074 1.69645 
vt 3.63828 1.6211 
vt 3.52428 1.8401 
vt 3.52428 1.8401 
vt 3.53028 1.7111 
vt 3.45528 1.6811 
vt 3.52428 1.8401 
vt 3.44928 1.8731 
vt 3.53028 1.7111 
vt 3.55966 1.59639 
vt 3.66228 1.5131 
vt 3.63828 1.6211 
vt 3.57986 1.62047 
vt 3.53028 1.7111 
vt 3.5344 1.65861 
vt 3.53214 1.6559 
vt 3.45528 1.6811 
vt 3.51358 1.63379 
vt 3.52559 1.90172 
vt 3.55188 1.9627 
vt 3.66228 2.0591 
vt 3.44928 1.8731 
vt 3.52702 1.90001 
vt 3.50718 1.92366 
vt 3.52428 1.8401 
vt 3.57248 1.93815 
vt 3.64128 1.9451 
vt 3.55188 1.9627 
vt 3.66228 2.0591 
vt 3.52428 1.8401 
vt 3.55808 1.7389 
vt 3.55717 1.7678 
vt 3.55545 1.82294 
vt 3.62204 1.8881 
vt 3.53028 1.7111 
vt 3.64128 1.9451 
vt 3.55845 1.72694 
vt 3.6258 1.67879 
vt 3.63828 1.6211 
vt 3.68928 1.8701 
vt 3.65562 1.83644 
vt 3.66104 1.8281 
vt 3.69645 1.81094 
vt 3.76631 1.81897 
vt 3.75396 1.78385 
vt 3.69945 1.74794 
vt 3.77076 1.74815 
vt 3.69074 1.69645 
vt 3.65715 1.72664 
vt 3.64039 1.70105 
vt 3.60076 1.65861 
vt 3.62242 1.9451 
vt 3.58986 1.8401 
vt 3.63018 1.8401 
vt 3.58986 1.7111 
vt 3.63018 1.7111 
vt 3.63018 1.81094 
vt 3.63018 1.74794 
vt 3.58986 1.82294 
vt 3.58986 1.74794 
vt 3.58986 1.81094 
vt 3.58986 1.86107 
vt 3.5946 1.67879 
vt 3.6279 1.67879 
vt 3.63018 1.70105 
vt 3.58986 1.72587 
vt 3.63018 1.72664 
vt 3.58986 1.72664 
vt 3.63018 1.74794 
vt 3.58986 1.74794 
vt 3.63018 1.81094 
vt 3.58986 1.81094 
vt 3.58986 1.8281 
vt 3.63018 1.8281 
vt 3.63018 1.83644 
vt 3.58986 1.86107 
vt 3.6248 1.8881 
vt 3.59266 1.8881 
vt 3.61002 1.9627 
vt 3.60451 1.93815 
vt 3.61873 1.93815 
vt 3.60104 1.62047 
vt 3.61002 1.59639 
vt 3.61569 1.62047 
vt 3.77076 1.76594 
vt 3.77076 1.80626 
vt 3.5344 1.77685 
vt 3.57986 1.79177 
vt 3.5344 1.79242 
vt 3.57986 1.77712 
vt 3.69074 1.76594 
vt 3.77076 1.76594 
vt 3.77076 1.80626 
vt 3.69074 1.80626 
vt 3.53028 1.76594 
vt 3.53028 1.80626 
vt 3.63828 1.7985 
vt 3.63828 1.7737 
vt 3.69645 1.80626 
vt 3.64039 1.80626 
vt 3.6258 1.77068 
vt 3.69645 1.76594 
vt 3.63961 1.76594 
vt 3.69645 1.80626 
vt 3.69645 1.76594 
vt 3.66104 1.76594 
vt 3.66104 1.80626 
vt 3.62204 1.80089 
vt 3.62204 1.76874 
vt 3.58411 1.76594 
vt 3.55545 1.80433 
vt 3.55545 1.76594 
vt 3.46608 1.78385 
vt 3.44928 1.74815 
vt 3.45373 1.81897 
vt 3.45373 1.81897 
vt 3.69302 1.90001 
vt 3.68564 1.65861 
vt 3.64018 1.62047 
vt 3.57876 1.9451 
vt 3.5293 1.69645 
vt 3.58176 1.6211 
vt 3.69576 1.8401 
vt 3.69576 1.8401 
vt 3.68976 1.7111 
vt 3.76476 1.6811 
vt 3.77076 1.8731 
vt 3.69576 1.8401 
vt 3.76476 1.6811 
vt 3.77076 1.8731 
vt 3.68976 1.7111 
vt 3.66039 1.59639 
vt 3.55776 1.5131 
vt 3.68791 1.6559 
vt 3.70646 1.63379 
vt 3.76476 1.6811 
vt 3.68564 1.65861 
vt 3.70646 1.63379 
vt 3.68976 1.7111 
vt 3.64018 1.62047 
vt 3.58176 1.6211 
vt 3.66039 1.59639 
vt 3.55776 1.5131 
vt 3.71286 1.92366 
vt 3.69445 1.90172 
vt 3.77076 1.8731 
vt 3.69302 1.90001 
vt 3.69576 1.8401 
vt 3.64756 1.93815 
vt 3.57876 1.9451 
vt 3.66816 1.9627 
vt 3.55776 2.0591 
vt 3.52359 1.81094 
vt 3.57965 1.70105 
vt 3.66428 1.81293 
vt 3.69576 1.8401 
vt 3.66459 1.82294 
vt 3.66317 1.77749 
vt 3.68976 1.7111 
vt 3.66159 1.72694 
vt 3.59424 1.67879 
vt 3.58176 1.6211 
vt 3.5293 1.69645 
vt 3.56339 1.72587 
vt 3.56289 1.72664 
vt 3.52059 1.74794 
vt 3.44928 1.74815 
vt 3.46608 1.78385 
vt 3.52359 1.81094 
vt 3.45373 1.81897 
vt 3.53076 1.8701 
vt 3.559 1.8281 
vt 3.58043 1.86107 
vt 3.598 1.8881 
vt 3.57876 1.9451 

usemtl Meshpart1Mtl

f 259/259/259 260/260/260 261/261/261 
f 260/260/260 259/259/259 262/262/262 
f 261/261/261 263/263/263 259/259/259 
f 261/261/261 264/264/264 263/263/263 
f 265/265/265 266/266/266 267/267/267 
f 266/266/266 265/265/265 268/268/268 
f 271/271/271 269/269/269 270/270/270 
f 269/269/269 271/271/271 272/272/272 
f 274/274/274 275/275/275 276/276/276 
f 276/276/276 277/277/277 274/274/274 
f 283/283/283 284/284/284 285/285/285 
f 286/286/286 284/284/284 283/283/283 
f 287/287/287 288/288/288 289/289/289 
f 290/290/290 291/291/291 292/292/292 
f 294/294/294 295/295/295 293/293/293 
f 294/294/294 296/296/296 295/295/295 
f 296/296/296 294/294/294 297/297/297 
f 298/298/298 300/300/300 299/299/299 
f 298/298/298 297/297/297 300/300/300 
f 297/297/297 298/298/298 296/296/296 
f 303/303/303 304/304/304 305/305/305 
f 304/304/304 303/303/303 306/306/306 
f 308/308/308 309/309/309 307/307/307 
f 310/310/310 307/307/307 309/309/309 
f 311/311/311 312/312/312 313/313/313 
f 312/312/312 311/311/311 314/314/314 
f 324/324/324 325/325/325 319/319/319 
f 326/326/326 327/327/327 328/328/328 
f 327/327/327 326/326/326 329/329/329 
f 331/331/331 330/330/330 332/332/332 
f 333/333/333 331/331/331 332/332/332 
f 347/347/347 348/348/348 349/349/349 
f 348/348/348 347/347/347 350/350/350 
f 351/351/351 352/352/352 353/353/353 
f 351/351/351 353/353/353 354/354/354 
f 355/355/355 354/354/354 353/353/353 
f 354/354/354 355/355/355 356/356/356 
f 355/355/355 357/357/357 356/356/356 
f 358/358/358 357/357/357 355/355/355 
f 357/357/357 358/358/358 359/359/359 
f 363/363/363 364/364/364 365/365/365 
f 364/364/364 363/363/363 366/366/366 
f 366/366/366 367/367/367 364/364/364 
f 366/366/366 368/368/368 367/367/367 
f 368/368/368 369/369/369 367/367/367 
f 368/368/368 370/370/370 369/369/369 
f 371/371/371 372/372/372 373/373/373 
f 371/371/371 373/373/373 374/374/374 
f 375/375/375 371/371/371 374/374/374 
f 376/376/376 372/372/372 371/371/371 
f 371/371/371 375/375/375 377/377/377 
f 372/372/372 376/376/376 378/378/378 
f 376/376/376 379/379/379 378/378/378 
f 379/379/379 376/376/376 380/380/380 
f 375/375/375 381/381/381 377/377/377 
f 381/381/381 375/375/375 382/382/382 
f 383/383/383 381/381/381 382/382/382 
f 384/384/384 381/381/381 383/383/383 
f 381/381/381 384/384/384 385/385/385 
f 385/385/385 384/384/384 386/386/386 
f 384/384/384 387/387/387 386/386/386 
f 387/387/387 388/388/388 386/386/386 
f 388/388/388 387/387/387 389/389/389 
f 389/389/389 379/379/379 380/380/380 
f 390/390/390 389/389/389 387/387/387 
f 379/379/379 389/389/389 391/391/391 
f 391/391/391 389/389/389 390/390/390 
f 394/394/394 396/396/396 395/395/395 
f 397/397/397 395/395/395 396/396/396 
f 406/406/406 404/404/404 405/405/405 
f 404/404/404 406/406/406 407/407/407 
f 408/408/408 407/407/407 406/406/406 
f 407/407/407 408/408/408 409/409/409 
f 411/411/411 410/410/410 412/412/412 
f 413/413/413 411/411/411 412/412/412 
f 414/414/414 415/415/415 416/416/416 
f 416/416/416 417/417/417 414/414/414 
f 418/418/418 417/417/417 416/416/416 
f 417/417/417 418/418/418 419/419/419 
f 420/420/420 421/421/421 422/422/422 
f 423/423/423 424/424/424 425/425/425 
f 428/428/428 429/429/429 430/430/430 
f 429/429/429 428/428/428 431/431/431 
f 432/432/432 433/433/433 434/434/434 
f 432/432/432 434/434/434 435/435/435 
f 436/436/436 438/438/438 437/437/437 
f 438/438/438 436/436/436 439/439/439 
f 447/447/447 446/446/446 445/445/445 
f 447/447/447 445/445/445 448/448/448 
f 449/449/449 451/451/451 450/450/450 
f 452/452/452 451/451/451 449/449/449 
f 451/451/451 452/452/452 453/453/453 
f 469/469/469 470/470/470 471/471/471 
f 470/470/470 469/469/469 472/472/472 
f 477/477/477 478/478/478 479/479/479 
f 478/478/478 477/477/477 480/480/480 
f 480/480/480 481/481/481 478/478/478 
f 480/480/480 482/482/482 481/481/481 
f 482/482/482 483/483/483 481/481/481 
f 482/482/482 484/484/484 483/483/483 
f 485/485/485 486/486/486 487/487/487 
f 488/488/488 487/487/487 486/486/486 
f 487/487/487 488/488/488 489/489/489 
f 490/490/490 489/489/489 488/488/488 
f 489/489/489 490/490/490 491/491/491 
f 492/492/492 491/491/491 490/490/490 
f 491/491/491 492/492/492 493/493/493 
f 496/496/496 497/497/497 498/498/498 
f 499/499/499 497/497/497 496/496/496 
f 497/497/497 499/499/499 500/500/500 
f 500/500/500 499/499/499 501/501/501 
f 502/502/502 500/500/500 501/501/501 
f 500/500/500 502/502/502 503/503/503 
f 504/504/504 503/503/503 502/502/502 
f 504/504/504 502/502/502 505/505/505 
f 506/506/506 504/504/504 505/505/505 
f 504/504/504 506/506/506 507/507/507 
f 507/507/507 508/508/508 504/504/504 
f 508/508/508 507/507/507 509/509/509 
f 507/507/507 510/510/510 509/509/509 
f 510/510/510 511/511/511 509/509/509 
f 511/511/511 510/510/510 512/512/512 
f 513/513/513 512/512/512 510/510/510 
f 512/512/512 513/513/513 514/514/514 
f 515/515/515 512/512/512 514/514/514 
f 512/512/512 515/515/515 516/516/516 
f 497/497/497 516/516/516 515/515/515 
f 515/515/515 498/498/498 497/497/497 

g Meshpart3

v -139.701 7.92365 60.1798 
v -139.914 8.12365 60.1798 
v -140.066 7.79855 60.0287 
v -139.914 7.37365 59.8344 
v -140.159 7.37365 59.9356 
v -140.26 7.37365 60.1798 
v -139.914 7.79855 59.9661 
v -140.128 7.79855 60.1798 
v -139.763 7.79855 60.0287 
v -139.67 7.37365 59.9356 
v -139.569 7.37365 60.1798 
v -139.701 7.79855 60.1798 
v -140.029 0.954472 60.0652 
v -139.914 1.0609 59.9128 
v -139.914 0.954472 60.0178 
v -139.8 0.954472 60.0652 
v -140.103 1.0609 59.991 
v -139.726 1.0609 59.991 
v -139.648 1.0609 60.1798 
v -139.752 0.954472 60.1798 
v -140.011 1.09288 60.2758 
v -140.042 2.51006 60.0524 
v -139.914 2.98083 59.998 
v -139.914 2.51006 59.9997 
v -139.787 2.51006 60.0524 
v -140.043 2.98083 60.0513 
v -139.786 2.98083 60.0513 
v -140.095 2.51006 60.1798 
v -139.786 2.98083 60.3083 
v -140.044 5.58365 60.1798 
v -139.785 5.58365 60.1798 
v -140.006 5.58365 60.0882 
v -139.823 5.58365 60.0882 
v -140.043 5.47165 60.0509 
v -139.786 5.47165 60.0509 
v -139.914 5.47165 59.9975 
v -139.914 5.58365 60.0503 
v -139.914 3.07316 60.3126 
v -140.048 3.3913 60.1798 
v -140.047 3.07316 60.1798 
v -139.821 3.07316 60.0859 
v -140.008 3.07316 60.0859 
v -139.82 3.3913 60.0856 
v -140.009 3.3913 60.0856 
v -139.914 3.3913 60.0466 
v -139.914 3.07316 60.047 
v -140.009 3.3913 60.0856 
v -139.914 3.48364 59.9964 
v -139.914 3.3913 60.0466 
v -139.82 3.3913 60.0856 
v -140.044 3.48364 60.0501 
v -139.785 3.48364 60.0501 
v -140.098 3.48364 60.1798 
v -139.731 3.48364 60.1798 
v -139.785 3.48364 60.0501 
v -140.044 3.48364 60.0501 
v -139.784 3.95121 60.049 
v -140.045 3.95121 60.049 
v -139.914 3.95121 59.9948 
v -139.914 3.48364 59.9964 
v -140.006 5.94365 60.0882 
v -139.914 5.58365 60.0503 
v -140.006 5.58365 60.0882 
v -139.914 5.94365 60.0503 
v -139.823 5.58365 60.0882 
v -139.823 5.94365 60.0882 
v -139.785 5.94365 60.1798 
v -140.128 7.92365 60.1798 
v -140.128 7.79855 60.1798 
v -140.066 7.79855 60.0287 
v -140.066 7.92365 60.0287 
v -139.914 7.79855 59.9661 
v -139.914 7.92365 59.9661 
v -139.763 7.79855 60.0287 
v -139.763 7.92365 60.0287 
v -139.701 7.92365 60.1798 
v -139.701 7.79855 60.1798 
v -140.128 6.12365 60.1798 
v -140.066 6.12365 60.0287 
v -140.066 7.11365 60.0287 
v -139.701 6.12365 60.1798 
v -139.914 6.12365 59.9661 
v -139.763 7.11365 60.0287 
v -139.914 7.11365 59.9661 
v -139.763 6.12365 60.0287 
v -139.785 5.35965 60.1798 
v -139.823 5.35965 60.0882 
v -139.823 4.07121 60.0882 
v -139.914 5.35965 60.0503 
v -139.914 4.07121 60.0503 
v -140.006 5.35965 60.0882 
v -140.006 4.07121 60.0882 
v -140.006 4.07121 60.0882 
v -140.045 3.95121 60.049 
v -139.914 3.95121 59.9948 
v -139.914 4.07121 60.0503 
v -139.823 4.07121 60.0882 
v -139.784 3.95121 60.049 
v -139.821 3.07316 60.0859 
v -140.008 3.07316 60.0859 
v -139.786 2.98083 60.0513 
v -140.043 2.98083 60.0513 
v -139.914 2.98083 59.998 
v -139.914 3.07316 60.047 
v -139.823 5.35965 60.0882 
v -139.786 5.47165 60.0509 
v -139.914 5.47165 59.9975 
v -139.914 5.35965 60.0503 
v -140.006 5.35965 60.0882 
v -140.043 5.47165 60.0509 
v -140.042 2.51006 60.0524 
v -140.102 2.40374 59.992 
v -139.914 2.40374 59.9142 
v -139.914 2.51006 59.9997 
v -139.787 2.51006 60.0524 
v -139.727 2.40374 59.992 
v -139.649 2.40374 60.1798 
v -139.785 5.94365 60.1798 
v -139.823 5.94365 60.0882 
v -139.763 6.12365 60.0287 
v -139.914 6.12365 59.9661 
v -139.914 5.94365 60.0503 
v -140.006 5.94365 60.0882 
v -140.066 6.12365 60.0287 
v -139.726 1.0609 59.991 
v -139.727 2.40374 59.992 
v -139.914 1.0609 59.9128 
v -139.914 2.40374 59.9142 
v -140.102 2.40374 59.992 
v -139.726 1.0609 60.3686 
v -140.103 1.0609 59.991 
v -140.102 2.40374 60.3676 
v -140.103 1.0609 60.3686 
v -140.066 7.11365 60.0287 
v -139.914 7.37365 59.8344 
v -139.914 7.11365 59.9661 
v -139.763 7.11365 60.0287 
v -140.159 7.37365 59.9356 
v -139.67 7.37365 59.9356 
v -139.763 7.92365 60.3309 
v -139.701 7.92365 60.1798 
v -139.914 8.12365 60.1798 
v -139.763 7.92365 60.0287 
v -139.914 7.92365 60.3935 
v -139.914 7.92365 59.9661 
v -140.066 7.92365 60.3309 
v -140.066 7.92365 60.0287 
v -140.128 7.92365 60.1798 
v -139.914 7.37365 59.8344 
v -140.26 7.37365 60.1798 
v -139.569 7.37365 60.1798 
v -140.029 0.954472 60.0652 
v -139.752 0.954472 60.1798 
v -140.103 1.0609 60.3686 
v -139.726 1.0609 60.3686 
v -139.914 0.954472 60.3418 
v -139.914 5.58365 60.3093 
v -140.043 5.47165 60.3087 
v -139.786 5.47165 60.3087 
v -140.043 5.47165 60.0509 
v -139.786 5.47165 60.0509 
v -139.914 5.58365 60.0503 
v -139.818 1.84168 60.7438 
v -140.011 1.84168 60.7438 
v -140.011 1.84168 61.0359 
v -139.818 1.84168 61.0359 
v -140.011 2.09128 60.7438 
v -139.818 2.09128 60.7438 
v -139.914 3.3913 60.0466 
v -140.044 3.48364 60.0501 
v -139.785 3.48364 60.0501 
v -140.048 3.3913 60.1798 
v -139.781 3.3913 60.1798 
v -140.044 3.48364 60.3095 
v -139.785 3.48364 60.3095 
v -139.914 3.3913 60.313 
v -140.128 7.92365 60.1798 
v -139.914 7.79855 59.9661 
v -139.914 7.79855 60.3935 
v -139.701 7.92365 60.1798 
v -140.045 3.95121 60.3106 
v -140.045 3.95121 60.049 
v -139.914 4.07121 60.0503 
v -139.784 3.95121 60.3106 
v -139.784 3.95121 60.049 
v -139.914 3.07316 60.3126 
v -139.786 2.98083 60.3083 
v -140.043 2.98083 60.3083 
v -140.047 3.07316 60.1798 
v -139.786 2.98083 60.0513 
v -140.043 2.98083 60.0513 
v -139.914 3.07316 60.047 
v -139.785 5.35965 60.1798 
v -139.786 5.47165 60.0509 
v -139.914 5.35965 60.0503 
v -140.006 5.35965 60.2714 
v -140.043 5.47165 60.0509 
v -140.011 1.34248 61.2447 
v -139.818 1.34248 60.7438 
v -140.011 1.34248 60.7438 
v -139.818 1.34248 61.2447 
v -140.102 2.40374 59.992 
v -140.102 2.40374 60.3676 
v -139.914 2.51006 59.9997 
v -139.914 2.51006 60.3599 
v -139.727 2.40374 59.992 
v -139.727 2.40374 60.3676 
v -139.818 2.34088 61.0887 
v -140.011 2.34088 60.2758 
v -140.011 2.34088 61.0887 
v -139.818 2.34088 60.2758 
v -139.914 7.37365 59.8344 
v -139.914 7.79855 59.9661 
v -139.763 7.79855 60.0287 
v -139.67 7.37365 59.9356 
v -140.159 7.37365 60.424 
v -139.569 7.37365 60.1798 
v -139.701 7.79855 60.1798 
v -139.914 7.79855 60.3935 
v -139.763 7.79855 60.3309 
v -139.67 7.37365 60.424 
v -139.914 1.0609 59.9128 
v -139.8 0.954472 60.0652 
v -139.726 1.0609 59.991 
v -139.648 1.0609 60.1798 
v -139.752 0.954472 60.1798 
v -139.8 0.954472 60.2944 
v -139.726 1.0609 60.3686 
v -140.011 1.09288 60.2758 
v -139.914 2.98083 59.998 
v -139.914 2.51006 59.9997 
v -139.787 2.51006 60.0524 
v -139.786 2.98083 60.0513 
v -139.733 2.98083 60.1798 
v -140.095 2.51006 60.1798 
v -139.734 2.51006 60.1798 
v -139.787 2.51006 60.3072 
v -139.786 2.98083 60.3083 
v -139.914 2.51006 60.3599 
v -139.914 5.58365 60.3093 
v -139.823 5.58365 60.2714 
v -139.786 5.47165 60.3087 
v -139.732 5.47165 60.1798 
v -139.785 5.58365 60.1798 
v -139.823 5.58365 60.0882 
v -139.786 5.47165 60.0509 
v -139.914 5.47165 59.9975 
v -139.818 1.84168 60.7438 
v -140.011 1.84168 61.0359 
v -140.011 2.09128 60.7438 
v -139.821 3.07316 60.2737 
v -139.914 3.07316 60.3126 
v -139.82 3.3913 60.274 
v -139.781 3.3913 60.1798 
v -139.782 3.07316 60.1798 
v -139.821 3.07316 60.0859 
v -139.82 3.3913 60.0856 
v -139.914 3.3913 60.0466 
v -139.914 3.07316 60.047 
v -139.818 2.34088 61.0887 
v -139.82 3.3913 60.0856 
v -139.785 3.48364 60.0501 
v -139.731 3.48364 60.1798 
v -139.781 3.3913 60.1798 
v -139.82 3.3913 60.274 
v -139.785 3.48364 60.3095 
v -139.785 3.48364 60.3095 
v -139.784 3.95121 60.3106 
v -139.729 3.95121 60.1798 
v -139.731 3.48364 60.1798 
v -139.785 3.48364 60.0501 
v -139.784 3.95121 60.049 
v -139.818 1.46728 60.6811 
v -139.818 2.34088 60.2758 
v -139.818 1.96648 60.6811 
v -139.818 2.09128 60.7438 
v -139.818 2.34088 61.0887 
v -139.818 2.09128 61.0887 
v -139.818 1.09288 60.2758 
v -139.818 1.84168 60.7438 
v -139.818 1.34248 60.7438 
v -139.818 1.09288 61.2447 
v -139.818 1.34248 61.2447 
v -139.818 1.59208 60.7438 
v -139.818 1.59208 61.0359 
v -139.818 1.84168 61.0359 
v -140.011 1.34248 60.7438 
v -139.914 5.58365 60.0503 
v -139.823 5.58365 60.0882 
v -139.823 5.94365 60.0882 
v -139.785 5.58365 60.1798 
v -139.785 5.94365 60.1798 
v -139.823 5.58365 60.2714 
v -139.914 5.58365 60.3093 
v -139.823 5.94365 60.2714 
v -139.763 7.92365 60.3309 
v -139.763 7.79855 60.0287 
v -139.763 7.79855 60.3309 
v -139.763 7.92365 60.0287 
v -139.701 7.92365 60.1798 
v -139.701 7.79855 60.1798 
v -139.914 6.12365 60.3935 
v -139.763 6.12365 60.3309 
v -139.763 7.11365 60.3309 
v -139.701 7.11365 60.1798 
v -139.701 6.12365 60.1798 
v -139.763 7.11365 60.0287 
v -139.763 6.12365 60.0287 
v -139.785 5.35965 60.1798 
v -139.823 4.07121 60.2714 
v -139.785 4.07121 60.1798 
v -139.823 5.35965 60.2714 
v -139.823 5.35965 60.0882 
v -139.823 4.07121 60.0882 
v -139.914 4.07121 60.0503 
v -139.914 4.07121 60.0503 
v -139.823 4.07121 60.2714 
v -139.823 4.07121 60.0882 
v -139.784 3.95121 60.3106 
v -139.784 3.95121 60.049 
v -139.729 3.95121 60.1798 
v -139.785 4.07121 60.1798 
v -139.821 3.07316 60.2737 
v -139.786 2.98083 60.3083 
v -139.733 2.98083 60.1798 
v -139.782 3.07316 60.1798 
v -139.821 3.07316 60.0859 
v -139.786 2.98083 60.0513 
v -139.785 5.35965 60.1798 
v -139.732 5.47165 60.1798 
v -139.823 5.35965 60.2714 
v -139.823 5.35965 60.0882 
v -139.786 5.47165 60.3087 
v -139.786 5.47165 60.0509 
v -139.787 2.51006 60.0524 
v -139.787 2.51006 60.3072 
v -139.727 2.40374 59.992 
v -139.727 2.40374 60.3676 
v -139.649 2.40374 60.1798 
v -139.734 2.51006 60.1798 
v -139.785 5.94365 60.1798 
v -139.701 6.12365 60.1798 
v -139.823 5.94365 60.2714 
v -139.823 5.94365 60.0882 
v -139.763 6.12365 60.3309 
v -139.763 6.12365 60.0287 
v -139.914 6.12365 60.3935 
v -139.914 5.94365 60.3093 
v -139.726 1.0609 59.991 
v -139.727 2.40374 59.992 
v -139.648 1.0609 60.1798 
v -139.649 2.40374 60.1798 
v -139.727 2.40374 60.3676 
v -139.726 1.0609 60.3686 
v -139.763 7.11365 60.0287 
v -139.67 7.37365 59.9356 
v -139.569 7.37365 60.1798 
v -139.701 7.11365 60.1798 
v -139.763 7.11365 60.3309 
v -140.159 7.37365 60.424 
v -139.67 7.37365 60.424 
v -139.701 7.92365 60.1798 
v -139.914 8.12365 60.1798 
v -140.26 7.37365 60.1798 
v -140.128 7.79855 60.1798 
v -140.066 7.79855 60.3309 
v -140.159 7.37365 60.424 
v -139.569 7.37365 60.1798 
v -139.914 7.37365 60.5252 
v -139.701 7.79855 60.1798 
v -139.914 7.79855 60.3935 
v -139.763 7.79855 60.3309 
v -139.67 7.37365 60.424 
v -139.648 1.0609 60.1798 
v -140.029 0.954472 60.2944 
v -139.8 0.954472 60.2944 
v -140.103 1.0609 60.3686 
v -139.726 1.0609 60.3686 
v -139.914 1.0609 60.4468 
v -139.914 0.954472 60.3418 
v -140.011 1.09288 60.2758 
v -140.043 2.98083 60.0513 
v -140.095 2.51006 60.1798 
v -140.042 2.51006 60.3072 
v -139.787 2.51006 60.3072 
v -140.043 2.98083 60.3083 
v -139.786 2.98083 60.3083 
v -139.914 2.98083 60.3616 
v -139.914 2.51006 60.3599 
v -140.006 5.58365 60.2714 
v -139.914 5.47165 60.3621 
v -139.914 5.58365 60.3093 
v -139.823 5.58365 60.2714 
v -140.043 5.47165 60.3087 
v -139.786 5.47165 60.3087 
v -140.044 5.58365 60.1798 
v -139.785 5.58365 60.1798 
v -139.818 1.84168 60.7438 
v -140.011 1.96648 60.6811 
v -140.011 1.84168 60.7438 
v -139.818 1.96648 60.6811 
v -140.011 2.09128 60.7438 
v -139.818 2.09128 60.7438 
v -140.011 1.09288 61.2447 
v -139.818 1.09288 61.2447 
v -140.011 1.34248 61.2447 
v -139.818 1.34248 61.2447 
v -139.821 3.07316 60.2737 
v -139.914 3.3913 60.313 
v -139.914 3.07316 60.3126 
v -140.008 3.07316 60.2737 
v -139.82 3.3913 60.274 
v -140.009 3.3913 60.274 
v -139.781 3.3913 60.1798 
v -140.048 3.3913 60.1798 
v -140.047 3.07316 60.1798 
v -140.011 2.09128 61.0887 
v -139.818 2.09128 61.0887 
v -140.011 2.34088 61.0887 
v -139.818 2.34088 61.0887 
v -139.818 1.59208 61.0359 
v -140.011 1.84168 61.0359 
v -140.011 1.59208 61.0359 
v -139.818 1.84168 61.0359 
v -140.098 3.48364 60.1798 
v -139.731 3.48364 60.1798 
v -140.009 3.3913 60.274 
v -139.82 3.3913 60.274 
v -140.044 3.48364 60.3095 
v -139.785 3.48364 60.3095 
v -139.914 3.48364 60.3632 
v -139.914 3.3913 60.313 
v -139.785 3.48364 60.3095 
v -139.914 3.95121 60.3648 
v -139.914 3.48364 60.3632 
v -140.044 3.48364 60.3095 
v -139.784 3.95121 60.3106 
v -140.045 3.95121 60.3106 
v -139.784 3.95121 60.049 
v -140.045 3.95121 60.049 
v -140.006 5.94365 60.2714 
v -140.006 5.58365 60.2714 
v -139.785 5.94365 60.1798 
v -139.914 5.94365 60.3093 
v -139.823 5.58365 60.2714 
v -139.914 5.58365 60.3093 
v -139.823 5.94365 60.2714 
v -140.066 7.92365 60.3309 
v -140.128 7.92365 60.1798 
v -140.128 7.79855 60.1798 
v -140.066 7.79855 60.3309 
v -139.914 7.92365 60.3935 
v -139.914 7.79855 60.3935 
v -139.763 7.92365 60.3309 
v -139.763 7.79855 60.3309 
v -139.701 7.92365 60.1798 
v -139.701 7.79855 60.1798 
v -140.066 7.11365 60.3309 
v -140.066 6.12365 60.3309 
v -139.914 6.12365 60.3935 
v -139.914 7.11365 60.3935 
v -139.763 6.12365 60.3309 
v -140.128 6.12365 60.1798 
v -139.763 7.11365 60.3309 
v -139.701 6.12365 60.1798 
v -139.785 5.35965 60.1798 
v -139.823 4.07121 60.2714 
v -139.823 5.35965 60.2714 
v -139.914 4.07121 60.3093 
v -139.914 5.35965 60.3093 
v -140.006 4.07121 60.2714 
v -140.006 5.35965 60.2714 
v -140.006 4.07121 60.2714 
v -140.045 3.95121 60.3106 
v -140.045 3.95121 60.049 
v -139.914 3.95121 60.3648 
v -139.914 4.07121 60.3093 
v -139.914 4.07121 60.0503 
v -139.823 4.07121 60.2714 
v -139.784 3.95121 60.3106 
v -139.784 3.95121 60.049 
v -139.914 3.07316 60.3126 
v -139.914 2.98083 60.3616 
v -139.821 3.07316 60.2737 
v -140.008 3.07316 60.2737 
v -139.786 2.98083 60.3083 
v -140.043 2.98083 60.3083 
v -139.785 5.35965 60.1798 
v -139.823 5.35965 60.2714 
v -139.786 5.47165 60.3087 
v -139.914 5.47165 60.3621 
v -139.914 5.35965 60.3093 
v -140.006 5.35965 60.2714 
v -140.043 5.47165 60.3087 
v -139.818 1.34248 60.7438 
v -140.011 1.34248 60.7438 
v -140.011 1.46728 60.6811 
v -139.818 1.46728 60.6811 
v -140.011 1.59208 60.7438 
v -139.818 1.59208 60.7438 
v -140.042 2.51006 60.3072 
v -140.102 2.40374 60.3676 
v -139.914 2.40374 60.4454 
v -139.914 2.51006 60.3599 
v -139.787 2.51006 60.3072 
v -139.727 2.40374 60.3676 
v -139.649 2.40374 60.1798 
v -139.785 5.94365 60.1798 
v -139.823 5.94365 60.2714 
v -139.763 6.12365 60.3309 
v -139.763 6.12365 60.0287 
v -139.914 6.12365 60.3935 
v -139.914 5.94365 60.3093 
v -140.006 5.94365 60.2714 
v -140.066 6.12365 60.3309 
v -140.128 6.12365 60.1798 
v -139.727 2.40374 59.992 
v -139.727 2.40374 60.3676 
v -139.726 1.0609 60.3686 
v -139.914 1.0609 60.4468 
v -139.914 2.40374 60.4454 
v -140.102 2.40374 60.3676 
v -140.103 1.0609 60.3686 
v -140.066 7.11365 60.3309 
v -139.763 7.11365 60.3309 
v -140.159 7.37365 60.424 
v -139.67 7.37365 60.424 
v -139.914 7.37365 60.5252 
v -139.914 7.11365 60.3935 
v -139.914 7.37365 59.8344 
v -140.26 7.37365 60.1798 
v -139.569 7.37365 60.1798 
v -140.029 0.954472 60.2944 
v -139.8 0.954472 60.2944 
v -139.914 0.954472 60.3418 
v -140.077 0.954472 60.1798 
v -139.914 0.954472 60.0178 
v -140.029 0.954472 60.0652 
v -139.8 0.954472 60.0652 
v -139.752 0.954472 60.1798 
v -140.029 0.954472 60.0652 
v -140.103 1.0609 59.991 
v -139.726 1.0609 59.991 
v -139.752 0.954472 60.1798 
v -140.103 1.0609 60.3686 
v -139.726 1.0609 60.3686 
v -139.914 0.954472 60.3418 
v -140.011 1.09288 61.2447 
v -140.011 1.09288 60.2758 
v -139.818 1.09288 60.2758 
v -139.818 1.09288 61.2447 
v -139.914 5.58365 60.3093 
v -140.043 5.47165 60.0509 
v -139.786 5.47165 60.0509 
v -140.011 2.09128 60.7438 
v -139.818 2.09128 60.7438 
v -139.818 2.09128 61.0887 
v -140.011 2.09128 61.0887 
v -139.914 3.3913 60.0466 
v -140.044 3.48364 60.0501 
v -139.785 3.48364 60.0501 
v -140.048 3.3913 60.1798 
v -139.781 3.3913 60.1798 
v -140.044 3.48364 60.3095 
v -139.785 3.48364 60.3095 
v -139.914 3.3913 60.313 
v -140.128 7.92365 60.1798 
v -139.914 7.79855 59.9661 
v -139.914 7.79855 60.3935 
v -139.701 7.92365 60.1798 
v -139.914 3.07316 60.3126 
v -139.786 2.98083 60.3083 
v -140.043 2.98083 60.3083 
v -140.047 3.07316 60.1798 
v -140.043 2.98083 60.0513 
v -139.914 3.07316 60.047 
v -139.785 5.35965 60.1798 
v -139.786 5.47165 60.3087 
v -139.786 5.47165 60.0509 
v -139.914 5.35965 60.0503 
v -140.006 5.35965 60.2714 
v -140.043 5.47165 60.3087 
v -140.043 5.47165 60.0509 
v -139.818 1.34248 60.7438 
v -140.011 1.34248 60.7438 
v -140.011 1.59208 60.7438 
v -139.818 1.59208 60.7438 
v -139.818 1.59208 61.0359 
v -140.011 1.59208 61.0359 
v -140.066 7.79855 60.0287 
v -139.914 7.37365 59.8344 
v -140.159 7.37365 59.9356 
v -140.26 7.37365 60.1798 
v -139.914 7.79855 59.9661 
v -140.128 7.79855 60.1798 
v -140.066 7.79855 60.3309 
v -139.67 7.37365 59.9356 
v -140.159 7.37365 60.424 
v -139.914 7.79855 60.3935 
v -140.029 0.954472 60.0652 
v -139.914 1.0609 59.9128 
v -140.103 1.0609 59.991 
v -140.181 1.0609 60.1798 
v -140.077 0.954472 60.1798 
v -140.029 0.954472 60.2944 
v -140.103 1.0609 60.3686 
v -139.914 0.954472 60.3418 
v -140.011 1.09288 60.2758 
v -140.042 2.51006 60.0524 
v -139.914 2.98083 59.998 
v -139.914 2.51006 59.9997 
v -140.043 2.98083 60.0513 
v -140.096 2.98083 60.1798 
v -140.095 2.51006 60.1798 
v -140.042 2.51006 60.3072 
v -140.043 2.98083 60.3083 
v -139.914 2.51006 60.3599 
v -140.006 5.58365 60.2714 
v -139.914 5.58365 60.3093 
v -140.043 5.47165 60.3087 
v -140.097 5.47165 60.1798 
v -140.044 5.58365 60.1798 
v -140.006 5.58365 60.0882 
v -140.043 5.47165 60.0509 
v -139.914 5.47165 59.9975 
v -139.818 1.84168 60.7438 
v -140.011 1.84168 61.0359 
v -139.914 3.07316 60.3126 
v -140.008 3.07316 60.2737 
v -140.009 3.3913 60.274 
v -140.048 3.3913 60.1798 
v -140.047 3.07316 60.1798 
v -140.008 3.07316 60.0859 
v -140.009 3.3913 60.0856 
v -139.818 2.34088 61.0887 
v -140.009 3.3913 60.0856 
v -140.044 3.48364 60.0501 
v -140.098 3.48364 60.1798 
v -140.048 3.3913 60.1798 
v -140.009 3.3913 60.274 
v -140.044 3.48364 60.3095 
v -140.044 3.48364 60.3095 
v -140.045 3.95121 60.3106 
v -140.099 3.95121 60.1798 
v -140.098 3.48364 60.1798 
v -140.044 3.48364 60.0501 
v -140.045 3.95121 60.049 
v -140.011 1.09288 61.2447 
v -140.011 1.34248 60.7438 
v -140.011 1.09288 60.2758 
v -140.011 1.34248 61.2447 
v -140.011 1.46728 60.6811 
v -140.011 2.34088 60.2758 
v -140.011 1.96648 60.6811 
v -140.011 2.09128 60.7438 
v -140.011 2.34088 61.0887 
v -140.011 2.09128 61.0887 
v -140.011 1.84168 60.7438 
v -140.011 1.59208 60.7438 
v -140.011 1.84168 61.0359 
v -140.011 1.59208 61.0359 
v -140.006 5.94365 60.0882 
v -139.914 5.58365 60.0503 
v -140.006 5.58365 60.0882 
v -140.044 5.94365 60.1798 
v -140.044 5.58365 60.1798 
v -140.006 5.94365 60.2714 
v -140.006 5.58365 60.2714 
v -139.914 5.94365 60.3093 
v -139.914 5.58365 60.3093 
v -140.066 7.92365 60.3309 
v -140.128 7.92365 60.1798 
v -140.128 7.79855 60.1798 
v -140.066 7.79855 60.0287 
v -140.066 7.79855 60.3309 
v -140.066 7.92365 60.0287 
v -140.066 7.11365 60.3309 
v -140.066 6.12365 60.3309 
v -139.914 7.11365 60.3935 
v -140.128 7.11365 60.1798 
v -140.128 6.12365 60.1798 
v -140.066 6.12365 60.0287 
v -140.066 7.11365 60.0287 
v -139.914 5.35965 60.0503 
v -140.006 4.07121 60.2714 
v -139.914 4.07121 60.0503 
v -140.006 5.35965 60.2714 
v -140.006 5.35965 60.0882 
v -140.044 4.07121 60.1798 
v -140.006 4.07121 60.0882 
v -140.044 5.35965 60.1798 
v -140.006 4.07121 60.2714 
v -140.044 4.07121 60.1798 
v -140.099 3.95121 60.1798 
v -140.006 4.07121 60.0882 
v -140.045 3.95121 60.3106 
v -140.045 3.95121 60.049 
v -139.914 4.07121 60.0503 
v -140.008 3.07316 60.2737 
v -140.043 2.98083 60.3083 
v -140.096 2.98083 60.1798 
v -140.047 3.07316 60.1798 
v -140.008 3.07316 60.0859 
v -140.043 2.98083 60.0513 
v -139.914 5.35965 60.0503 
v -140.006 5.35965 60.2714 
v -140.006 5.35965 60.0882 
v -140.043 5.47165 60.3087 
v -140.043 5.47165 60.0509 
v -140.097 5.47165 60.1798 
v -140.044 5.35965 60.1798 
v -139.818 1.34248 60.7438 
v -140.011 1.59208 60.7438 
v -139.818 1.59208 61.0359 
v -140.042 2.51006 60.0524 
v -140.18 2.40374 60.1798 
v -140.095 2.51006 60.1798 
v -140.042 2.51006 60.3072 
v -140.102 2.40374 59.992 
v -140.102 2.40374 60.3676 
v -139.914 5.94365 60.3093 
v -140.006 5.94365 60.2714 
v -140.006 5.94365 60.0882 
v -140.066 6.12365 60.3309 
v -140.066 6.12365 60.0287 
v -140.128 6.12365 60.1798 
v -140.044 5.94365 60.1798 
v -140.102 2.40374 59.992 
v -140.103 1.0609 59.991 
v -140.181 1.0609 60.1798 
v -140.18 2.40374 60.1798 
v -140.102 2.40374 60.3676 
v -140.103 1.0609 60.3686 
v -140.066 7.11365 60.0287 
v -140.159 7.37365 59.9356 
v -139.67 7.37365 59.9356 
v -140.26 7.37365 60.1798 
v -140.128 7.11365 60.1798 
v -140.066 7.11365 60.3309 
v -140.159 7.37365 60.424 

vn 0.685039 0.732283 0 
vn 0 1 0 
vn -0.692913 0.299213 -0.661417 
vn 0 0.299213 -0.952756 
vn -0.740157 0.291339 -0.598425 
vn -0.952756 0.299213 0 
vn 0 0.299213 -0.952756 
vn -0.952756 0.299213 0 
vn 0.692913 0.299213 -0.661417 
vn 0.740157 0.291339 -0.598425 
vn 0.952756 0.299213 0 
vn 0.952756 0.299213 0 
vn -0.480315 -0.700787 -0.527559 
vn 0 -0.700787 -0.708661 
vn 0 -0.700787 -0.708661 
vn 0.480315 -0.700787 -0.527559 
vn -0.566929 -0.700787 -0.433071 
vn 0.566929 -0.700787 -0.433071 
vn 0.708661 -0.700787 0 
vn 0.708661 -0.700787 0 
vn 0 -1 0 
vn -0.755906 0 -0.653543 
vn 0 0 -1 
vn 0 0 -1 
vn 0.755906 0 -0.653543 
vn -0.755906 0 -0.653543 
vn 0.755906 0 -0.653543 
vn -1 0 0 
vn 0.755906 0 0.653543 
vn -0.905512 0.425197 0 
vn 0.905512 0.425197 0 
vn -0.645669 0.425197 -0.637795 
vn 0.645669 0.425197 -0.637795 
vn -0.708661 0.425197 -0.559055 
vn 0.708661 0.425197 -0.559055 
vn 0 0.425197 -0.905512 
vn 0 0.425197 -0.905512 
vn 0 0 1 
vn -1 0 0 
vn -1 0 0 
vn 0.755906 0 -0.653543 
vn -0.755906 0 -0.653543 
vn 0.755906 0 -0.653543 
vn -0.755906 0 -0.653543 
vn 0 0 -1 
vn 0 0 -1 
vn -0.622047 -0.480315 -0.622047 
vn 0 -0.480315 -0.88189 
vn 0 -0.480315 -0.88189 
vn 0.622047 -0.480315 -0.622047 
vn -0.692913 -0.472441 -0.543307 
vn 0.692913 -0.472441 -0.543307 
vn -0.88189 -0.480315 0 
vn 0.88189 -0.480315 0 
vn 0.755906 0 -0.653543 
vn -0.755906 0 -0.653543 
vn 0.755906 0 -0.653543 
vn -0.755906 0 -0.653543 
vn 0 0 -1 
vn 0 0 -1 
vn -0.755906 0 -0.653543 
vn 0 0 -1 
vn -0.755906 0 -0.653543 
vn 0 0 -1 
vn 0.755906 0 -0.653543 
vn 0.755906 0 -0.653543 
vn 1 0 0 
vn -1 0 0 
vn -1 0 0 
vn -0.755906 0 -0.653543 
vn -0.755906 0 -0.653543 
vn 0 0 -1 
vn 0 0 -1 
vn 0.755906 0 -0.653543 
vn 0.755906 0 -0.653543 
vn 1 0 0 
vn 1 0 0 
vn -1 0 0 
vn -0.755906 0 -0.653543 
vn -0.755906 0 -0.653543 
vn 1 0 0 
vn 0 0 -1 
vn 0.755906 0 -0.653543 
vn 0 0 -1 
vn 0.755906 0 -0.653543 
vn 1 0 0 
vn 0.755906 0 -0.653543 
vn 0.755906 0 -0.653543 
vn 0 0 -1 
vn 0 0 -1 
vn -0.755906 0 -0.653543 
vn -0.755906 0 -0.653543 
vn -0.645669 0.417323 -0.637795 
vn -0.708661 0.417323 -0.566929 
vn 0 0.417323 -0.905512 
vn 0 0.417323 -0.905512 
vn 0.645669 0.417323 -0.637795 
vn 0.708661 0.417323 -0.566929 
vn 0.622047 0.464567 -0.629921 
vn -0.622047 0.464567 -0.629921 
vn 0.692913 0.464567 -0.543307 
vn -0.692913 0.464567 -0.543307 
vn 0 0.464567 -0.88189 
vn 0 0.464567 -0.88189 
vn 0.645669 -0.425197 -0.637795 
vn 0.708661 -0.425197 -0.559055 
vn 0 -0.425197 -0.905512 
vn 0 -0.425197 -0.905512 
vn -0.645669 -0.425197 -0.637795 
vn -0.708661 -0.425197 -0.559055 
vn -0.535433 0.622047 -0.566929 
vn -0.622047 0.622047 -0.480315 
vn 0 0.629921 -0.779528 
vn 0 0.629921 -0.779528 
vn 0.535433 0.622047 -0.566929 
vn 0.622047 0.622047 -0.480315 
vn 0.779528 0.629921 0 
vn 0.905512 -0.425197 0 
vn 0.645669 -0.425197 -0.637795 
vn 0.708661 -0.425197 -0.566929 
vn 0 -0.425197 -0.905512 
vn 0 -0.425197 -0.905512 
vn -0.645669 -0.425197 -0.637795 
vn -0.708661 -0.425197 -0.566929 
vn 0.755906 0 -0.653543 
vn 0.755906 0 -0.653543 
vn 0 0 -1 
vn 0 0 -1 
vn -0.755906 0 -0.653543 
vn 0.755906 0 0.653543 
vn -0.755906 0 -0.653543 
vn -0.755906 0 0.653543 
vn -0.755906 0 0.653543 
vn -0.629921 -0.448819 -0.629921 
vn 0 -0.448819 -0.889764 
vn 0 -0.448819 -0.889764 
vn 0.629921 -0.448819 -0.629921 
vn -0.700787 -0.448819 -0.551181 
vn 0.700787 -0.448819 -0.551181 
vn 0.543307 0.724409 0.417323 
vn 0.685039 0.732283 0 
vn 0 1 0 
vn 0.543307 0.724409 -0.417323 
vn 0 0.732283 0.685039 
vn 0 0.732283 -0.685039 
vn -0.543307 0.724409 0.417323 
vn -0.543307 0.724409 -0.417323 
vn -0.685039 0.732283 0 
vn 0 0.299213 -0.952756 
vn -0.952756 0.299213 0 
vn 0.952756 0.299213 0 
vn -0.480315 -0.700787 -0.527559 
vn 0.708661 -0.700787 0 
vn -0.566929 -0.700787 0.433071 
vn 0.566929 -0.700787 0.433071 
vn 0 -0.700787 0.708661 
vn 0 0.425197 0.905512 
vn -0.708661 0.425197 0.559055 
vn 0.708661 0.425197 0.559055 
vn -0.708661 0.425197 -0.559055 
vn 0.708661 0.425197 -0.559055 
vn 0 0.425197 -0.905512 
vn 0 0.850394 0.527559 
vn 0 0.850394 0.527559 
vn 0 1 0 
vn 0 1 0 
vn 0 -0.850394 0.527559 
vn 0 -0.850394 0.527559 
vn 0 -0.480315 -0.88189 
vn -0.692913 -0.472441 -0.543307 
vn 0.692913 -0.472441 -0.543307 
vn -0.88189 -0.480315 0 
vn 0.88189 -0.480315 0 
vn -0.692913 -0.472441 0.543307 
vn 0.692913 -0.472441 0.543307 
vn 0 -0.480315 0.88189 
vn -1 0 0 
vn 0 0 -1 
vn 0 0 1 
vn 1 0 0 
vn -0.708661 0.417323 0.566929 
vn -0.708661 0.417323 -0.566929 
vn 0 0.417323 -0.905512 
vn 0.708661 0.417323 0.566929 
vn 0.708661 0.417323 -0.566929 
vn 0 0.464567 0.88189 
vn 0.692913 0.464567 0.543307 
vn -0.692913 0.464567 0.543307 
vn -0.88189 0.464567 0 
vn 0.692913 0.464567 -0.543307 
vn -0.692913 0.464567 -0.543307 
vn 0 0.464567 -0.88189 
vn 0.905512 -0.425197 0 
vn 0.708661 -0.425197 -0.559055 
vn 0 -0.425197 -0.905512 
vn -0.645669 -0.425197 0.637795 
vn -0.708661 -0.425197 -0.559055 
vn 0 1 0 
vn 0 0.850394 0.527559 
vn 0 0.850394 0.527559 
vn 0 1 0 
vn -0.622047 0.622047 -0.480315 
vn -0.622047 0.622047 0.480315 
vn 0 0.629921 -0.779528 
vn 0 0.629921 0.779528 
vn 0.622047 0.622047 -0.480315 
vn 0.622047 0.622047 0.480315 
vn 0 1 0 
vn 0 1 0 
vn 0 1 0 
vn 0 1 0 
vn 0 0.299213 -0.952756 
vn 0 0.299213 -0.952756 
vn 0.692913 0.299213 -0.661417 
vn 0.740157 0.291339 -0.598425 
vn -0.740157 0.291339 0.598425 
vn 0.952756 0.299213 0 
vn 0.952756 0.299213 0 
vn 0 0.299213 0.952756 
vn 0.692913 0.299213 0.661417 
vn 0.740157 0.291339 0.598425 
vn 0 -0.700787 -0.708661 
vn 0.480315 -0.700787 -0.527559 
vn 0.566929 -0.700787 -0.433071 
vn 0.708661 -0.700787 0 
vn 0.708661 -0.700787 0 
vn 0.480315 -0.700787 0.527559 
vn 0.566929 -0.700787 0.433071 
vn 0 -1 0 
vn 0 0 -1 
vn 0 0 -1 
vn 0.755906 0 -0.653543 
vn 0.755906 0 -0.653543 
vn 1 0 0 
vn -1 0 0 
vn 1 0 0 
vn 0.755906 0 0.653543 
vn 0.755906 0 0.653543 
vn 0 0 1 
vn 0 0.425197 0.905512 
vn 0.645669 0.425197 0.637795 
vn 0.708661 0.425197 0.559055 
vn 0.905512 0.425197 0 
vn 0.905512 0.425197 0 
vn 0.645669 0.425197 -0.637795 
vn 0.708661 0.425197 -0.559055 
vn 0 0.425197 -0.905512 
vn 0 0.850394 0.527559 
vn 0 1 0 
vn 0 -0.850394 0.527559 
vn 0.755906 0 0.653543 
vn 0 0 1 
vn 0.755906 0 0.653543 
vn 1 0 0 
vn 1 0 0 
vn 0.755906 0 -0.653543 
vn 0.755906 0 -0.653543 
vn 0 0 -1 
vn 0 0 -1 
vn 0 0 1 
vn 0.622047 -0.480315 -0.622047 
vn 0.692913 -0.472441 -0.543307 
vn 0.88189 -0.480315 0 
vn 0.88189 -0.480315 0 
vn 0.622047 -0.480315 0.622047 
vn 0.692913 -0.472441 0.543307 
vn 0.755906 0 0.653543 
vn 0.755906 0 0.653543 
vn 1 0 0 
vn 1 0 0 
vn 0.755906 0 -0.653543 
vn 0.755906 0 -0.653543 
vn 1 0 0 
vn 1 0 0 
vn 1 0 0 
vn 1 0 0 
vn 1 0 0 
vn 1 0 0 
vn 1 0 0 
vn 1 0 0 
vn 1 0 0 
vn 1 0 0 
vn 1 0 0 
vn 1 0 0 
vn 1 0 0 
vn 1 0 0 
vn -1 0 0 
vn 0 0 -1 
vn 0.755906 0 -0.653543 
vn 0.755906 0 -0.653543 
vn 1 0 0 
vn 1 0 0 
vn 0.755906 0 0.653543 
vn 0 0 1 
vn 0.755906 0 0.653543 
vn 0.755906 0 0.653543 
vn 0.755906 0 -0.653543 
vn 0.755906 0 0.653543 
vn 0.755906 0 -0.653543 
vn 1 0 0 
vn 1 0 0 
vn 0 0 1 
vn 0.755906 0 0.653543 
vn 0.755906 0 0.653543 
vn 1 0 0 
vn 1 0 0 
vn 0.755906 0 -0.653543 
vn 0.755906 0 -0.653543 
vn 1 0 0 
vn 0.755906 0 0.653543 
vn 1 0 0 
vn 0.755906 0 0.653543 
vn 0.755906 0 -0.653543 
vn 0.755906 0 -0.653543 
vn 0 0 -1 
vn 0 0.417323 -0.905512 
vn 0.645669 0.417323 0.637795 
vn 0.645669 0.417323 -0.637795 
vn 0.708661 0.417323 0.566929 
vn 0.708661 0.417323 -0.566929 
vn 0.905512 0.417323 0 
vn 0.905512 0.417323 0 
vn 0.622047 0.464567 0.629921 
vn 0.692913 0.464567 0.543307 
vn 0.88189 0.464567 0 
vn 0.88189 0.464567 0 
vn 0.622047 0.464567 -0.629921 
vn 0.692913 0.464567 -0.543307 
vn 0.905512 -0.425197 0 
vn 0.905512 -0.425197 0 
vn 0.645669 -0.425197 0.637795 
vn 0.645669 -0.425197 -0.637795 
vn 0.708661 -0.425197 0.559055 
vn 0.708661 -0.425197 -0.559055 
vn 0.535433 0.622047 -0.566929 
vn 0.535433 0.622047 0.566929 
vn 0.622047 0.622047 -0.480315 
vn 0.622047 0.622047 0.480315 
vn 0.779528 0.629921 0 
vn 0.779528 0.629921 0 
vn 0.905512 -0.425197 0 
vn 0.905512 -0.425197 0 
vn 0.645669 -0.425197 0.637795 
vn 0.645669 -0.425197 -0.637795 
vn 0.708661 -0.425197 0.566929 
vn 0.708661 -0.425197 -0.566929 
vn 0 -0.425197 0.905512 
vn 0 -0.425197 0.905512 
vn 0.755906 0 -0.653543 
vn 0.755906 0 -0.653543 
vn 1 0 0 
vn 1 0 0 
vn 0.755906 0 0.653543 
vn 0.755906 0 0.653543 
vn 0.629921 -0.448819 -0.629921 
vn 0.700787 -0.448819 -0.551181 
vn 0.889764 -0.448819 0 
vn 0.889764 -0.448819 0 
vn 0.629921 -0.448819 0.629921 
vn -0.700787 -0.448819 0.551181 
vn 0.700787 -0.448819 0.551181 
vn 0.685039 0.732283 0 
vn 0 1 0 
vn -0.952756 0.299213 0 
vn -0.952756 0.299213 0 
vn -0.692913 0.299213 0.661417 
vn -0.740157 0.291339 0.598425 
vn 0.952756 0.299213 0 
vn 0 0.299213 0.952756 
vn 0.952756 0.299213 0 
vn 0 0.299213 0.952756 
vn 0.692913 0.299213 0.661417 
vn 0.740157 0.291339 0.598425 
vn 0.708661 -0.700787 0 
vn -0.480315 -0.700787 0.527559 
vn 0.480315 -0.700787 0.527559 
vn -0.566929 -0.700787 0.433071 
vn 0.566929 -0.700787 0.433071 
vn 0 -0.700787 0.708661 
vn 0 -0.700787 0.708661 
vn 0 -1 0 
vn -0.755906 0 -0.653543 
vn -1 0 0 
vn -0.755906 0 0.653543 
vn 0.755906 0 0.653543 
vn -0.755906 0 0.653543 
vn 0.755906 0 0.653543 
vn 0 0 1 
vn 0 0 1 
vn -0.645669 0.425197 0.637795 
vn 0 0.425197 0.905512 
vn 0 0.425197 0.905512 
vn 0.645669 0.425197 0.637795 
vn -0.708661 0.425197 0.559055 
vn 0.708661 0.425197 0.559055 
vn -0.905512 0.425197 0 
vn 0.905512 0.425197 0 
vn 0 0.850394 0.527559 
vn 0 0 1 
vn 0 0.850394 0.527559 
vn 0 0 1 
vn 0 -0.850394 0.527559 
vn 0 -0.850394 0.527559 
vn 0 0 1 
vn 0 0 1 
vn 0 0 1 
vn 0 0 1 
vn 0.755906 0 0.653543 
vn 0 0 1 
vn 0 0 1 
vn -0.755906 0 0.653543 
vn 0.755906 0 0.653543 
vn -0.755906 0 0.653543 
vn 1 0 0 
vn -1 0 0 
vn -1 0 0 
vn 0 0 1 
vn 0 0 1 
vn 0 0 1 
vn 0 0 1 
vn 0 0 1 
vn 0 0 1 
vn 0 0 1 
vn 0 0 1 
vn -0.88189 -0.480315 0 
vn 0.88189 -0.480315 0 
vn -0.622047 -0.480315 0.622047 
vn 0.622047 -0.480315 0.622047 
vn -0.692913 -0.472441 0.543307 
vn 0.692913 -0.472441 0.543307 
vn 0 -0.480315 0.88189 
vn 0 -0.480315 0.88189 
vn 0.755906 0 0.653543 
vn 0 0 1 
vn 0 0 1 
vn -0.755906 0 0.653543 
vn 0.755906 0 0.653543 
vn -0.755906 0 0.653543 
vn 0.755906 0 -0.653543 
vn -0.755906 0 -0.653543 
vn -0.755906 0 0.653543 
vn -0.755906 0 0.653543 
vn 1 0 0 
vn 0 0 1 
vn 0.755906 0 0.653543 
vn 0 0 1 
vn 0.755906 0 0.653543 
vn -0.755906 0 0.653543 
vn -1 0 0 
vn -1 0 0 
vn -0.755906 0 0.653543 
vn 0 0 1 
vn 0 0 1 
vn 0.755906 0 0.653543 
vn 0.755906 0 0.653543 
vn 1 0 0 
vn 1 0 0 
vn -0.755906 0 0.653543 
vn -0.755906 0 0.653543 
vn 0 0 1 
vn 0 0 1 
vn 0.755906 0 0.653543 
vn -1 0 0 
vn 0.755906 0 0.653543 
vn 1 0 0 
vn 1 0 0 
vn 0.755906 0 0.653543 
vn 0.755906 0 0.653543 
vn 0 0 1 
vn 0 0 1 
vn -0.755906 0 0.653543 
vn -0.755906 0 0.653543 
vn -0.645669 0.417323 0.637795 
vn -0.708661 0.417323 0.566929 
vn -0.708661 0.417323 -0.566929 
vn 0 0.417323 0.905512 
vn 0 0.417323 0.905512 
vn 0 0.417323 -0.905512 
vn 0.645669 0.417323 0.637795 
vn 0.708661 0.417323 0.566929 
vn 0.708661 0.417323 -0.566929 
vn 0 0.464567 0.88189 
vn 0 0.464567 0.88189 
vn 0.622047 0.464567 0.629921 
vn -0.622047 0.464567 0.629921 
vn 0.692913 0.464567 0.543307 
vn -0.692913 0.464567 0.543307 
vn 0.905512 -0.425197 0 
vn 0.645669 -0.425197 0.637795 
vn 0.708661 -0.425197 0.559055 
vn 0 -0.425197 0.905512 
vn 0 -0.425197 0.905512 
vn -0.645669 -0.425197 0.637795 
vn -0.708661 -0.425197 0.559055 
vn 0 0.850394 0.527559 
vn 0 0.850394 0.527559 
vn 0 0 1 
vn 0 0 1 
vn 0 -0.850394 0.527559 
vn 0 -0.850394 0.527559 
vn -0.535433 0.622047 0.566929 
vn -0.622047 0.622047 0.480315 
vn 0 0.629921 0.779528 
vn 0 0.629921 0.779528 
vn 0.535433 0.622047 0.566929 
vn 0.622047 0.622047 0.480315 
vn 0.779528 0.629921 0 
vn 0.905512 -0.425197 0 
vn 0.645669 -0.425197 0.637795 
vn 0.708661 -0.425197 0.566929 
vn 0.708661 -0.425197 -0.566929 
vn 0 -0.425197 0.905512 
vn 0 -0.425197 0.905512 
vn -0.645669 -0.425197 0.637795 
vn -0.708661 -0.425197 0.566929 
vn -0.905512 -0.425197 0 
vn 0.755906 0 -0.653543 
vn 0.755906 0 0.653543 
vn 0.755906 0 0.653543 
vn 0 0 1 
vn 0 0 1 
vn -0.755906 0 0.653543 
vn -0.755906 0 0.653543 
vn -0.629921 -0.448819 0.629921 
vn 0.629921 -0.448819 0.629921 
vn -0.700787 -0.448819 0.551181 
vn 0.700787 -0.448819 0.551181 
vn 0 -0.448819 0.889764 
vn 0 -0.448819 0.889764 
vn 0 0.299213 -0.952756 
vn -0.952756 0.299213 0 
vn 0.952756 0.299213 0 
vn 0 -1 0 
vn 0 -1 0 
vn 0 -1 0 
vn 0 -1 0 
vn 0 -1 0 
vn 0 -1 0 
vn 0 -1 0 
vn 0 -1 0 
vn -0.480315 -0.700787 -0.527559 
vn -0.566929 -0.700787 -0.433071 
vn 0.566929 -0.700787 -0.433071 
vn 0.708661 -0.700787 0 
vn -0.566929 -0.700787 0.433071 
vn 0.566929 -0.700787 0.433071 
vn 0 -0.700787 0.708661 
vn 0 -1 0 
vn 0 -1 0 
vn 0 -1 0 
vn 0 -1 0 
vn 0 0.425197 0.905512 
vn -0.708661 0.425197 -0.559055 
vn 0.708661 0.425197 -0.559055 
vn 0 -0.850394 0.527559 
vn 0 -0.850394 0.527559 
vn 0 -1 0 
vn 0 -1 0 
vn 0 -0.480315 -0.88189 
vn -0.692913 -0.472441 -0.543307 
vn 0.692913 -0.472441 -0.543307 
vn -0.88189 -0.480315 0 
vn 0.88189 -0.480315 0 
vn -0.692913 -0.472441 0.543307 
vn 0.692913 -0.472441 0.543307 
vn 0 -0.480315 0.88189 
vn -1 0 0 
vn 0 0 -1 
vn 0 0 1 
vn 1 0 0 
vn 0 0.464567 0.88189 
vn 0.692913 0.464567 0.543307 
vn -0.692913 0.464567 0.543307 
vn -0.88189 0.464567 0 
vn -0.692913 0.464567 -0.543307 
vn 0 0.464567 -0.88189 
vn 0.905512 -0.425197 0 
vn 0.708661 -0.425197 0.559055 
vn 0.708661 -0.425197 -0.559055 
vn 0 -0.425197 -0.905512 
vn -0.645669 -0.425197 0.637795 
vn -0.708661 -0.425197 0.559055 
vn -0.708661 -0.425197 -0.559055 
vn 0 0.850394 0.527559 
vn 0 0.850394 0.527559 
vn 0 -0.850394 0.527559 
vn 0 -0.850394 0.527559 
vn 0 -1 0 
vn 0 -1 0 
vn -0.692913 0.299213 -0.661417 
vn 0 0.299213 -0.952756 
vn -0.740157 0.291339 -0.598425 
vn -0.952756 0.299213 0 
vn 0 0.299213 -0.952756 
vn -0.952756 0.299213 0 
vn -0.692913 0.299213 0.661417 
vn 0.740157 0.291339 -0.598425 
vn -0.740157 0.291339 0.598425 
vn 0 0.299213 0.952756 
vn -0.480315 -0.700787 -0.527559 
vn 0 -0.700787 -0.708661 
vn -0.566929 -0.700787 -0.433071 
vn -0.708661 -0.700787 0 
vn -0.708661 -0.700787 0 
vn -0.480315 -0.700787 0.527559 
vn -0.566929 -0.700787 0.433071 
vn 0 -0.700787 0.708661 
vn 0 -1 0 
vn -0.755906 0 -0.653543 
vn 0 0 -1 
vn 0 0 -1 
vn -0.755906 0 -0.653543 
vn -1 0 0 
vn -1 0 0 
vn -0.755906 0 0.653543 
vn -0.755906 0 0.653543 
vn 0 0 1 
vn -0.645669 0.425197 0.637795 
vn 0 0.425197 0.905512 
vn -0.708661 0.425197 0.559055 
vn -0.905512 0.425197 0 
vn -0.905512 0.425197 0 
vn -0.645669 0.425197 -0.637795 
vn -0.708661 0.425197 -0.559055 
vn 0 0.425197 -0.905512 
vn 0 0.850394 0.527559 
vn 0 1 0 
vn 0 0 1 
vn -0.755906 0 0.653543 
vn -0.755906 0 0.653543 
vn -1 0 0 
vn -1 0 0 
vn -0.755906 0 -0.653543 
vn -0.755906 0 -0.653543 
vn 0 0 1 
vn -0.622047 -0.480315 -0.622047 
vn -0.692913 -0.472441 -0.543307 
vn -0.88189 -0.480315 0 
vn -0.88189 -0.480315 0 
vn -0.622047 -0.480315 0.622047 
vn -0.692913 -0.472441 0.543307 
vn -0.755906 0 0.653543 
vn -0.755906 0 0.653543 
vn -1 0 0 
vn -1 0 0 
vn -0.755906 0 -0.653543 
vn -0.755906 0 -0.653543 
vn -1 0 0 
vn -1 0 0 
vn -1 0 0 
vn -1 0 0 
vn -1 0 0 
vn -1 0 0 
vn -1 0 0 
vn -1 0 0 
vn -1 0 0 
vn -1 0 0 
vn -1 0 0 
vn -1 0 0 
vn -1 0 0 
vn -1 0 0 
vn -0.755906 0 -0.653543 
vn 0 0 -1 
vn -0.755906 0 -0.653543 
vn -1 0 0 
vn -1 0 0 
vn -0.755906 0 0.653543 
vn -0.755906 0 0.653543 
vn 0 0 1 
vn 0 0 1 
vn -0.755906 0 0.653543 
vn -1 0 0 
vn -1 0 0 
vn -0.755906 0 -0.653543 
vn -0.755906 0 0.653543 
vn -0.755906 0 -0.653543 
vn -0.755906 0 0.653543 
vn -0.755906 0 0.653543 
vn 0 0 1 
vn -1 0 0 
vn -1 0 0 
vn -0.755906 0 -0.653543 
vn -0.755906 0 -0.653543 
vn 0 0 -1 
vn -0.755906 0 0.653543 
vn 0 0 -1 
vn -0.755906 0 0.653543 
vn -0.755906 0 -0.653543 
vn -1 0 0 
vn -0.755906 0 -0.653543 
vn -1 0 0 
vn -0.645669 0.417323 0.637795 
vn -0.905512 0.417323 0 
vn -0.905512 0.417323 0 
vn -0.645669 0.417323 -0.637795 
vn -0.708661 0.417323 0.566929 
vn -0.708661 0.417323 -0.566929 
vn 0 0.417323 -0.905512 
vn -0.622047 0.464567 0.629921 
vn -0.692913 0.464567 0.543307 
vn -0.88189 0.464567 0 
vn -0.88189 0.464567 0 
vn -0.622047 0.464567 -0.629921 
vn -0.692913 0.464567 -0.543307 
vn 0 -0.425197 -0.905512 
vn -0.645669 -0.425197 0.637795 
vn -0.645669 -0.425197 -0.637795 
vn -0.708661 -0.425197 0.559055 
vn -0.708661 -0.425197 -0.559055 
vn -0.905512 -0.425197 0 
vn -0.905512 -0.425197 0 
vn 0 0.850394 0.527559 
vn 0 -0.850394 0.527559 
vn 0 -1 0 
vn -0.535433 0.622047 -0.566929 
vn -0.779528 0.629921 0 
vn -0.779528 0.629921 0 
vn -0.535433 0.622047 0.566929 
vn -0.622047 0.622047 -0.480315 
vn -0.622047 0.622047 0.480315 
vn 0 -0.425197 0.905512 
vn -0.645669 -0.425197 0.637795 
vn -0.645669 -0.425197 -0.637795 
vn -0.708661 -0.425197 0.566929 
vn -0.708661 -0.425197 -0.566929 
vn -0.905512 -0.425197 0 
vn -0.905512 -0.425197 0 
vn -0.755906 0 -0.653543 
vn -0.755906 0 -0.653543 
vn -1 0 0 
vn -1 0 0 
vn -0.755906 0 0.653543 
vn -0.755906 0 0.653543 
vn -0.629921 -0.448819 -0.629921 
vn -0.700787 -0.448819 -0.551181 
vn 0.700787 -0.448819 -0.551181 
vn -0.889764 -0.448819 0 
vn -0.889764 -0.448819 0 
vn -0.629921 -0.448819 0.629921 
vn -0.700787 -0.448819 0.551181 

vt 4.58133 -1.59384 
vt 4.60804 -1.56884 
vt 4.62693 -1.60948 
vt 4.60804 -1.66259 
vt 4.63857 -1.66259 
vt 4.65122 -1.66259 
vt 4.60804 -1.60948 
vt 4.63475 -1.60948 
vt 4.58916 -1.60948 
vt 4.57752 -1.66259 
vt 4.56487 -1.66259 
vt 4.58133 -1.60948 
vt 4.62236 -2.46499 
vt 4.60804 -2.45168 
vt 4.60804 -2.46499 
vt 4.59372 -2.46499 
vt 4.63164 -2.45168 
vt 4.58445 -2.45168 
vt 4.57467 -2.45168 
vt 4.58779 -2.46499 
vt 4.62008 -2.44768 
vt 4.62397 -2.27054 
vt 4.60804 -2.21169 
vt 4.60804 -2.27054 
vt 4.59212 -2.27054 
vt 4.62411 -2.21169 
vt 4.59198 -2.21169 
vt 4.63056 -2.27054 
vt 4.59198 -2.21169 
vt 4.62423 -1.88634 
vt 4.59186 -1.88634 
vt 4.61949 -1.88634 
vt 4.5966 -1.88634 
vt 4.62416 -1.90034 
vt 4.59193 -1.90034 
vt 4.60804 -1.90034 
vt 4.60804 -1.88634 
vt 4.60804 -2.20015 
vt 4.6247 -2.16038 
vt 4.62465 -2.20015 
vt 4.5963 -2.20015 
vt 4.61978 -2.20015 
vt 4.59627 -2.16038 
vt 4.61982 -2.16038 
vt 4.60804 -2.16038 
vt 4.60804 -2.20015 
vt 4.61982 -2.16038 
vt 4.60804 -2.14884 
vt 4.60804 -2.16038 
vt 4.59627 -2.16038 
vt 4.62425 -2.14884 
vt 4.59184 -2.14884 
vt 4.63097 -2.14884 
vt 4.58512 -2.14884 
vt 4.59184 -2.14884 
vt 4.62425 -2.14884 
vt 4.59169 -2.09039 
vt 4.6244 -2.09039 
vt 4.60804 -2.09039 
vt 4.60804 -2.14884 
vt 4.61949 -1.84134 
vt 4.60804 -1.88634 
vt 4.61949 -1.88634 
vt 4.60804 -1.84134 
vt 4.5966 -1.88634 
vt 4.5966 -1.84134 
vt 4.59186 -1.84134 
vt 4.63475 -1.59384 
vt 4.63475 -1.60948 
vt 4.62693 -1.60948 
vt 4.62693 -1.59384 
vt 4.60804 -1.60948 
vt 4.60804 -1.59384 
vt 4.58916 -1.60948 
vt 4.58916 -1.59384 
vt 4.58133 -1.59384 
vt 4.58133 -1.60948 
vt 4.63475 -1.81884 
vt 4.62693 -1.81884 
vt 4.62693 -1.69509 
vt 4.58133 -1.81884 
vt 4.60804 -1.81884 
vt 4.58916 -1.69509 
vt 4.60804 -1.69509 
vt 4.58916 -1.81884 
vt 4.59186 -1.91434 
vt 4.5966 -1.91434 
vt 4.5966 -2.07539 
vt 4.60804 -1.91434 
vt 4.60804 -2.07539 
vt 4.61949 -1.91434 
vt 4.61949 -2.07539 
vt 4.61949 -2.07539 
vt 4.6244 -2.09039 
vt 4.60804 -2.09039 
vt 4.60804 -2.07539 
vt 4.5966 -2.07539 
vt 4.59169 -2.09039 
vt 4.5963 -2.20015 
vt 4.61978 -2.20015 
vt 4.59198 -2.21169 
vt 4.62411 -2.21169 
vt 4.60804 -2.21169 
vt 4.60804 -2.20015 
vt 4.5966 -1.91434 
vt 4.59193 -1.90034 
vt 4.60804 -1.90034 
vt 4.60804 -1.91434 
vt 4.61949 -1.91434 
vt 4.62416 -1.90034 
vt 4.62397 -2.27054 
vt 4.63152 -2.28383 
vt 4.60804 -2.28383 
vt 4.60804 -2.27054 
vt 4.59212 -2.27054 
vt 4.58457 -2.28383 
vt 4.57485 -2.28383 
vt 4.59186 -1.84134 
vt 4.5966 -1.84134 
vt 4.58916 -1.81884 
vt 4.60804 -1.81884 
vt 4.60804 -1.84134 
vt 4.61949 -1.84134 
vt 4.62693 -1.81884 
vt 4.58445 -2.45168 
vt 4.58457 -2.28383 
vt 4.60804 -2.45168 
vt 4.60804 -2.28383 
vt 4.63152 -2.28383 
vt 4.58445 -2.45168 
vt 4.63164 -2.45168 
vt 4.63152 -2.28383 
vt 4.63164 -2.45168 
vt 4.62693 -1.69509 
vt 4.60804 -1.66259 
vt 4.60804 -1.69509 
vt 4.58916 -1.69509 
vt 4.63857 -1.66259 
vt 4.57752 -1.66259 
vt 4.58196 -1.99803 
vt 4.56307 -1.9902 
vt 4.56307 -2.01691 
vt 4.54419 -1.99803 
vt 4.58978 -2.01691 
vt 4.53637 -2.01691 
vt 4.58196 -2.0358 
vt 4.54419 -2.0358 
vt 4.56307 -2.04362 
vt 4.5199 -2.01691 
vt 4.56307 -2.06008 
vt 4.56307 -1.97374 
vt 4.54875 -2.03123 
vt 4.56307 -1.99666 
vt 4.58667 -2.04051 
vt 4.58667 -1.99331 
vt 4.58333 -2.01691 
vt 4.57926 -2.01691 
vt 4.57919 -2.03303 
vt 4.57919 -2.0008 
vt 4.54696 -2.03303 
vt 4.54696 -2.0008 
vt 4.54689 -2.01691 
vt 4.63357 -2.00487 
vt 4.63357 -2.02895 
vt 4.67008 -2.02895 
vt 4.67008 -2.00487 
vt 4.63357 -2.02895 
vt 4.63357 -2.00487 
vt 4.54642 -2.01691 
vt 4.54687 -2.03312 
vt 4.54687 -2.0007 
vt 4.56307 -2.03356 
vt 4.56307 -2.00026 
vt 4.57928 -2.03312 
vt 4.57928 -2.0007 
vt 4.57973 -2.01691 
vt 4.56307 -2.04362 
vt 4.53637 -2.01691 
vt 4.58978 -2.01691 
vt 4.56307 -1.9902 
vt 4.57943 -2.03326 
vt 4.54672 -2.03326 
vt 4.54689 -2.01691 
vt 4.57943 -2.00056 
vt 4.54672 -2.00056 
vt 4.57968 -2.01691 
vt 4.57914 -2.00085 
vt 4.57914 -2.03298 
vt 4.56307 -2.03351 
vt 4.54701 -2.00085 
vt 4.54701 -2.03298 
vt 4.54647 -2.01691 
vt 4.56307 -2.00072 
vt 4.54696 -2.0008 
vt 4.54689 -2.01691 
vt 4.57452 -2.02836 
vt 4.54696 -2.03303 
vt 4.69619 -2.02895 
vt 4.63357 -2.00487 
vt 4.63357 -2.02895 
vt 4.69619 -2.00487 
vt 4.5396 -2.04038 
vt 4.58655 -2.04038 
vt 4.54056 -2.01691 
vt 4.58559 -2.01691 
vt 4.5396 -1.99344 
vt 4.58655 -1.99344 
vt 4.67669 -2.00487 
vt 4.57507 -2.02895 
vt 4.67669 -2.02895 
vt 4.57507 -2.00487 
vt 4.69619 -1.66259 
vt 4.67972 -1.60948 
vt 4.6719 -1.60948 
vt 4.68354 -1.66259 
vt 4.62248 -1.66259 
vt 4.65301 -1.66259 
vt 4.65301 -1.60948 
vt 4.6263 -1.60948 
vt 4.63413 -1.60948 
vt 4.62248 -1.66259 
vt 4.68638 -2.45168 
vt 4.66733 -2.46499 
vt 4.67661 -2.45168 
vt 4.65301 -2.45168 
vt 4.65301 -2.46499 
vt 4.63869 -2.46499 
vt 4.62942 -2.45168 
vt 4.64101 -2.44768 
vt 4.67573 -2.21169 
vt 4.67553 -2.27054 
vt 4.66893 -2.27054 
vt 4.66908 -2.21169 
vt 4.65301 -2.21169 
vt 4.65301 -2.27054 
vt 4.65301 -2.27054 
vt 4.63709 -2.27054 
vt 4.63695 -2.21169 
vt 4.6305 -2.27054 
vt 4.63683 -1.88634 
vt 4.64157 -1.88634 
vt 4.6369 -1.90034 
vt 4.65301 -1.90034 
vt 4.65301 -1.88634 
vt 4.66446 -1.88634 
vt 4.66913 -1.90034 
vt 4.6758 -1.90034 
vt 4.58251 -2.35408 
vt 4.546 -2.35408 
vt 4.58251 -2.32288 
vt 4.64127 -2.20015 
vt 4.63641 -2.20015 
vt 4.64124 -2.16038 
vt 4.65301 -2.16038 
vt 4.65301 -2.20015 
vt 4.66475 -2.20015 
vt 4.66479 -2.16038 
vt 4.66967 -2.16038 
vt 4.66962 -2.20015 
vt 4.5394 -2.29168 
vt 4.66479 -2.16038 
vt 4.66922 -2.14884 
vt 4.65301 -2.14884 
vt 4.65301 -2.16038 
vt 4.64124 -2.16038 
vt 4.6368 -2.14884 
vt 4.6368 -2.14884 
vt 4.63666 -2.09039 
vt 4.65301 -2.09039 
vt 4.65301 -2.14884 
vt 4.66922 -2.14884 
vt 4.66936 -2.09039 
vt 4.59034 -2.40088 
vt 4.64101 -2.29168 
vt 4.59034 -2.33848 
vt 4.58251 -2.32288 
vt 4.5394 -2.29168 
vt 4.5394 -2.32288 
vt 4.64101 -2.44768 
vt 4.58251 -2.35408 
vt 4.58251 -2.41648 
vt 4.5199 -2.44768 
vt 4.5199 -2.41648 
vt 4.58251 -2.38528 
vt 4.546 -2.38528 
vt 4.546 -2.35408 
vt 4.58251 -2.41648 
vt 4.6692 -1.88634 
vt 4.66446 -1.88634 
vt 4.66446 -1.84134 
vt 4.65301 -1.88634 
vt 4.65301 -1.84134 
vt 4.64157 -1.88634 
vt 4.63683 -1.88634 
vt 4.64157 -1.84134 
vt 4.63413 -1.59384 
vt 4.6719 -1.60948 
vt 4.63413 -1.60948 
vt 4.6719 -1.59384 
vt 4.65301 -1.59384 
vt 4.65301 -1.60948 
vt 4.6263 -1.81884 
vt 4.63413 -1.81884 
vt 4.63413 -1.69509 
vt 4.65301 -1.69509 
vt 4.65301 -1.81884 
vt 4.6719 -1.69509 
vt 4.6719 -1.81884 
vt 4.65301 -1.91434 
vt 4.64157 -2.07539 
vt 4.65301 -2.07539 
vt 4.64157 -1.91434 
vt 4.66446 -1.91434 
vt 4.66446 -2.07539 
vt 4.6692 -2.07539 
vt 4.6692 -2.07539 
vt 4.64157 -2.07539 
vt 4.66446 -2.07539 
vt 4.63666 -2.09039 
vt 4.66936 -2.09039 
vt 4.65301 -2.09039 
vt 4.65301 -2.07539 
vt 4.64127 -2.20015 
vt 4.63695 -2.21169 
vt 4.65301 -2.21169 
vt 4.65301 -2.20015 
vt 4.66475 -2.20015 
vt 4.66908 -2.21169 
vt 4.65301 -1.91434 
vt 4.65301 -1.90034 
vt 4.64157 -1.91434 
vt 4.66446 -1.91434 
vt 4.6369 -1.90034 
vt 4.66913 -1.90034 
vt 4.66893 -2.27054 
vt 4.63709 -2.27054 
vt 4.67648 -2.28383 
vt 4.62954 -2.28383 
vt 4.65301 -2.28383 
vt 4.65301 -2.27054 
vt 4.65301 -1.84134 
vt 4.65301 -1.81884 
vt 4.64157 -1.84134 
vt 4.66446 -1.84134 
vt 4.63413 -1.81884 
vt 4.6719 -1.81884 
vt 4.6263 -1.81884 
vt 4.63683 -1.84134 
vt 4.67661 -2.45168 
vt 4.67648 -2.28383 
vt 4.65301 -2.45168 
vt 4.65301 -2.28383 
vt 4.62954 -2.28383 
vt 4.62942 -2.45168 
vt 4.6719 -1.69509 
vt 4.68354 -1.66259 
vt 4.65301 -1.66259 
vt 4.65301 -1.69509 
vt 4.63413 -1.69509 
vt 4.62248 -1.66259 
vt 4.62248 -1.66259 
vt 4.63475 -1.59384 
vt 4.60804 -1.56884 
vt 4.56487 -1.66259 
vt 4.58133 -1.60948 
vt 4.58916 -1.60948 
vt 4.57752 -1.66259 
vt 4.65122 -1.66259 
vt 4.60804 -1.66259 
vt 4.63475 -1.60948 
vt 4.60804 -1.60948 
vt 4.62693 -1.60948 
vt 4.63857 -1.66259 
vt 4.64141 -2.45168 
vt 4.59372 -2.46499 
vt 4.62236 -2.46499 
vt 4.58445 -2.45168 
vt 4.63164 -2.45168 
vt 4.60804 -2.45168 
vt 4.60804 -2.46499 
vt 4.596 -2.44768 
vt 4.59198 -2.21169 
vt 4.58553 -2.27054 
vt 4.59212 -2.27054 
vt 4.62397 -2.27054 
vt 4.59198 -2.21169 
vt 4.62411 -2.21169 
vt 4.60804 -2.21169 
vt 4.60804 -2.27054 
vt 4.5966 -1.88634 
vt 4.60804 -1.90034 
vt 4.60804 -1.88634 
vt 4.61949 -1.88634 
vt 4.59193 -1.90034 
vt 4.62416 -1.90034 
vt 4.59186 -1.88634 
vt 4.62423 -1.88634 
vt 4.62008 -2.35408 
vt 4.596 -2.33848 
vt 4.596 -2.35408 
vt 4.62008 -2.33848 
vt 4.596 -2.32288 
vt 4.62008 -2.32288 
vt 4.596 -2.44768 
vt 4.62008 -2.44768 
vt 4.596 -2.41648 
vt 4.62008 -2.41648 
vt 4.61978 -2.20015 
vt 4.60804 -2.16038 
vt 4.60804 -2.20015 
vt 4.5963 -2.20015 
vt 4.61982 -2.16038 
vt 4.59627 -2.16038 
vt 4.6247 -2.16038 
vt 4.59139 -2.16038 
vt 4.59144 -2.20015 
vt 4.596 -2.32288 
vt 4.62008 -2.32288 
vt 4.596 -2.29168 
vt 4.62008 -2.29168 
vt 4.62008 -2.38528 
vt 4.596 -2.35408 
vt 4.596 -2.38528 
vt 4.62008 -2.35408 
vt 4.58512 -2.14884 
vt 4.63097 -2.14884 
vt 4.59627 -2.16038 
vt 4.61982 -2.16038 
vt 4.59184 -2.14884 
vt 4.62425 -2.14884 
vt 4.60804 -2.14884 
vt 4.60804 -2.16038 
vt 4.62425 -2.14884 
vt 4.60804 -2.09039 
vt 4.60804 -2.14884 
vt 4.59184 -2.14884 
vt 4.6244 -2.09039 
vt 4.59169 -2.09039 
vt 4.6244 -2.09039 
vt 4.59169 -2.09039 
vt 4.5966 -1.84134 
vt 4.5966 -1.88634 
vt 4.62423 -1.84134 
vt 4.60804 -1.84134 
vt 4.61949 -1.88634 
vt 4.60804 -1.88634 
vt 4.61949 -1.84134 
vt 4.58916 -1.59384 
vt 4.58133 -1.59384 
vt 4.58133 -1.60948 
vt 4.58916 -1.60948 
vt 4.60804 -1.59384 
vt 4.60804 -1.60948 
vt 4.62693 -1.59384 
vt 4.62693 -1.60948 
vt 4.63475 -1.59384 
vt 4.63475 -1.60948 
vt 4.58916 -1.69509 
vt 4.58916 -1.81884 
vt 4.60804 -1.81884 
vt 4.60804 -1.69509 
vt 4.62693 -1.81884 
vt 4.58133 -1.81884 
vt 4.62693 -1.69509 
vt 4.63475 -1.81884 
vt 4.62423 -1.91434 
vt 4.61949 -2.07539 
vt 4.61949 -1.91434 
vt 4.60804 -2.07539 
vt 4.60804 -1.91434 
vt 4.5966 -2.07539 
vt 4.5966 -1.91434 
vt 4.5966 -2.07539 
vt 4.59169 -2.09039 
vt 4.59169 -2.09039 
vt 4.60804 -2.09039 
vt 4.60804 -2.07539 
vt 4.60804 -2.07539 
vt 4.61949 -2.07539 
vt 4.6244 -2.09039 
vt 4.6244 -2.09039 
vt 4.60804 -2.20015 
vt 4.60804 -2.21169 
vt 4.61978 -2.20015 
vt 4.5963 -2.20015 
vt 4.62411 -2.21169 
vt 4.59198 -2.21169 
vt 4.62423 -1.91434 
vt 4.61949 -1.91434 
vt 4.62416 -1.90034 
vt 4.60804 -1.90034 
vt 4.60804 -1.91434 
vt 4.5966 -1.91434 
vt 4.59193 -1.90034 
vt 4.62008 -2.41648 
vt 4.596 -2.41648 
vt 4.596 -2.40088 
vt 4.62008 -2.40088 
vt 4.596 -2.38528 
vt 4.62008 -2.38528 
vt 4.59212 -2.27054 
vt 4.58457 -2.28383 
vt 4.60804 -2.28383 
vt 4.60804 -2.27054 
vt 4.62397 -2.27054 
vt 4.63152 -2.28383 
vt 4.64124 -2.28383 
vt 4.62423 -1.84134 
vt 4.61949 -1.84134 
vt 4.62693 -1.81884 
vt 4.62693 -1.81884 
vt 4.60804 -1.81884 
vt 4.60804 -1.84134 
vt 4.5966 -1.84134 
vt 4.58916 -1.81884 
vt 4.58133 -1.81884 
vt 4.63152 -2.28383 
vt 4.63152 -2.28383 
vt 4.63164 -2.45168 
vt 4.60804 -2.45168 
vt 4.60804 -2.28383 
vt 4.58457 -2.28383 
vt 4.58445 -2.45168 
vt 4.58916 -1.69509 
vt 4.62693 -1.69509 
vt 4.57752 -1.66259 
vt 4.63857 -1.66259 
vt 4.60804 -1.66259 
vt 4.60804 -1.69509 
vt 4.69619 -2.01691 
vt 4.65301 -2.06008 
vt 4.65301 -1.97374 
vt 4.63869 -2.03123 
vt 4.63869 -2.00259 
vt 4.63276 -2.01691 
vt 4.65301 -2.03716 
vt 4.67326 -2.01691 
vt 4.66733 -2.03123 
vt 4.66733 -2.00259 
vt 4.65301 -1.99666 
vt 4.66733 -2.03123 
vt 4.67661 -2.04051 
vt 4.67661 -1.99331 
vt 4.65301 -1.99666 
vt 4.62942 -2.04051 
vt 4.62942 -1.99331 
vt 4.63276 -2.01691 
vt 4.5199 -2.02895 
vt 4.64101 -2.02895 
vt 4.64101 -2.00487 
vt 4.5199 -2.00487 
vt 4.63683 -2.01691 
vt 4.66913 -2.03303 
vt 4.66913 -2.0008 
vt 4.58251 -2.02895 
vt 4.58251 -2.00487 
vt 4.5394 -2.00487 
vt 4.5394 -2.02895 
vt 4.66967 -2.01691 
vt 4.66922 -2.03312 
vt 4.66922 -2.0007 
vt 4.65301 -2.03356 
vt 4.65301 -2.00026 
vt 4.6368 -2.03312 
vt 4.6368 -2.0007 
vt 4.63636 -2.01691 
vt 4.65301 -2.04362 
vt 4.67972 -2.01691 
vt 4.6263 -2.01691 
vt 4.65301 -1.9902 
vt 4.63641 -2.01691 
vt 4.63695 -2.00085 
vt 4.63695 -2.03298 
vt 4.65301 -2.03351 
vt 4.66908 -2.03298 
vt 4.66962 -2.01691 
vt 4.65301 -2.00072 
vt 4.6369 -2.0008 
vt 4.66913 -2.0008 
vt 4.6692 -2.01691 
vt 4.64157 -2.02836 
vt 4.6369 -2.03303 
vt 4.66913 -2.03303 
vt 4.58251 -2.00487 
vt 4.58251 -2.02895 
vt 4.58251 -2.02895 
vt 4.58251 -2.00487 
vt 4.546 -2.00487 
vt 4.546 -2.02895 
vt 4.54419 -1.60948 
vt 4.5199 -1.66259 
vt 4.53255 -1.66259 
vt 4.56307 -1.66259 
vt 4.53637 -1.60948 
vt 4.56307 -1.60948 
vt 4.58196 -1.60948 
vt 4.53255 -1.66259 
vt 4.5936 -1.66259 
vt 4.58978 -1.60948 
vt 4.54875 -2.46499 
vt 4.5297 -2.45168 
vt 4.53948 -2.45168 
vt 4.56307 -2.45168 
vt 4.56307 -2.46499 
vt 4.57739 -2.46499 
vt 4.58667 -2.45168 
vt 4.58333 -2.46499 
vt 4.57507 -2.44768 
vt 4.54715 -2.27054 
vt 4.54036 -2.21169 
vt 4.54056 -2.27054 
vt 4.54701 -2.21169 
vt 4.56307 -2.21169 
vt 4.56307 -2.27054 
vt 4.579 -2.27054 
vt 4.57914 -2.21169 
vt 4.58559 -2.27054 
vt 4.57452 -1.88634 
vt 4.57926 -1.88634 
vt 4.57919 -1.90034 
vt 4.56307 -1.90034 
vt 4.56307 -1.88634 
vt 4.55163 -1.88634 
vt 4.54696 -1.90034 
vt 4.54028 -1.90034 
vt 4.63357 -2.35408 
vt 4.67008 -2.35408 
vt 4.57968 -2.20015 
vt 4.57482 -2.20015 
vt 4.57485 -2.16038 
vt 4.56307 -2.16038 
vt 4.56307 -2.20015 
vt 4.55133 -2.20015 
vt 4.5513 -2.16038 
vt 4.67669 -2.29168 
vt 4.5513 -2.16038 
vt 4.54687 -2.14884 
vt 4.56307 -2.14884 
vt 4.56307 -2.16038 
vt 4.57485 -2.16038 
vt 4.57928 -2.14884 
vt 4.57928 -2.14884 
vt 4.57943 -2.09039 
vt 4.56307 -2.09039 
vt 4.56307 -2.14884 
vt 4.54687 -2.14884 
vt 4.54672 -2.09039 
vt 4.69619 -2.44768 
vt 4.63357 -2.41648 
vt 4.57507 -2.44768 
vt 4.69619 -2.41648 
vt 4.62574 -2.40088 
vt 4.57507 -2.29168 
vt 4.62574 -2.33848 
vt 4.63357 -2.32288 
vt 4.67669 -2.29168 
vt 4.67669 -2.32288 
vt 4.63357 -2.35408 
vt 4.63357 -2.38528 
vt 4.67008 -2.35408 
vt 4.67008 -2.38528 
vt 4.55163 -1.84134 
vt 4.54689 -1.88634 
vt 4.55163 -1.88634 
vt 4.56307 -1.84134 
vt 4.56307 -1.88634 
vt 4.57452 -1.84134 
vt 4.57452 -1.88634 
vt 4.57926 -1.84134 
vt 4.57926 -1.88634 
vt 4.58196 -1.59384 
vt 4.56307 -1.59384 
vt 4.56307 -1.60948 
vt 4.54419 -1.60948 
vt 4.58196 -1.60948 
vt 4.54419 -1.59384 
vt 4.58196 -1.69509 
vt 4.58196 -1.81884 
vt 4.58978 -1.69509 
vt 4.56307 -1.69509 
vt 4.56307 -1.81884 
vt 4.54419 -1.81884 
vt 4.54419 -1.69509 
vt 4.54689 -1.91434 
vt 4.57452 -2.07539 
vt 4.54689 -2.07539 
vt 4.57452 -1.91434 
vt 4.55163 -1.91434 
vt 4.56307 -2.07539 
vt 4.55163 -2.07539 
vt 4.56307 -1.91434 
vt 4.57452 -2.07539 
vt 4.56307 -2.07539 
vt 4.56307 -2.09039 
vt 4.55163 -2.07539 
vt 4.57943 -2.09039 
vt 4.54672 -2.09039 
vt 4.54689 -2.07539 
vt 4.57482 -2.20015 
vt 4.57914 -2.21169 
vt 4.56307 -2.21169 
vt 4.56307 -2.20015 
vt 4.55133 -2.20015 
vt 4.54701 -2.21169 
vt 4.54689 -1.91434 
vt 4.57452 -1.91434 
vt 4.55163 -1.91434 
vt 4.57919 -1.90034 
vt 4.54696 -1.90034 
vt 4.56307 -1.90034 
vt 4.56307 -1.91434 
vt 4.63357 -2.41648 
vt 4.63357 -2.38528 
vt 4.67008 -2.38528 
vt 4.54715 -2.27054 
vt 4.56307 -2.28383 
vt 4.56307 -2.27054 
vt 4.579 -2.27054 
vt 4.5396 -2.28383 
vt 4.58655 -2.28383 
vt 4.57926 -1.84134 
vt 4.57452 -1.84134 
vt 4.55163 -1.84134 
vt 4.58196 -1.81884 
vt 4.54419 -1.81884 
vt 4.56307 -1.81884 
vt 4.56307 -1.84134 
vt 4.5396 -2.28383 
vt 4.53948 -2.45168 
vt 4.56307 -2.45168 
vt 4.56307 -2.28383 
vt 4.58655 -2.28383 
vt 4.58667 -2.45168 
vt 4.54419 -1.69509 
vt 4.53255 -1.66259 
vt 4.53255 -1.66259 
vt 4.56307 -1.66259 
vt 4.56307 -1.69509 
vt 4.58196 -1.69509 
vt 4.5936 -1.66259 

usemtl Meshpart1Mtl

f 519/519/519 520/520/520 521/521/521 
f 520/520/520 519/519/519 523/523/523 
f 525/525/525 520/520/520 523/523/523 
f 520/520/520 525/525/525 526/526/526 
f 529/529/529 530/530/530 531/531/531 
f 531/531/531 530/530/530 532/532/532 
f 530/530/530 529/529/529 533/533/533 
f 530/530/530 534/534/534 532/532/532 
f 538/538/538 539/539/539 540/540/540 
f 539/539/539 541/541/541 540/540/540 
f 539/539/539 538/538/538 542/542/542 
f 541/541/541 539/539/539 543/543/543 
f 548/548/548 552/552/552 550/550/550 
f 552/552/552 549/549/549 551/551/551 
f 552/552/552 548/548/548 553/553/553 
f 549/549/549 552/552/552 553/553/553 
f 557/557/557 561/561/561 559/559/559 
f 561/561/561 558/558/558 560/560/560 
f 561/561/561 557/557/557 562/562/562 
f 558/558/558 561/561/561 562/562/562 
f 563/563/563 564/564/564 565/565/565 
f 564/564/564 566/566/566 565/565/565 
f 564/564/564 563/563/563 567/567/567 
f 566/566/566 564/564/564 568/568/568 
f 571/571/571 575/575/575 573/573/573 
f 575/575/575 572/572/572 574/574/574 
f 575/575/575 571/571/571 576/576/576 
f 572/572/572 575/575/575 576/576/576 
f 577/577/577 578/578/578 579/579/579 
f 578/578/578 577/577/577 580/580/580 
f 580/580/580 581/581/581 578/578/578 
f 581/581/581 580/580/580 582/582/582 
f 587/587/587 588/588/588 586/586/586 
f 588/588/588 587/587/587 589/589/589 
f 589/589/589 590/590/590 588/588/588 
f 590/590/590 589/589/589 591/591/591 
f 595/595/595 596/596/596 598/598/598 
f 600/600/600 598/598/598 596/596/596 
f 598/598/598 600/600/600 601/601/601 
f 599/599/599 601/601/601 600/600/600 
f 604/604/604 605/605/605 603/603/603 
f 605/605/605 604/604/604 606/606/606 
f 606/606/606 607/607/607 605/605/605 
f 607/607/607 606/606/606 608/608/608 
f 609/609/609 611/611/611 610/610/610 
f 611/611/611 609/609/609 612/612/612 
f 613/613/613 611/611/611 612/612/612 
f 611/611/611 613/613/613 614/614/614 
f 619/619/619 615/615/615 617/617/617 
f 616/616/616 619/619/619 618/618/618 
f 615/615/615 619/619/619 620/620/620 
f 619/619/619 616/616/616 620/620/620 
f 621/621/621 623/623/623 622/622/622 
f 623/623/623 621/621/621 624/624/624 
f 625/625/625 623/623/623 624/624/624 
f 623/623/623 625/625/625 626/626/626 
f 628/628/628 627/627/627 629/629/629 
f 627/627/627 630/630/630 629/629/629 
f 631/631/631 629/629/629 630/630/630 
f 629/629/629 631/631/631 632/632/632 
f 635/635/635 637/637/637 636/636/636 
f 637/637/637 635/635/635 638/638/638 
f 639/639/639 637/637/637 638/638/638 
f 637/637/637 639/639/639 640/640/640 
f 643/643/643 642/642/642 641/641/641 
f 642/642/642 643/643/643 644/644/644 
f 644/644/644 643/643/643 645/645/645 
f 647/647/647 645/645/645 643/643/643 
f 650/650/650 651/651/651 652/652/652 
f 651/651/651 653/653/653 652/652/652 
f 651/651/651 650/650/650 654/654/654 
f 653/653/653 651/651/651 655/655/655 
f 656/656/656 657/657/657 658/658/658 
f 657/657/657 659/659/659 658/658/658 
f 660/660/660 656/656/656 658/658/658 
f 659/659/659 661/661/661 658/658/658 
f 662/662/662 660/660/660 658/658/658 
f 661/661/661 663/663/663 658/658/658 
f 664/664/664 662/662/662 658/658/658 
f 663/663/663 664/664/664 658/658/658 
f 681/681/681 679/679/679 680/680/680 
f 679/679/679 681/681/681 682/682/682 
f 714/714/714 715/715/715 716/716/716 
f 715/715/715 714/714/714 717/717/717 
f 724/724/724 725/725/725 726/726/726 
f 725/725/725 724/724/724 727/727/727 
f 731/731/731 730/730/730 733/733/733 
f 733/733/733 730/730/730 734/734/734 
f 736/736/736 733/733/733 734/734/734 
f 733/733/733 736/736/736 737/737/737 
f 741/741/741 739/739/739 740/740/740 
f 739/739/739 741/741/741 742/742/742 
f 743/743/743 742/742/742 741/741/741 
f 741/741/741 744/744/744 743/743/743 
f 750/750/750 748/748/748 749/749/749 
f 748/748/748 750/750/750 752/752/752 
f 752/752/752 750/750/750 753/753/753 
f 753/753/753 750/750/750 754/754/754 
f 759/759/759 757/757/757 758/758/758 
f 757/757/757 759/759/759 760/760/760 
f 759/759/759 761/761/761 760/760/760 
f 761/761/761 759/759/759 762/762/762 
f 767/767/767 770/770/770 769/769/769 
f 771/771/771 770/770/770 767/767/767 
f 772/772/772 770/770/770 771/771/771 
f 770/770/770 772/772/772 773/773/773 
f 779/779/779 777/777/777 778/778/778 
f 777/777/777 779/779/779 780/780/780 
f 780/780/780 779/779/779 781/781/781 
f 781/781/781 779/779/779 782/782/782 
f 783/783/783 785/785/785 784/784/784 
f 786/786/786 785/785/785 783/783/783 
f 787/787/787 785/785/785 786/786/786 
f 785/785/785 787/787/787 788/788/788 
f 789/789/789 790/790/790 791/791/791 
f 791/791/791 790/790/790 792/792/792 
f 790/790/790 793/793/793 792/792/792 
f 794/794/794 792/792/792 793/793/793 
f 795/795/795 790/790/790 789/789/789 
f 789/789/789 791/791/791 796/796/796 
f 797/797/797 795/795/795 789/789/789 
f 798/798/798 795/795/795 797/797/797 
f 798/798/798 797/797/797 799/799/799 
f 789/789/789 796/796/796 800/800/800 
f 796/796/796 801/801/801 800/800/800 
f 801/801/801 796/796/796 802/802/802 
f 806/806/806 807/807/807 805/805/805 
f 807/807/807 806/806/806 808/808/808 
f 807/807/807 808/808/808 809/809/809 
f 809/809/809 808/808/808 811/811/811 
f 814/814/814 816/816/816 812/812/812 
f 813/813/813 815/815/815 817/817/817 
f 817/817/817 816/816/816 814/814/814 
f 817/817/817 815/815/815 816/816/816 
f 819/819/819 821/821/821 820/820/820 
f 822/822/822 821/821/821 819/819/819 
f 822/822/822 823/823/823 821/821/821 
f 824/824/824 823/823/823 822/822/822 
f 825/825/825 826/826/826 827/827/827 
f 826/826/826 825/825/825 828/828/828 
f 827/827/827 829/829/829 825/825/825 
f 830/830/830 829/829/829 827/827/827 
f 837/837/837 833/833/833 835/835/835 
f 834/834/834 837/837/837 836/836/836 
f 833/833/833 837/837/837 838/838/838 
f 837/837/837 834/834/834 838/838/838 
f 841/841/841 839/839/839 840/840/840 
f 839/839/839 841/841/841 842/842/842 
f 841/841/841 843/843/843 842/842/842 
f 844/844/844 843/843/843 841/841/841 
f 845/845/845 846/846/846 847/847/847 
f 848/848/848 846/846/846 845/845/845 
f 847/847/847 846/846/846 849/849/849 
f 846/846/846 848/848/848 850/850/850 
f 855/855/855 853/853/853 851/851/851 
f 855/855/855 852/852/852 854/854/854 
f 855/855/855 851/851/851 856/856/856 
f 852/852/852 855/855/855 856/856/856 
f 857/857/857 858/858/858 859/859/859 
f 860/860/860 858/858/858 857/857/857 
f 859/859/859 858/858/858 861/861/861 
f 858/858/858 860/860/860 862/862/862 
f 865/865/865 866/866/866 867/867/867 
f 867/867/867 866/866/866 868/868/868 
f 869/869/869 867/867/867 868/868/868 
f 867/867/867 869/869/869 870/870/870 
f 873/873/873 871/871/871 872/872/872 
f 871/871/871 873/873/873 874/874/874 
f 874/874/874 873/873/873 875/875/875 
f 875/875/875 873/873/873 877/877/877 
f 885/885/885 882/882/882 883/883/883 
f 882/882/882 885/885/885 887/887/887 
f 887/887/887 885/885/885 888/888/888 
f 889/889/889 888/888/888 885/885/885 
f 891/891/891 895/895/895 893/893/893 
f 895/895/895 892/892/892 894/894/894 
f 895/895/895 891/891/891 896/896/896 
f 892/892/892 895/895/895 896/896/896 
f 902/902/902 900/900/900 904/904/904 
f 904/904/904 901/901/901 903/903/903 
f 905/905/905 904/904/904 900/900/900 
f 901/901/901 904/904/904 905/905/905 
f 906/906/906 907/907/907 908/908/908 
f 908/908/908 907/907/907 909/909/909 
f 907/907/907 906/906/906 910/910/910 
f 907/907/907 911/911/911 909/909/909 
f 914/914/914 915/915/915 916/916/916 
f 915/915/915 914/914/914 917/917/917 
f 915/915/915 917/917/917 918/918/918 
f 918/918/918 917/917/917 919/919/919 
f 920/920/920 921/921/921 922/922/922 
f 922/922/922 921/921/921 923/923/923 
f 924/924/924 925/925/925 926/926/926 
f 926/926/926 925/925/925 927/927/927 
f 925/925/925 924/924/924 928/928/928 
f 929/929/929 927/927/927 925/925/925 
f 933/933/933 934/934/934 935/935/935 
f 935/935/935 934/934/934 936/936/936 
f 937/937/937 938/938/938 939/939/939 
f 938/938/938 937/937/937 940/940/940 
f 945/945/945 943/943/943 947/947/947 
f 947/947/947 944/944/944 946/946/946 
f 943/943/943 948/948/948 947/947/947 
f 944/944/944 947/947/947 948/948/948 
f 949/949/949 950/950/950 951/951/951 
f 951/951/951 950/950/950 952/952/952 
f 950/950/950 949/949/949 953/953/953 
f 954/954/954 952/952/952 950/950/950 
f 957/957/957 958/958/958 960/960/960 
f 962/962/962 960/960/960 958/958/958 
f 960/960/960 962/962/962 963/963/963 
f 961/961/961 963/963/963 962/962/962 
f 964/964/964 967/967/967 968/968/968 
f 967/967/967 969/969/969 968/968/968 
f 968/968/968 969/969/969 970/970/970 
f 969/969/969 971/971/971 970/970/970 
f 974/974/974 975/975/975 976/976/976 
f 974/974/974 976/976/976 977/977/977 
f 977/977/977 976/976/976 978/978/978 
f 977/977/977 978/978/978 980/980/980 
f 983/983/983 984/984/984 985/985/985 
f 986/986/986 985/985/985 984/984/984 
f 985/985/985 986/986/986 987/987/987 
f 988/988/988 987/987/987 986/986/986 
f 992/992/992 989/989/989 990/990/990 
f 989/989/989 992/992/992 993/993/993 
f 993/993/993 992/992/992 995/995/995 
f 992/992/992 996/996/996 995/995/995 
f 998/998/998 999/999/999 1000/1000/1000 
f 1001/1001/1001 999/999/999 998/998/998 
f 999/999/999 1002/1002/1002 1000/1000/1000 
f 999/999/999 1001/1001/1001 1003/1003/1003 
f 1007/1007/1007 1005/1005/1005 1006/1006/1006 
f 1005/1005/1005 1007/1007/1007 1008/1008/1008 
f 1009/1009/1009 1008/1008/1008 1007/1007/1007 
f 1010/1010/1010 1009/1009/1009 1007/1007/1007 
f 1011/1011/1011 1013/1013/1013 1012/1012/1012 
f 1013/1013/1013 1011/1011/1011 1014/1014/1014 
f 1014/1014/1014 1015/1015/1015 1013/1013/1013 
f 1015/1015/1015 1014/1014/1014 1016/1016/1016 
f 1019/1019/1019 1017/1017/1017 1018/1018/1018 
f 1017/1017/1017 1019/1019/1019 1020/1020/1020 
f 1019/1019/1019 1021/1021/1021 1020/1020/1020 
f 1019/1019/1019 1022/1022/1022 1021/1021/1021 
f 1028/1028/1028 1025/1025/1025 1026/1026/1026 
f 1025/1025/1025 1028/1028/1028 1029/1029/1029 
f 1030/1030/1030 1029/1029/1029 1028/1028/1028 
f 1031/1031/1031 1030/1030/1030 1028/1028/1028 
f 1034/1034/1034 1036/1036/1036 1035/1035/1035 
f 1036/1036/1036 1034/1034/1034 1037/1037/1037 
f 1038/1038/1038 1036/1036/1036 1037/1037/1037 
f 1036/1036/1036 1038/1038/1038 1039/1039/1039 
f 1042/1042/1042 1040/1040/1040 1044/1044/1044 
f 1044/1044/1044 1041/1041/1041 1043/1043/1043 
f 1040/1040/1040 1045/1045/1045 1044/1044/1044 
f 1041/1041/1041 1044/1044/1044 1045/1045/1045 
f 1049/1049/1049 1050/1050/1050 1051/1051/1051 
f 1052/1052/1052 1050/1050/1050 1049/1049/1049 
f 1052/1052/1052 1053/1053/1053 1050/1050/1050 
f 1053/1053/1053 1052/1052/1052 1054/1054/1054 
f 1055/1055/1055 1050/1050/1050 1053/1053/1053 
f 1050/1050/1050 1055/1055/1055 1056/1056/1056 
f 1064/1064/1064 1065/1065/1065 1066/1066/1066 
f 1064/1064/1064 1066/1066/1066 1067/1067/1067 
f 1072/1072/1072 1073/1073/1073 1071/1071/1071 
f 1074/1074/1074 1071/1071/1071 1073/1073/1073 
f 1102/1102/1102 1103/1103/1103 1104/1104/1104 
f 1105/1105/1105 1102/1102/1102 1104/1104/1104 
f 1109/1109/1109 1106/1106/1106 1108/1108/1108 
f 1106/1106/1106 1109/1109/1109 1111/1111/1111 
f 1111/1111/1111 1109/1109/1109 1112/1112/1112 
f 1109/1109/1109 1114/1114/1114 1112/1112/1112 
f 1116/1116/1116 1119/1119/1119 1118/1118/1118 
f 1119/1119/1119 1116/1116/1116 1120/1120/1120 
f 1121/1121/1121 1119/1119/1119 1120/1120/1120 
f 1119/1119/1119 1121/1121/1121 1122/1122/1122 
f 1128/1128/1128 1125/1125/1125 1129/1129/1129 
f 1129/1129/1129 1125/1125/1125 1130/1130/1130 
f 1131/1131/1131 1129/1129/1129 1130/1130/1130 
f 1129/1129/1129 1131/1131/1131 1132/1132/1132 
f 1137/1137/1137 1136/1136/1136 1134/1134/1134 
f 1134/1134/1134 1138/1138/1138 1137/1137/1137 
f 1139/1139/1139 1137/1137/1137 1138/1138/1138 
f 1137/1137/1137 1139/1139/1139 1140/1140/1140 
f 1147/1147/1147 1145/1145/1145 1146/1146/1146 
f 1145/1145/1145 1147/1147/1147 1148/1148/1148 
f 1147/1147/1147 1149/1149/1149 1148/1148/1148 
f 1150/1150/1150 1149/1149/1149 1147/1147/1147 
f 1154/1154/1154 1153/1153/1153 1152/1152/1152 
f 1154/1154/1154 1152/1152/1152 1155/1155/1155 
f 1156/1156/1156 1154/1154/1154 1155/1155/1155 
f 1154/1154/1154 1156/1156/1156 1157/1157/1157 
f 1160/1160/1160 1158/1158/1158 1159/1159/1159 
f 1158/1158/1158 1160/1160/1160 1161/1161/1161 
f 1160/1160/1160 1162/1162/1162 1161/1161/1161 
f 1163/1163/1163 1162/1162/1162 1160/1160/1160 
f 1164/1164/1164 1165/1165/1165 1166/1166/1166 
f 1165/1165/1165 1164/1164/1164 1167/1167/1167 
f 1166/1166/1166 1165/1165/1165 1168/1168/1168 
f 1169/1169/1169 1166/1166/1166 1168/1168/1168 
f 1168/1168/1168 1170/1170/1170 1169/1169/1169 
f 1169/1169/1169 1170/1170/1170 1171/1171/1171 
f 1172/1172/1172 1169/1169/1169 1171/1171/1171 
f 1171/1171/1171 1173/1173/1173 1172/1172/1172 
f 1170/1170/1170 1168/1168/1168 1174/1174/1174 
f 1174/1174/1174 1168/1168/1168 1175/1175/1175 
f 1175/1175/1175 1176/1176/1176 1174/1174/1174 
f 1176/1176/1176 1175/1175/1175 1177/1177/1177 
f 1178/1178/1178 1180/1180/1180 1181/1181/1181 
f 1181/1181/1181 1180/1180/1180 1182/1182/1182 
f 1181/1181/1181 1182/1182/1182 1183/1183/1183 
f 1183/1183/1183 1182/1182/1182 1184/1184/1184 
f 1187/1187/1187 1188/1188/1188 1189/1189/1189 
f 1188/1188/1188 1190/1190/1190 1189/1189/1189 
f 1187/1187/1187 1189/1189/1189 1191/1191/1191 
f 1188/1188/1188 1192/1192/1192 1190/1190/1190 
f 1196/1196/1196 1194/1194/1194 1193/1193/1193 
f 1194/1194/1194 1196/1196/1196 1197/1197/1197 
f 1196/1196/1196 1198/1198/1198 1197/1197/1197 
f 1199/1199/1199 1198/1198/1198 1196/1196/1196 
f 1203/1203/1203 1205/1205/1205 1201/1201/1201 
f 1207/1207/1207 1205/1205/1205 1203/1203/1203 
f 1204/1204/1204 1206/1206/1206 1207/1207/1207 
f 1207/1207/1207 1206/1206/1206 1205/1205/1205 
f 1208/1208/1208 1209/1209/1209 1210/1210/1210 
f 1211/1211/1211 1210/1210/1210 1209/1209/1209 
f 1210/1210/1210 1212/1212/1212 1208/1208/1208 
f 1210/1210/1210 1211/1211/1211 1213/1213/1213 
f 1217/1217/1217 1216/1216/1216 1215/1215/1215 
f 1215/1215/1215 1218/1218/1218 1217/1217/1217 
f 1219/1219/1219 1217/1217/1217 1218/1218/1218 
f 1217/1217/1217 1219/1219/1219 1220/1220/1220 
f 1226/1226/1226 1222/1222/1222 1224/1224/1224 
f 1226/1226/1226 1225/1225/1225 1223/1223/1223 
f 1222/1222/1222 1226/1226/1226 1227/1227/1227 
f 1226/1226/1226 1223/1223/1223 1227/1227/1227 
f 1231/1231/1231 1232/1232/1232 1233/1233/1233 
f 1233/1233/1233 1232/1232/1232 1234/1234/1234 
f 1232/1232/1232 1231/1231/1231 1235/1235/1235 
f 1234/1234/1234 1232/1232/1232 1236/1236/1236 
f 1242/1242/1242 1238/1238/1238 1240/1240/1240 
f 1241/1241/1241 1239/1239/1239 1242/1242/1242 
f 1238/1238/1238 1242/1242/1242 1243/1243/1243 
f 1242/1242/1242 1239/1239/1239 1243/1243/1243 
f 1246/1246/1246 1244/1244/1244 1245/1245/1245 
f 1244/1244/1244 1246/1246/1246 1247/1247/1247 
f 1247/1247/1247 1246/1246/1246 1248/1248/1248 
f 1248/1248/1248 1246/1246/1246 1249/1249/1249 
f 1253/1253/1253 1251/1251/1251 1250/1250/1250 
f 1253/1253/1253 1250/1250/1250 1254/1254/1254 
f 1255/1255/1255 1253/1253/1253 1254/1254/1254 
f 1253/1253/1253 1255/1255/1255 1256/1256/1256 

g Meshpart4

v -139.93 5.87595 60.3125 
v -139.925 5.86216 60.3227 
v -139.925 5.86195 60.3128 
v -139.933 5.82644 60.3235 
v -139.934 5.81999 60.3137 
v -139.934 5.82019 60.3236 
v -139.93 5.87616 60.3225 
v -139.925 5.88995 60.3122 
v -139.925 5.89016 60.3222 
v -139.934 5.81999 60.3137 
v -139.887 5.82019 60.3236 
v -139.887 5.81999 60.3137 
v -139.934 5.82019 60.3236 
v -139.925 5.88995 60.3122 
v -139.897 5.88995 60.3122 
v -139.911 5.89575 60.3121 
v -139.897 5.86195 60.3128 
v -139.891 5.87595 60.3125 
v -139.925 5.86195 60.3128 
v -139.93 5.87595 60.3125 
v -139.934 5.81999 60.3137 
v -139.887 5.81999 60.3137 
v -139.897 5.88995 60.3122 
v -139.897 5.89016 60.3222 
v -139.891 5.87595 60.3125 
v -139.891 5.87616 60.3225 
v -139.897 5.86195 60.3128 
v -139.897 5.86216 60.3227 
v -139.888 5.82644 60.3235 
v -139.887 5.81999 60.3137 
v -139.887 5.82019 60.3236 
v -139.925 5.88995 60.3122 
v -139.925 5.89016 60.3222 
v -139.912 5.89544 60.322 
v -139.911 5.89575 60.3121 
v -139.911 5.89596 60.322 
v -139.911 5.89575 60.3121 
v -139.909 5.89544 60.322 
v -139.911 5.89596 60.322 
v -139.897 5.88995 60.3122 
v -139.897 5.89016 60.3222 

vn 1 0 0 
vn 0.992126 0.0866142 0 
vn 0.992126 0.0866142 0 
vn 0.976378 -0.228346 0.00787402 
vn 0.976378 -0.228346 0.00787402 
vn 0.976378 -0.228346 0.00787402 
vn 1 0 0 
vn 0.598425 -0.80315 0.015748 
vn 0.598425 -0.80315 0.015748 
vn 0 1 -0.023622 
vn 0 1 -0.023622 
vn 0 1 -0.023622 
vn 0 1 -0.023622 
vn 0 0.023622 1 
vn 0 0.023622 1 
vn 0 0.023622 1 
vn 0 0.023622 1 
vn 0 0.023622 1 
vn 0 0.023622 1 
vn 0 0.023622 1 
vn 0 0.023622 1 
vn 0 0.023622 1 
vn -0.598425 -0.80315 0.015748 
vn -0.598425 -0.80315 0.015748 
vn -1 0 0 
vn -1 0 0 
vn -0.992126 0.0866142 0 
vn -0.992126 0.0866142 0 
vn -0.976378 -0.228346 0.00787402 
vn -0.976378 -0.228346 0.00787402 
vn -0.976378 -0.228346 0.00787402 
vn 0.598425 -0.80315 0.015748 
vn 0.598425 -0.80315 0.015748 
vn 0.385827 -0.92126 0.015748 
vn 0.385827 -0.92126 0.015748 
vn 0.385827 -0.92126 0.015748 
vn -0.385827 -0.92126 0.015748 
vn -0.385827 -0.92126 0.015748 
vn -0.385827 -0.92126 0.015748 
vn -0.598425 -0.80315 0.015748 
vn -0.598425 -0.80315 0.015748 

vt 0.0396111 0.970991 
vt 0.0383714 0.96924 
vt 0.0396111 0.96924 
vt 0.0383714 0.964775 
vt 0.0396111 0.963994 
vt 0.0383714 0.963994 
vt 0.0383714 0.970991 
vt 0.0396111 0.972741 
vt 0.0383714 0.972741 
vt 0.0419669 0.96811 
vt 0.0360157 0.96935 
vt 0.0360157 0.96811 
vt 0.0419669 0.96935 
vt 0.037241 0.972741 
vt 0.0407416 0.972741 
vt 0.0389913 0.973466 
vt 0.0407416 0.96924 
vt 0.0414667 0.970991 
vt 0.037241 0.96924 
vt 0.0365159 0.970991 
vt 0.0360157 0.963994 
vt 0.0419669 0.963994 
vt 0.0383714 0.972741 
vt 0.0396111 0.972741 
vt 0.0383714 0.970991 
vt 0.0396111 0.970991 
vt 0.0383714 0.96924 
vt 0.0396111 0.96924 
vt 0.0396111 0.964775 
vt 0.0383714 0.963994 
vt 0.0396111 0.963994 
vt 0.037241 0.96811 
vt 0.037241 0.96935 
vt 0.0388351 0.96935 
vt 0.0389913 0.96811 
vt 0.0389913 0.96935 
vt 0.0389913 0.96811 
vt 0.0391475 0.96935 
vt 0.0389913 0.96935 
vt 0.0407416 0.96811 
vt 0.0407416 0.96935 

usemtl Meshpart4Mtl

f 1257/1257/1257 1258/1258/1258 1259/1259/1259 
f 1260/1260/1260 1259/1259/1259 1258/1258/1258 
f 1259/1259/1259 1260/1260/1260 1261/1261/1261 
f 1261/1261/1261 1260/1260/1260 1262/1262/1262 
f 1258/1258/1258 1257/1257/1257 1263/1263/1263 
f 1264/1264/1264 1263/1263/1263 1257/1257/1257 
f 1263/1263/1263 1264/1264/1264 1265/1265/1265 
f 1266/1266/1266 1267/1267/1267 1268/1268/1268 
f 1267/1267/1267 1266/1266/1266 1269/1269/1269 
f 1270/1270/1270 1271/1271/1271 1272/1272/1272 
f 1270/1270/1270 1273/1273/1273 1271/1271/1271 
f 1271/1271/1271 1273/1273/1273 1274/1274/1274 
f 1270/1270/1270 1275/1275/1275 1273/1273/1273 
f 1275/1275/1275 1270/1270/1270 1276/1276/1276 
f 1277/1277/1277 1273/1273/1273 1275/1275/1275 
f 1277/1277/1277 1278/1278/1278 1273/1273/1273 
f 1281/1281/1281 1280/1280/1280 1279/1279/1279 
f 1280/1280/1280 1281/1281/1281 1282/1282/1282 
f 1283/1283/1283 1282/1282/1282 1281/1281/1281 
f 1282/1282/1282 1283/1283/1283 1284/1284/1284 
f 1283/1283/1283 1285/1285/1285 1284/1284/1284 
f 1285/1285/1285 1283/1283/1283 1286/1286/1286 
f 1286/1286/1286 1287/1287/1287 1285/1285/1285 
f 1288/1288/1288 1290/1290/1290 1289/1289/1289 
f 1290/1290/1290 1288/1288/1288 1291/1291/1291 
f 1291/1291/1291 1292/1292/1292 1290/1290/1290 
f 1293/1293/1293 1294/1294/1294 1295/1295/1295 
f 1294/1294/1294 1293/1293/1293 1296/1296/1296 
f 1296/1296/1296 1297/1297/1297 1294/1294/1294 

g Meshpart5

v -139.903 5.87281 60.452 
v -139.908 5.84749 60.4538 
v -139.903 5.83997 60.4452 
v -139.908 5.83775 60.4485 
v -139.908 5.8303 60.4425 
v -139.903 5.83301 60.4396 
v -139.903 5.82631 60.4324 
v -139.908 5.82312 60.4348 
v -139.908 5.81778 60.426 
v -139.903 5.82131 60.4241 
v -139.908 5.81349 60.4058 
v -139.903 5.81752 60.4055 
v -139.908 5.817 60.3859 
v -139.903 5.82511 60.3792 
v -139.908 5.82177 60.377 
v -139.903 5.83075 60.372 
v -139.908 5.82782 60.3693 
v -139.903 5.83766 60.3656 
v -139.908 5.83541 60.3623 
v -139.908 5.84732 60.3566 
v -139.903 5.85135 60.3591 
v -139.908 5.89831 60.3678 
v -139.919 5.87577 60.3584 
v -139.903 5.87577 60.3584 
v -139.903 5.88826 60.3645 
v -139.908 5.89044 60.3612 
v -139.903 5.8955 60.3706 
v -139.908 5.90469 60.3753 
v -139.903 5.90144 60.3776 
v -139.908 5.90982 60.384 
v -139.919 5.91003 60.403 
v -139.903 5.91016 60.4038 
v -139.903 5.90699 60.4225 
v -139.903 5.90246 60.4308 
v -139.908 5.90574 60.4331 
v -139.908 5.8989 60.4411 
v -139.903 5.89606 60.4383 
v -139.903 5.88934 60.4442 
v -139.908 5.8917 60.4474 
v -139.908 5.8822 60.4531 
v -139.915 5.84697 60.3396 
v -139.908 5.84697 60.3396 
v -139.903 5.83327 60.3337 
v -139.903 5.85087 60.3361 
v -139.903 5.829 60.3313 
v -139.908 5.82645 60.3344 
v -139.908 5.8227 60.3301 
v -139.903 5.82612 60.3279 
v -139.903 5.82536 60.3261 
v -139.903 5.82645 60.3183 
v -139.908 5.82303 60.316 
v -139.908 5.8276 60.3121 
v -139.903 5.82966 60.3156 
v -139.908 5.8463 60.3074 
v -139.903 5.85034 60.3107 
v -139.915 5.84591 60.2891 
v -139.908 5.8463 60.3074 
v -139.903 5.85034 60.3107 
v -139.903 5.87382 60.2651 
v -139.903 5.84785 60.2613 
v -139.903 5.8708 60.2608 
v -139.903 5.87327 60.2629 
v -139.903 5.87238 60.2618 
v -139.903 5.84981 60.2853 
v -139.903 5.84093 60.2848 
v -139.903 5.85034 60.3107 
v -139.903 5.83053 60.2642 
v -139.903 5.83429 60.2838 
v -139.903 5.83002 60.2825 
v -139.903 5.87577 60.3584 
v -139.903 5.82754 60.2663 
v -139.903 5.82447 60.2722 
v -139.903 5.82494 60.2702 
v -139.903 5.82454 60.2757 
v -139.903 5.82555 60.2784 
v -139.903 5.82748 60.2809 
v -139.903 5.85087 60.3361 
v -139.903 5.83555 60.3134 
v -139.903 5.83327 60.3337 
v -139.903 5.829 60.3313 
v -139.903 5.82966 60.3156 
v -139.903 5.82527 60.3218 
v -139.903 5.82645 60.3183 
v -139.903 5.82612 60.3279 
v -139.903 5.82536 60.3261 
v -139.903 5.85135 60.3591 
v -139.903 5.86383 60.3745 
v -139.903 5.85775 60.3752 
v -139.903 5.86994 60.375 
v -139.903 5.85193 60.3771 
v -139.903 5.87584 60.3766 
v -139.903 5.83766 60.3656 
v -139.903 5.88826 60.3645 
v -139.903 5.84659 60.3801 
v -139.903 5.8813 60.3794 
v -139.903 5.83075 60.372 
v -139.903 5.8955 60.3706 
v -139.903 5.84193 60.3841 
v -139.903 5.88612 60.3832 
v -139.903 5.82511 60.3792 
v -139.903 5.90144 60.3776 
v -139.903 5.83815 60.3889 
v -139.903 5.89011 60.3878 
v -139.903 5.82073 60.3873 
v -139.903 5.90615 60.3856 
v -139.903 5.83537 60.3944 
v -139.903 5.8931 60.3932 
v -139.903 5.8185 60.3961 
v -139.903 5.90876 60.3942 
v -139.903 5.83371 60.4003 
v -139.903 5.89501 60.399 
v -139.903 5.81752 60.4055 
v -139.903 5.91016 60.4038 
v -139.903 5.83324 60.4064 
v -139.903 5.89561 60.4041 
v -139.903 5.81887 60.416 
v -139.903 5.89573 60.4051 
v -139.903 5.83397 60.4125 
v -139.903 5.90933 60.4134 
v -139.903 5.83501 60.4157 
v -139.903 5.89526 60.4112 
v -139.903 5.82131 60.4241 
v -139.903 5.8936 60.4171 
v -139.903 5.83587 60.4183 
v -139.903 5.90699 60.4225 
v -139.903 5.82631 60.4324 
v -139.903 5.89083 60.4226 
v -139.903 5.83887 60.4236 
v -139.903 5.90246 60.4308 
v -139.903 5.84285 60.4283 
v -139.903 5.88704 60.4274 
v -139.903 5.83301 60.4396 
v -139.903 5.89606 60.4383 
v -139.903 5.84767 60.4321 
v -139.903 5.88239 60.4314 
v -139.903 5.83997 60.4452 
v -139.903 5.88934 60.4442 
v -139.903 5.85313 60.4349 
v -139.903 5.87705 60.4344 
v -139.903 5.849 60.4501 
v -139.903 5.88053 60.4495 
v -139.903 5.85903 60.4365 
v -139.903 5.87122 60.4363 
v -139.903 5.85681 60.4524 
v -139.903 5.87281 60.452 
v -139.903 5.86483 60.4529 
v -139.903 5.86514 60.437 
v -139.874 5.78907 60.2769 
v -139.85 5.81918 60.2763 
v -139.874 5.78974 60.3091 
v -139.947 5.78907 60.2769 
v -139.85 5.81985 60.3085 
v -139.85 5.90198 60.2745 
v -139.85 5.90265 60.3067 
v -139.862 5.91771 60.3064 
v -139.862 5.91704 60.2742 
v -139.908 5.85353 60.3808 
v -139.908 5.84887 60.3834 
v -139.903 5.84659 60.3801 
v -139.908 5.84481 60.3869 
v -139.903 5.84193 60.3841 
v -139.908 5.84151 60.3911 
v -139.903 5.83815 60.3889 
v -139.903 5.83537 60.3944 
v -139.908 5.83909 60.3958 
v -139.903 5.83397 60.4125 
v -139.908 5.83952 60.4167 
v -139.908 5.84214 60.4214 
v -139.903 5.83887 60.4236 
v -139.903 5.84285 60.4283 
v -139.908 5.84562 60.4254 
v -139.903 5.84767 60.4321 
v -139.908 5.84982 60.4287 
v -139.908 5.86506 60.433 
v -139.919 5.87122 60.4363 
v -139.903 5.87122 60.4363 
v -139.908 5.8801 60.4281 
v -139.903 5.88239 60.4314 
v -139.903 5.88704 60.4274 
v -139.908 5.88416 60.4246 
v -139.908 5.88747 60.4204 
v -139.903 5.89083 60.4226 
v -139.908 5.88683 60.3901 
v -139.903 5.89011 60.3878 
v -139.903 5.88612 60.3832 
v -139.919 5.8813 60.3794 
v -139.908 5.88336 60.3861 
v -139.903 5.8813 60.3794 
v -139.908 5.87916 60.3828 
v -139.87 5.90798 60.3217 
v -139.86 5.82644 60.3234 
v -139.88 5.80135 60.3239 
v -139.87 5.90798 60.3217 
v -139.85 5.90265 60.3067 
v -139.862 5.91771 60.3064 
v -139.86 5.89544 60.3219 
v -139.85 5.81985 60.3085 
v -139.86 5.82644 60.3234 
v -139.908 5.89831 60.3678 
v -139.915 5.89044 60.3612 
v -139.915 5.89831 60.3678 
v -139.915 5.87969 60.3559 
v -139.919 5.87577 60.3584 
v -139.919 5.87382 60.2651 
v -139.915 5.87778 60.2645 
v -139.915 5.90469 60.3753 
v -139.919 5.90144 60.3776 
v -139.908 5.87969 60.3559 
v -139.908 5.87778 60.2645 
v -139.903 5.87382 60.2651 
v -139.903 5.87577 60.3584 
v -139.908 5.89044 60.3612 
v -139.908 5.90469 60.3753 
v -139.903 5.90144 60.3776 
v -139.908 5.90982 60.384 
v -139.903 5.90615 60.3856 
v -139.915 5.90982 60.384 
v -139.919 5.90615 60.3856 
v -139.908 5.91264 60.3933 
v -139.903 5.90876 60.3942 
v -139.915 5.91264 60.3933 
v -139.919 5.90875 60.3942 
v -139.919 5.91003 60.403 
v -139.908 5.91415 60.4037 
v -139.903 5.91016 60.4038 
v -139.903 5.90933 60.4134 
v -139.915 5.91415 60.4037 
v -139.919 5.90907 60.4141 
v -139.908 5.91327 60.414 
v -139.903 5.90699 60.4225 
v -139.915 5.91327 60.414 
v -139.915 5.91071 60.424 
v -139.919 5.90649 60.4241 
v -139.908 5.91071 60.424 
v -139.919 5.90344 60.4296 
v -139.903 5.90246 60.4308 
v -139.915 5.90574 60.4331 
v -139.908 5.90574 60.4331 
v -139.908 5.8989 60.4411 
v -139.903 5.88934 60.4442 
v -139.915 5.8989 60.4411 
v -139.919 5.88934 60.4442 
v -139.862 5.91771 60.3064 
v -139.862 5.91704 60.2742 
v -139.959 5.91771 60.3064 
v -139.959 5.91704 60.2742 
v -139.919 5.85775 60.3752 
v -139.908 5.84887 60.3834 
v -139.915 5.84481 60.3869 
v -139.903 5.84659 60.3801 
v -139.908 5.84481 60.3869 
v -139.908 5.84151 60.3911 
v -139.903 5.83815 60.3889 
v -139.903 5.83537 60.3944 
v -139.915 5.84151 60.3911 
v -139.919 5.83815 60.3889 
v -139.919 5.83537 60.3944 
v -139.908 5.83909 60.3958 
v -139.903 5.83371 60.4003 
v -139.915 5.83909 60.3958 
v -139.919 5.83371 60.4003 
v -139.908 5.83765 60.401 
v -139.903 5.83324 60.4064 
v -139.915 5.83765 60.401 
v -139.919 5.83324 60.4064 
v -139.908 5.83723 60.4063 
v -139.915 5.83723 60.4063 
v -139.908 5.83787 60.4116 
v -139.903 5.83397 60.4125 
v -139.915 5.83787 60.4116 
v -139.919 5.83397 60.4125 
v -139.908 5.83916 60.4156 
v -139.903 5.83501 60.4157 
v -139.915 5.83952 60.4167 
v -139.919 5.83587 60.4183 
v -139.908 5.83952 60.4167 
v -139.903 5.83587 60.4183 
v -139.908 5.84214 60.4214 
v -139.903 5.83887 60.4236 
v -139.915 5.84214 60.4214 
v -139.919 5.83887 60.4236 
v -139.908 5.84562 60.4254 
v -139.915 5.84562 60.4254 
v -139.903 5.85313 60.4349 
v -139.87 5.90798 60.3217 
v -139.87 5.90798 60.3217 
v -139.862 5.91771 60.3064 
v -139.959 5.91771 60.3064 
v -139.951 5.90798 60.3217 
v -139.915 5.87366 60.4559 
v -139.919 5.88053 60.4495 
v -139.919 5.87281 60.452 
v -139.908 5.86491 60.4569 
v -139.903 5.87281 60.452 
v -139.908 5.87366 60.4559 
v -139.903 5.86483 60.4529 
v -139.903 5.85681 60.4524 
v -139.915 5.86491 60.4569 
v -139.919 5.86483 60.4529 
v -139.919 5.85681 60.4524 
v -139.908 5.85613 60.4563 
v -139.903 5.849 60.4501 
v -139.915 5.85613 60.4563 
v -139.919 5.849 60.4501 
v -139.908 5.84749 60.4538 
v -139.903 5.83997 60.4452 
v -139.915 5.84749 60.4538 
v -139.919 5.83997 60.4452 
v -139.908 5.83775 60.4485 
v -139.908 5.8303 60.4425 
v -139.915 5.83775 60.4485 
v -139.915 5.8303 60.4425 
v -139.915 5.82312 60.4348 
v -139.903 5.90699 60.4225 
v -139.915 5.91071 60.424 
v -139.915 5.90574 60.4331 
v -139.908 5.90574 60.4331 
v -139.908 5.8989 60.4411 
v -139.903 5.88934 60.4442 
v -139.915 5.8989 60.4411 
v -139.919 5.88934 60.4442 
v -139.908 5.8917 60.4474 
v -139.915 5.8917 60.4474 
v -139.915 5.8822 60.4531 
v -139.908 5.8822 60.4531 
v -139.903 5.88053 60.4495 
v -139.908 5.83198 60.3375 
v -139.915 5.84697 60.3396 
v -139.915 5.83198 60.3375 
v -139.919 5.83327 60.3337 
v -139.919 5.85087 60.3361 
v -139.919 5.829 60.3313 
v -139.908 5.84697 60.3396 
v -139.903 5.83327 60.3337 
v -139.903 5.85087 60.3361 
v -139.903 5.829 60.3313 
v -139.908 5.82645 60.3344 
v -139.915 5.82645 60.3344 
v -139.903 5.82536 60.3261 
v -139.915 5.8214 60.327 
v -139.919 5.82536 60.3261 
v -139.85 5.81985 60.3085 
v -139.947 5.78974 60.3091 
v -139.959 5.91771 60.3064 
v -139.915 5.85353 60.3808 
v -139.908 5.85353 60.3808 
v -139.915 5.85861 60.3791 
v -139.919 5.85775 60.3752 
v -139.919 5.85193 60.3771 
v -139.919 5.86383 60.3745 
v -139.915 5.84887 60.3834 
v -139.919 5.84659 60.3801 
v -139.908 5.84887 60.3834 
v -139.915 5.84481 60.3869 
v -139.903 5.85193 60.3771 
v -139.903 5.84659 60.3801 
v -139.903 5.85775 60.3752 
v -139.908 5.84481 60.3869 
v -139.908 5.85861 60.3791 
v -139.903 5.86383 60.3745 
v -139.915 5.84151 60.3911 
v -139.919 5.83815 60.3889 
v -139.919 5.83537 60.3944 
v -139.908 5.83909 60.3958 
v -139.908 5.88683 60.3901 
v -139.903 5.89011 60.3878 
v -139.915 5.88336 60.3861 
v -139.919 5.8813 60.3794 
v -139.908 5.88336 60.3861 
v -139.903 5.8813 60.3794 
v -139.908 5.87916 60.3828 
v -139.903 5.87584 60.3766 
v -139.915 5.87916 60.3828 
v -139.919 5.87584 60.3766 
v -139.908 5.87439 60.3803 
v -139.903 5.86994 60.375 
v -139.915 5.87439 60.3803 
v -139.919 5.86994 60.375 
v -139.908 5.86925 60.3789 
v -139.915 5.86925 60.3789 
v -139.908 5.86392 60.3785 
v -139.915 5.86392 60.3785 
v -139.87 5.90798 60.3217 
v -139.909 5.89544 60.3219 
v -139.86 5.89544 60.3219 
v -139.897 5.89016 60.3221 
v -139.911 5.89596 60.3219 
v -139.891 5.87616 60.3223 
v -139.951 5.90798 60.3217 
v -139.912 5.89544 60.3219 
v -139.961 5.89544 60.3219 
v -139.925 5.89016 60.3221 
v -139.93 5.87616 60.3223 
v -139.86 5.82644 60.3234 
v -139.897 5.86216 60.3226 
v -139.888 5.82644 60.3234 
v -139.887 5.82019 60.3235 
v -139.88 5.80135 60.3239 
v -139.934 5.82019 60.3235 
v -139.941 5.80135 60.3239 
v -139.961 5.82644 60.3234 
v -139.925 5.86216 60.3226 
v -139.933 5.82644 60.3234 
v -139.87 5.90798 60.3217 
v -139.85 5.90265 60.3067 
v -139.862 5.91771 60.3064 
v -139.959 5.91771 60.3064 
v -139.86 5.89544 60.3219 
v -139.951 5.90798 60.3217 
v -139.85 5.81985 60.3085 
v -139.971 5.90265 60.3067 
v -139.86 5.82644 60.3234 
v -139.961 5.89544 60.3219 
v -139.88 5.80135 60.3239 
v -139.874 5.78974 60.3091 
v -139.915 5.87366 60.4559 
v -139.919 5.85681 60.4524 
v -139.908 5.84749 60.4538 
v -139.915 5.84749 60.4538 
v -139.919 5.83997 60.4452 
v -139.915 5.83775 60.4485 
v -139.915 5.8303 60.4425 
v -139.919 5.83301 60.4396 
v -139.919 5.82631 60.4324 
v -139.908 5.82312 60.4348 
v -139.915 5.82312 60.4348 
v -139.919 5.82144 60.4243 
v -139.908 5.81349 60.4058 
v -139.919 5.81749 60.4058 
v -139.915 5.817 60.3859 
v -139.919 5.82511 60.3792 
v -139.915 5.82177 60.377 
v -139.919 5.83075 60.372 
v -139.915 5.82782 60.3693 
v -139.919 5.83766 60.3656 
v -139.908 5.84732 60.3566 
v -139.915 5.83541 60.3623 
v -139.915 5.89044 60.3612 
v -139.915 5.89831 60.3678 
v -139.919 5.88826 60.3645 
v -139.919 5.8955 60.3706 
v -139.919 5.87577 60.3584 
v -139.915 5.90469 60.3753 
v -139.919 5.90144 60.3776 
v -139.908 5.87778 60.2645 
v -139.908 5.90982 60.384 
v -139.919 5.91003 60.403 
v -139.903 5.90699 60.4225 
v -139.915 5.91071 60.424 
v -139.919 5.90649 60.4241 
v -139.919 5.90344 60.4296 
v -139.915 5.90574 60.4331 
v -139.919 5.89606 60.4383 
v -139.908 5.8989 60.4411 
v -139.915 5.8989 60.4411 
v -139.919 5.88934 60.4442 
v -139.915 5.8917 60.4474 
v -139.915 5.84697 60.3396 
v -139.919 5.83327 60.3337 
v -139.919 5.829 60.3313 
v -139.908 5.84697 60.3396 
v -139.915 5.82645 60.3344 
v -139.915 5.8227 60.3301 
v -139.919 5.82612 60.3279 
v -139.915 5.8214 60.327 
v -139.919 5.82536 60.3261 
v -139.919 5.82645 60.3183 
v -139.915 5.82303 60.316 
v -139.915 5.8276 60.3121 
v -139.919 5.82966 60.3156 
v -139.915 5.8463 60.3074 
v -139.919 5.8955 60.3706 
v -139.919 5.8813 60.3794 
v -139.919 5.88612 60.3832 
v -139.919 5.88826 60.3645 
v -139.919 5.90144 60.3776 
v -139.919 5.87584 60.3766 
v -139.919 5.89011 60.3878 
v -139.919 5.90615 60.3856 
v -139.919 5.8931 60.3932 
v -139.919 5.90875 60.3942 
v -139.919 5.89501 60.399 
v -139.919 5.91003 60.403 
v -139.919 5.89573 60.4051 
v -139.919 5.90907 60.4141 
v -139.919 5.89526 60.4112 
v -139.919 5.89435 60.4144 
v -139.919 5.90649 60.4241 
v -139.919 5.8936 60.4171 
v -139.919 5.89083 60.4226 
v -139.919 5.88933 60.4245 
v -139.919 5.90344 60.4296 
v -139.919 5.89606 60.4383 
v -139.919 5.88704 60.4274 
v -139.919 5.88239 60.4314 
v -139.919 5.88934 60.4442 
v -139.919 5.87705 60.4344 
v -139.919 5.88053 60.4495 
v -139.919 5.87122 60.4363 
v -139.919 5.87281 60.452 
v -139.919 5.86514 60.437 
v -139.919 5.86483 60.4529 
v -139.919 5.85903 60.4365 
v -139.919 5.85681 60.4524 
v -139.919 5.849 60.4501 
v -139.919 5.85313 60.4349 
v -139.919 5.83997 60.4452 
v -139.919 5.84767 60.4321 
v -139.919 5.83301 60.4396 
v -139.919 5.84285 60.4283 
v -139.919 5.82631 60.4324 
v -139.919 5.83887 60.4236 
v -139.919 5.83587 60.4183 
v -139.919 5.82144 60.4243 
v -139.919 5.83397 60.4125 
v -139.919 5.81871 60.4153 
v -139.919 5.83324 60.4064 
v -139.919 5.81749 60.4058 
v -139.919 5.83371 60.4003 
v -139.919 5.8185 60.3961 
v -139.919 5.83537 60.3944 
v -139.919 5.82073 60.3873 
v -139.919 5.83815 60.3889 
v -139.919 5.82511 60.3792 
v -139.919 5.84193 60.3841 
v -139.919 5.83075 60.372 
v -139.919 5.84659 60.3801 
v -139.919 5.83766 60.3656 
v -139.919 5.85193 60.3771 
v -139.919 5.85135 60.3591 
v -139.919 5.85775 60.3752 
v -139.919 5.86383 60.3745 
v -139.919 5.87577 60.3584 
v -139.919 5.86994 60.375 
v -139.919 5.85087 60.3361 
v -139.919 5.85034 60.3107 
v -139.919 5.83555 60.3134 
v -139.919 5.83327 60.3337 
v -139.919 5.87382 60.2651 
v -139.919 5.829 60.3313 
v -139.919 5.84981 60.2853 
v -139.919 5.82966 60.3156 
v -139.919 5.82527 60.3218 
v -139.919 5.82645 60.3183 
v -139.919 5.82612 60.3279 
v -139.919 5.82536 60.3261 
v -139.919 5.84785 60.2613 
v -139.919 5.84093 60.2848 
v -139.919 5.8708 60.2608 
v -139.919 5.87327 60.2629 
v -139.919 5.87238 60.2618 
v -139.919 5.83053 60.2642 
v -139.919 5.83429 60.2838 
v -139.919 5.83002 60.2825 
v -139.919 5.82754 60.2663 
v -139.919 5.82447 60.2722 
v -139.919 5.82494 60.2702 
v -139.919 5.82454 60.2757 
v -139.919 5.82555 60.2784 
v -139.919 5.82748 60.2809 
v -139.947 5.78907 60.2769 
v -139.947 5.78974 60.3091 
v -139.971 5.81985 60.3085 
v -139.971 5.81918 60.2763 
v -139.862 5.91771 60.3064 
v -139.971 5.90265 60.3067 
v -139.862 5.91704 60.2742 
v -139.971 5.90198 60.2745 
v -139.959 5.91771 60.3064 
v -139.959 5.91704 60.2742 
v -139.908 5.85353 60.3808 
v -139.919 5.85775 60.3752 
v -139.915 5.84887 60.3834 
v -139.919 5.84659 60.3801 
v -139.915 5.84481 60.3869 
v -139.919 5.84193 60.3841 
v -139.915 5.84151 60.3911 
v -139.919 5.83815 60.3889 
v -139.903 5.83397 60.4125 
v -139.915 5.83952 60.4167 
v -139.915 5.84214 60.4214 
v -139.919 5.83887 60.4236 
v -139.919 5.84285 60.4283 
v -139.915 5.84562 60.4254 
v -139.919 5.84767 60.4321 
v -139.915 5.84982 60.4287 
v -139.919 5.85313 60.4349 
v -139.915 5.85458 60.4311 
v -139.919 5.87122 60.4363 
v -139.915 5.87544 60.4307 
v -139.915 5.8801 60.4281 
v -139.919 5.88239 60.4314 
v -139.919 5.88704 60.4274 
v -139.915 5.88416 60.4246 
v -139.915 5.88419 60.4246 
v -139.919 5.88933 60.4245 
v -139.903 5.89083 60.4226 
v -139.915 5.88747 60.4204 
v -139.919 5.89083 60.4226 
v -139.919 5.89526 60.4112 
v -139.915 5.89174 60.4052 
v -139.915 5.89111 60.3999 
v -139.903 5.89501 60.399 
v -139.915 5.88945 60.3948 
v -139.919 5.8931 60.3932 
v -139.915 5.88683 60.3901 
v -139.919 5.89011 60.3878 
v -139.919 5.88612 60.3832 
v -139.915 5.88336 60.3861 
v -139.919 5.8813 60.3794 
v -139.915 5.87916 60.3828 
v -139.961 5.82644 60.3234 
v -139.971 5.90265 60.3067 
v -139.961 5.89544 60.3219 
v -139.971 5.81985 60.3085 
v -139.961 5.82644 60.3234 
v -139.947 5.78974 60.3091 
v -139.941 5.80135 60.3239 
v -139.903 5.85681 60.4524 
v -139.903 5.83997 60.4452 
v -139.919 5.83997 60.4452 
v -139.908 5.83775 60.4485 
v -139.908 5.8303 60.4425 
v -139.915 5.83775 60.4485 
v -139.903 5.82631 60.4324 
v -139.915 5.8303 60.4425 
v -139.919 5.82631 60.4324 
v -139.908 5.82312 60.4348 
v -139.915 5.82312 60.4348 
v -139.908 5.81778 60.426 
v -139.903 5.82131 60.4241 
v -139.915 5.81778 60.426 
v -139.919 5.82144 60.4243 
v -139.908 5.81481 60.4161 
v -139.903 5.81887 60.416 
v -139.915 5.81481 60.4161 
v -139.919 5.81871 60.4153 
v -139.908 5.81349 60.4058 
v -139.903 5.81752 60.4055 
v -139.903 5.8185 60.3961 
v -139.915 5.81349 60.4058 
v -139.919 5.81749 60.4058 
v -139.919 5.8185 60.3961 
v -139.908 5.81458 60.3954 
v -139.903 5.82073 60.3873 
v -139.915 5.81458 60.3954 
v -139.919 5.82073 60.3873 
v -139.908 5.817 60.3859 
v -139.903 5.82511 60.3792 
v -139.915 5.817 60.3859 
v -139.919 5.82511 60.3792 
v -139.908 5.82177 60.377 
v -139.915 5.82177 60.377 
v -139.908 5.82782 60.3693 
v -139.915 5.82782 60.3693 
v -139.908 5.83541 60.3623 
v -139.908 5.84732 60.3566 
v -139.915 5.83541 60.3623 
v -139.908 5.82645 60.3344 
v -139.915 5.82645 60.3344 
v -139.908 5.8227 60.3301 
v -139.903 5.82612 60.3279 
v -139.915 5.8227 60.3301 
v -139.919 5.82612 60.3279 
v -139.908 5.8214 60.327 
v -139.903 5.82536 60.3261 
v -139.915 5.8214 60.327 
v -139.919 5.82536 60.3261 
v -139.908 5.82128 60.3212 
v -139.903 5.82527 60.3218 
v -139.915 5.82128 60.3212 
v -139.919 5.82527 60.3218 
v -139.903 5.82645 60.3183 
v -139.919 5.82645 60.3183 
v -139.908 5.82303 60.316 
v -139.915 5.82303 60.316 
v -139.903 5.82966 60.3156 
v -139.915 5.8463 60.3074 
v -139.915 5.84591 60.2891 
v -139.908 5.84591 60.2891 
v -139.919 5.85034 60.3107 
v -139.919 5.84981 60.2853 
v -139.908 5.8463 60.3074 
v -139.903 5.85034 60.3107 
v -139.903 5.84981 60.2853 
v -139.908 5.84697 60.3396 
v -139.915 5.84732 60.3566 
v -139.915 5.84697 60.3396 
v -139.919 5.85135 60.3591 
v -139.919 5.85087 60.3361 
v -139.908 5.84732 60.3566 
v -139.903 5.85135 60.3591 
v -139.903 5.85087 60.3361 
v -139.874 5.78907 60.2769 
v -139.85 5.81918 60.2763 
v -139.874 5.78974 60.3091 
v -139.947 5.78907 60.2769 
v -139.85 5.81985 60.3085 
v -139.947 5.78974 60.3091 
v -139.919 5.85775 60.3752 
v -139.919 5.87122 60.4363 
v -139.919 5.88239 60.4314 
v -139.919 5.88704 60.4274 
v -139.915 5.88416 60.4246 
v -139.915 5.88419 60.4246 
v -139.908 5.88416 60.4246 
v -139.908 5.88747 60.4204 
v -139.903 5.89083 60.4226 
v -139.915 5.88747 60.4204 
v -139.919 5.89083 60.4226 
v -139.903 5.8936 60.4171 
v -139.919 5.8936 60.4171 
v -139.915 5.88988 60.4156 
v -139.919 5.89435 60.4144 
v -139.908 5.88988 60.4156 
v -139.903 5.89526 60.4112 
v -139.915 5.8902 60.4145 
v -139.919 5.89526 60.4112 
v -139.908 5.89133 60.4105 
v -139.903 5.89573 60.4051 
v -139.915 5.89133 60.4105 
v -139.919 5.89573 60.4051 
v -139.908 5.89174 60.4052 
v -139.903 5.89561 60.4041 
v -139.915 5.89174 60.4052 
v -139.908 5.89162 60.4042 
v -139.915 5.89111 60.3999 
v -139.919 5.89501 60.399 
v -139.908 5.89111 60.3999 
v -139.903 5.89501 60.399 
v -139.915 5.88945 60.3948 
v -139.919 5.8931 60.3932 
v -139.908 5.88945 60.3948 
v -139.903 5.8931 60.3932 
v -139.915 5.88683 60.3901 
v -139.919 5.89011 60.3878 
v -139.908 5.88683 60.3901 
v -139.903 5.89011 60.3878 
v -139.915 5.88336 60.3861 
v -139.919 5.8813 60.3794 
v -139.908 5.88336 60.3861 
v -139.915 5.87916 60.3828 
v -139.903 5.86994 60.375 
v -139.88 5.80135 60.3239 
v -139.88 5.80135 60.3239 
v -139.874 5.78974 60.3091 
v -139.947 5.78974 60.3091 
v -139.941 5.80135 60.3239 
v -139.903 5.82511 60.3792 
v -139.919 5.82511 60.3792 
v -139.908 5.82782 60.3693 
v -139.903 5.83766 60.3656 
v -139.915 5.82782 60.3693 
v -139.919 5.83766 60.3656 
v -139.908 5.83541 60.3623 
v -139.908 5.84732 60.3566 
v -139.903 5.85135 60.3591 
v -139.915 5.83541 60.3623 
v -139.915 5.84732 60.3566 
v -139.919 5.85135 60.3591 
v -139.908 5.89831 60.3678 
v -139.915 5.89044 60.3612 
v -139.915 5.89831 60.3678 
v -139.919 5.88826 60.3645 
v -139.915 5.87969 60.3559 
v -139.919 5.87577 60.3584 
v -139.908 5.87969 60.3559 
v -139.903 5.87577 60.3584 
v -139.903 5.88826 60.3645 
v -139.908 5.89044 60.3612 
v -139.919 5.90615 60.3856 
v -139.903 5.82536 60.3261 
v -139.919 5.82536 60.3261 
v -139.919 5.82645 60.3183 
v -139.908 5.82303 60.316 
v -139.915 5.82303 60.316 
v -139.915 5.8276 60.3121 
v -139.908 5.8276 60.3121 
v -139.903 5.82966 60.3156 
v -139.919 5.82966 60.3156 
v -139.908 5.8345 60.3095 
v -139.903 5.83555 60.3134 
v -139.915 5.8345 60.3095 
v -139.919 5.83555 60.3134 
v -139.908 5.8463 60.3074 
v -139.903 5.85034 60.3107 
v -139.915 5.8463 60.3074 
v -139.919 5.85034 60.3107 
v -139.915 5.83952 60.4167 
v -139.903 5.83887 60.4236 
v -139.915 5.84214 60.4214 
v -139.919 5.83887 60.4236 
v -139.908 5.84562 60.4254 
v -139.903 5.84767 60.4321 
v -139.915 5.84562 60.4254 
v -139.919 5.84767 60.4321 
v -139.915 5.84982 60.4287 
v -139.919 5.85313 60.4349 
v -139.908 5.84982 60.4287 
v -139.903 5.85313 60.4349 
v -139.915 5.85458 60.4311 
v -139.919 5.85903 60.4365 
v -139.908 5.85458 60.4311 
v -139.903 5.85903 60.4365 
v -139.915 5.85973 60.4326 
v -139.919 5.86514 60.437 
v -139.908 5.85973 60.4326 
v -139.903 5.86514 60.437 
v -139.915 5.86506 60.433 
v -139.908 5.86506 60.433 
v -139.915 5.87036 60.4324 
v -139.919 5.87122 60.4363 
v -139.908 5.87036 60.4324 
v -139.903 5.87122 60.4363 
v -139.915 5.87544 60.4307 
v -139.919 5.87705 60.4344 
v -139.908 5.87544 60.4307 
v -139.903 5.87705 60.4344 
v -139.915 5.8801 60.4281 
v -139.919 5.88239 60.4314 
v -139.908 5.8801 60.4281 
v -139.919 5.88704 60.4274 
v -139.903 5.88239 60.4314 
v -139.915 5.88416 60.4246 
v -139.908 5.88416 60.4246 

vn 0.645669 0.165354 0.748031 
vn 0.330709 -0.354331 0.874016 
vn 0.645669 -0.425197 0.637795 
vn 0.338583 -0.527559 0.779528 
vn 0.338583 -0.645669 0.685039 
vn 0.637795 -0.519685 0.559055 
vn 0.645669 -0.614173 0.464567 
vn 0.338583 -0.755906 0.566929 
vn 0.330709 -0.858268 0.385827 
vn 0.637795 -0.700787 0.307087 
vn 0.338583 -0.944882 0.015748 
vn 0.645669 -0.76378 0.00787402 
vn 0.330709 -0.88189 -0.338583 
vn 0.637795 -0.645669 -0.417323 
vn 0.338583 -0.787402 -0.511811 
vn 0.637795 -0.566929 -0.519685 
vn 0.338583 -0.692913 -0.637795 
vn 0.645669 -0.425197 -0.629921 
vn 0.330709 -0.527559 -0.779528 
vn 0.377953 -0.401575 -0.834646 
vn 0.637795 -0.330709 -0.692913 
vn 0.338583 0.661417 -0.669291 
vn -0.700787 0.606299 -0.385827 
vn 0.700787 0.606299 -0.385827 
vn 0.645669 0.417323 -0.645669 
vn 0.330709 0.511811 -0.787402 
vn 0.637795 0.543307 -0.543307 
vn 0.338583 0.76378 -0.543307 
vn 0.637795 0.622047 -0.448819 
vn 0.330709 0.866142 -0.377953 
vn -0.653543 0.755906 -0.0314961 
vn 0.645669 0.76378 -0.023622 
vn 0.645669 0.708661 0.283465 
vn 0.645669 0.629921 0.433071 
vn 0.338583 0.771654 0.535433 
vn 0.338583 0.669291 0.661417 
vn 0.637795 0.543307 0.535433 
vn 0.637795 0.456693 0.622047 
vn 0.338583 0.559055 0.76378 
vn 0.330709 0.393701 0.858268 
vn -0.385827 -0.125984 0.913386 
vn 0.385827 -0.125984 0.913386 
vn 0.645669 -0.244094 0.724409 
vn 0.637795 -0.110236 0.76378 
vn 0.645669 -0.480315 0.590551 
vn 0.330709 -0.598425 0.732283 
vn 0.330709 -0.80315 0.496063 
vn 0.645669 -0.645669 0.401575 
vn 0.645669 -0.748031 0.15748 
vn 0.653543 -0.629921 -0.425197 
vn 0.330709 -0.779528 -0.527559 
vn 0.330709 -0.480315 -0.811024 
vn 0.645669 -0.385827 -0.653543 
vn 0.385827 -0.165354 -0.905512 
vn 0.637795 -0.141732 -0.755906 
vn -0.385827 -0.92126 0.015748 
vn 0.385827 -0.92126 0.015748 
vn 0.637795 -0.771654 0.015748 
vn 1 0 0 
vn 1 0 0 
vn 1 0 0 
vn 1 0 0 
vn 1 0 0 
vn 1 0 0 
vn 1 0 0 
vn 1 0 0 
vn 1 0 0 
vn 1 0 0 
vn 1 0 0 
vn 1 0 0 
vn 1 0 0 
vn 1 0 0 
vn 1 0 0 
vn 1 0 0 
vn 1 0 0 
vn 1 0 0 
vn 1 0 0 
vn 1 0 0 
vn 1 0 0 
vn 1 0 0 
vn 1 0 0 
vn 1 0 0 
vn 1 0 0 
vn 1 0 0 
vn 1 0 0 
vn 1 0 0 
vn 1 0 0 
vn 1 0 0 
vn 1 0 0 
vn 1 0 0 
vn 1 0 0 
vn 1 0 0 
vn 1 0 0 
vn 1 0 0 
vn 1 0 0 
vn 1 0 0 
vn 1 0 0 
vn 1 0 0 
vn 1 0 0 
vn 1 0 0 
vn 1 0 0 
vn 1 0 0 
vn 1 0 0 
vn 1 0 0 
vn 1 0 0 
vn 1 0 0 
vn 1 0 0 
vn 1 0 0 
vn 1 0 0 
vn 1 0 0 
vn 1 0 0 
vn 1 0 0 
vn 1 0 0 
vn 1 0 0 
vn 1 0 0 
vn 1 0 0 
vn 1 0 0 
vn 1 0 0 
vn 1 0 0 
vn 1 0 0 
vn 1 0 0 
vn 1 0 0 
vn 1 0 0 
vn 1 0 0 
vn 1 0 0 
vn 1 0 0 
vn 1 0 0 
vn 1 0 0 
vn 1 0 0 
vn 1 0 0 
vn 1 0 0 
vn 1 0 0 
vn 1 0 0 
vn 1 0 0 
vn 1 0 0 
vn 1 0 0 
vn 1 0 0 
vn 1 0 0 
vn 1 0 0 
vn 1 0 0 
vn 1 0 0 
vn 1 0 0 
vn 1 0 0 
vn 1 0 0 
vn 1 0 0 
vn 1 0 0 
vn 1 0 0 
vn 0.433071 -0.897638 0.015748 
vn 0.944882 -0.330709 0.00787402 
vn 0.433071 -0.897638 0.015748 
vn -0.433071 -0.897638 0.015748 
vn 0.944882 -0.330709 0.00787402 
vn 0.944882 0.330709 -0.00787402 
vn 0.944882 0.330709 -0.00787402 
vn 0.433071 0.897638 -0.015748 
vn 0.433071 0.897638 -0.015748 
vn 0.346457 0.377953 0.858268 
vn 0.346457 0.535433 0.771654 
vn 0.645669 0.440945 0.629921 
vn 0.346457 0.677165 0.645669 
vn 0.645669 0.551181 0.527559 
vn 0.346457 0.787402 0.503937 
vn 0.645669 0.645669 0.409449 
vn 0.645669 0.716535 0.275591 
vn 0.346457 0.874016 0.338583 
vn 0.645669 0.748031 -0.165354 
vn 0.346457 0.858268 -0.377953 
vn 0.346457 0.771654 -0.535433 
vn 0.645669 0.629921 -0.440945 
vn 0.645669 0.527559 -0.551181 
vn 0.346457 0.645669 -0.677165 
vn 0.645669 0.409449 -0.645669 
vn 0.346457 0.503937 -0.787402 
vn 0.346457 -0.015748 -0.937008 
vn -0.645669 -0.165354 -0.748031 
vn 0.645669 -0.165354 -0.748031 
vn 0.346457 -0.535433 -0.771654 
vn 0.645669 -0.440945 -0.629921 
vn 0.645669 -0.551181 -0.527559 
vn 0.346457 -0.677165 -0.645669 
vn 0.346457 -0.787402 -0.503937 
vn 0.645669 -0.645669 -0.409449 
vn 0.346457 -0.771654 0.535433 
vn 0.645669 -0.629921 0.440945 
vn 0.645669 -0.527559 0.551181 
vn -0.645669 -0.409449 0.645669 
vn 0.346457 -0.645669 0.677165 
vn 0.645669 -0.409449 0.645669 
vn 0.346457 -0.503937 0.787402 
vn 0 0.023622 1 
vn 0 0.023622 1 
vn 0 0.023622 1 
vn 0.299213 0.724409 0.622047 
vn 0.724409 0.299213 0.622047 
vn 0.354331 0.692913 0.629921 
vn 0.755906 0.23622 0.614173 
vn 0.740157 -0.267717 0.614173 
vn 0.755906 -0.220472 0.614173 
vn 0.338583 0.661417 -0.669291 
vn -0.330709 0.511811 -0.787402 
vn -0.338583 0.661417 -0.669291 
vn -0.433071 0.76378 -0.488189 
vn -0.700787 0.606299 -0.385827 
vn -0.637795 0.771654 -0.015748 
vn -0.330709 0.944882 -0.023622 
vn -0.338583 0.76378 -0.543307 
vn -0.637795 0.622047 -0.448819 
vn 0.433071 0.76378 -0.488189 
vn 0.330709 0.944882 -0.023622 
vn 0.637795 0.771654 -0.015748 
vn 0.700787 0.606299 -0.385827 
vn 0.330709 0.511811 -0.787402 
vn 0.338583 0.76378 -0.543307 
vn 0.637795 0.622047 -0.448819 
vn 0.330709 0.866142 -0.377953 
vn 0.645669 0.700787 -0.307087 
vn -0.330709 0.866142 -0.377953 
vn -0.645669 0.700787 -0.307087 
vn 0.338583 0.92126 -0.204724 
vn 0.637795 0.748031 -0.165354 
vn -0.338583 0.92126 -0.204724 
vn -0.637795 0.748031 -0.165354 
vn -0.653543 0.755906 -0.0314961 
vn 0.338583 0.944882 -0.0314961 
vn 0.645669 0.76378 -0.023622 
vn 0.637795 0.755906 0.125984 
vn -0.338583 0.937008 -0.023622 
vn -0.653543 0.748031 0.133858 
vn 0.338583 0.929134 0.15748 
vn 0.645669 0.708661 0.283465 
vn -0.346457 0.929134 0.15748 
vn -0.330709 0.88189 0.338583 
vn -0.629921 0.716535 0.299213 
vn 0.330709 0.874016 0.346457 
vn -0.622047 0.653543 0.433071 
vn 0.645669 0.629921 0.433071 
vn -0.330709 0.771654 0.543307 
vn 0.338583 0.771654 0.535433 
vn 0.338583 0.669291 0.661417 
vn 0.637795 0.456693 0.622047 
vn -0.338583 0.669291 0.661417 
vn -0.637795 0.456693 0.622047 
vn 0.433071 0.897638 -0.015748 
vn 0.433071 0.897638 -0.015748 
vn -0.433071 0.897638 -0.015748 
vn -0.433071 0.897638 -0.015748 
vn -0.645669 0.165354 0.748031 
vn 0.346457 0.535433 0.771654 
vn -0.346457 0.677165 0.645669 
vn 0.645669 0.440945 0.629921 
vn 0.346457 0.677165 0.645669 
vn 0.346457 0.787402 0.503937 
vn 0.645669 0.645669 0.409449 
vn 0.645669 0.716535 0.275591 
vn -0.346457 0.787402 0.503937 
vn -0.645669 0.645669 0.409449 
vn -0.645669 0.716535 0.275591 
vn 0.346457 0.874016 0.338583 
vn 0.645669 0.755906 0.133858 
vn -0.346457 0.874016 0.338583 
vn -0.645669 0.755906 0.133858 
vn 0.346457 0.92126 0.165354 
vn 0.645669 0.76378 -0.015748 
vn -0.346457 0.92126 0.165354 
vn -0.645669 0.76378 -0.015748 
vn 0.346457 0.937008 -0.023622 
vn -0.346457 0.937008 -0.023622 
vn 0.346457 0.913386 -0.204724 
vn 0.645669 0.748031 -0.165354 
vn -0.346457 0.913386 -0.204724 
vn -0.645669 0.748031 -0.165354 
vn 0.338583 0.897638 -0.291339 
vn 0.637795 0.732283 -0.23622 
vn -0.346457 0.858268 -0.377953 
vn -0.645669 0.700787 -0.307087 
vn 0.346457 0.858268 -0.377953 
vn 0.645669 0.700787 -0.307087 
vn 0.346457 0.771654 -0.535433 
vn 0.645669 0.629921 -0.440945 
vn -0.346457 0.771654 -0.535433 
vn -0.645669 0.629921 -0.440945 
vn 0.346457 0.645669 -0.677165 
vn -0.346457 0.645669 -0.677165 
vn 0.645669 0.275591 -0.716535 
vn 0 0.023622 1 
vn 0.299213 0.724409 0.622047 
vn 0.354331 0.692913 0.629921 
vn -0.354331 0.692913 0.629921 
vn -0.299213 0.724409 0.622047 
vn -0.330709 0.19685 0.92126 
vn -0.645669 0.314961 0.692913 
vn -0.645669 0.165354 0.748031 
vn 0.338583 0.023622 0.944882 
vn 0.645669 0.165354 0.748031 
vn 0.338583 0.19685 0.92126 
vn 0.637795 0.015748 0.76378 
vn 0.645669 -0.133858 0.755906 
vn -0.338583 0.023622 0.944882 
vn -0.637795 0.015748 0.76378 
vn -0.645669 -0.133858 0.755906 
vn 0.330709 -0.15748 0.929134 
vn 0.645669 -0.291339 0.708661 
vn -0.330709 -0.15748 0.929134 
vn -0.645669 -0.291339 0.708661 
vn 0.330709 -0.354331 0.874016 
vn 0.645669 -0.425197 0.637795 
vn -0.330709 -0.354331 0.874016 
vn -0.645669 -0.425197 0.637795 
vn 0.338583 -0.527559 0.779528 
vn 0.338583 -0.645669 0.685039 
vn -0.338583 -0.527559 0.779528 
vn -0.338583 -0.645669 0.685039 
vn -0.338583 -0.755906 0.566929 
vn 0.645669 0.708661 0.283465 
vn -0.330709 0.88189 0.338583 
vn -0.330709 0.771654 0.543307 
vn 0.338583 0.771654 0.535433 
vn 0.338583 0.669291 0.661417 
vn 0.637795 0.456693 0.622047 
vn -0.338583 0.669291 0.661417 
vn -0.637795 0.456693 0.622047 
vn 0.338583 0.559055 0.76378 
vn -0.338583 0.559055 0.76378 
vn -0.330709 0.393701 0.858268 
vn 0.330709 0.393701 0.858268 
vn 0.645669 0.314961 0.692913 
vn 0.330709 -0.299213 0.889764 
vn -0.385827 -0.125984 0.913386 
vn -0.330709 -0.299213 0.889764 
vn -0.645669 -0.244094 0.724409 
vn -0.637795 -0.110236 0.76378 
vn -0.645669 -0.480315 0.590551 
vn 0.385827 -0.125984 0.913386 
vn 0.645669 -0.244094 0.724409 
vn 0.637795 -0.110236 0.76378 
vn 0.645669 -0.480315 0.590551 
vn 0.330709 -0.598425 0.732283 
vn -0.330709 -0.598425 0.732283 
vn 0.645669 -0.748031 0.15748 
vn -0.330709 -0.92126 0.19685 
vn -0.645669 -0.748031 0.15748 
vn 0.944882 -0.330709 0.00787402 
vn -0.433071 -0.897638 0.015748 
vn -0.433071 0.897638 -0.015748 
vn -0.346457 0.377953 0.858268 
vn 0.346457 0.377953 0.858268 
vn -0.346457 0.204724 0.913386 
vn -0.645669 0.165354 0.748031 
vn -0.645669 0.307087 0.700787 
vn -0.645669 0.015748 0.76378 
vn -0.346457 0.535433 0.771654 
vn -0.645669 0.440945 0.629921 
vn 0.346457 0.535433 0.771654 
vn -0.346457 0.677165 0.645669 
vn 0.645669 0.307087 0.700787 
vn 0.645669 0.440945 0.629921 
vn 0.645669 0.165354 0.748031 
vn 0.346457 0.677165 0.645669 
vn 0.346457 0.204724 0.913386 
vn 0.645669 0.015748 0.76378 
vn -0.346457 0.787402 0.503937 
vn -0.645669 0.645669 0.409449 
vn -0.645669 0.716535 0.275591 
vn 0.346457 0.874016 0.338583 
vn 0.346457 -0.771654 0.535433 
vn 0.645669 -0.629921 0.440945 
vn -0.346457 -0.645669 0.677165 
vn -0.645669 -0.409449 0.645669 
vn 0.346457 -0.645669 0.677165 
vn 0.645669 -0.409449 0.645669 
vn 0.346457 -0.503937 0.787402 
vn 0.645669 -0.275591 0.716535 
vn -0.346457 -0.503937 0.787402 
vn -0.645669 -0.275591 0.716535 
vn 0.346457 -0.338583 0.874016 
vn 0.645669 -0.133858 0.755906 
vn -0.346457 -0.338583 0.874016 
vn -0.645669 -0.133858 0.755906 
vn 0.346457 -0.165354 0.92126 
vn -0.346457 -0.165354 0.92126 
vn 0.346457 0.023622 0.937008 
vn -0.346457 0.023622 0.937008 
vn 0 0.023622 1 
vn 0 0.023622 1 
vn 0 0.023622 1 
vn 0 0.023622 1 
vn 0 0.023622 1 
vn 0 0.023622 1 
vn 0 0.023622 1 
vn 0 0.023622 1 
vn 0 0.023622 1 
vn 0 0.023622 1 
vn 0 0.023622 1 
vn 0 0.023622 1 
vn 0 0.023622 1 
vn 0 0.023622 1 
vn 0 0.023622 1 
vn 0 0.023622 1 
vn 0 0.023622 1 
vn 0 0.023622 1 
vn 0 0.023622 1 
vn 0 0.023622 1 
vn 0 0.023622 1 
vn 0.299213 0.724409 0.622047 
vn 0.724409 0.299213 0.622047 
vn 0.354331 0.692913 0.629921 
vn -0.354331 0.692913 0.629921 
vn 0.755906 0.23622 0.614173 
vn -0.299213 0.724409 0.622047 
vn 0.740157 -0.267717 0.614173 
vn -0.724409 0.299213 0.622047 
vn 0.755906 -0.220472 0.614173 
vn -0.755906 0.23622 0.614173 
vn 0.322835 -0.677165 0.661417 
vn 0.338583 -0.669291 0.661417 
vn -0.330709 0.19685 0.92126 
vn -0.645669 -0.133858 0.755906 
vn 0.330709 -0.354331 0.874016 
vn -0.330709 -0.354331 0.874016 
vn -0.645669 -0.425197 0.637795 
vn -0.338583 -0.527559 0.779528 
vn -0.338583 -0.645669 0.685039 
vn -0.637795 -0.519685 0.559055 
vn -0.645669 -0.614173 0.464567 
vn 0.338583 -0.755906 0.566929 
vn -0.338583 -0.755906 0.566929 
vn -0.645669 -0.700787 0.314961 
vn 0.338583 -0.944882 0.015748 
vn -0.645669 -0.76378 0.00787402 
vn -0.330709 -0.88189 -0.338583 
vn -0.637795 -0.645669 -0.417323 
vn -0.338583 -0.787402 -0.511811 
vn -0.637795 -0.566929 -0.519685 
vn -0.338583 -0.692913 -0.637795 
vn -0.645669 -0.425197 -0.629921 
vn 0.377953 -0.401575 -0.834646 
vn -0.330709 -0.527559 -0.779528 
vn -0.330709 0.511811 -0.787402 
vn -0.338583 0.661417 -0.669291 
vn -0.645669 0.417323 -0.645669 
vn -0.637795 0.543307 -0.543307 
vn -0.700787 0.606299 -0.385827 
vn -0.338583 0.76378 -0.543307 
vn -0.637795 0.622047 -0.448819 
vn 0.330709 0.944882 -0.023622 
vn 0.330709 0.866142 -0.377953 
vn -0.653543 0.755906 -0.0314961 
vn 0.645669 0.708661 0.283465 
vn -0.330709 0.88189 0.338583 
vn -0.629921 0.716535 0.299213 
vn -0.622047 0.653543 0.433071 
vn -0.330709 0.771654 0.543307 
vn -0.637795 0.543307 0.535433 
vn 0.338583 0.669291 0.661417 
vn -0.338583 0.669291 0.661417 
vn -0.637795 0.456693 0.622047 
vn -0.338583 0.559055 0.76378 
vn -0.385827 -0.125984 0.913386 
vn -0.645669 -0.244094 0.724409 
vn -0.645669 -0.480315 0.590551 
vn 0.385827 -0.125984 0.913386 
vn -0.330709 -0.598425 0.732283 
vn -0.330709 -0.80315 0.496063 
vn -0.645669 -0.645669 0.401575 
vn -0.330709 -0.92126 0.19685 
vn -0.645669 -0.748031 0.15748 
vn -0.653543 -0.629921 -0.425197 
vn -0.330709 -0.779528 -0.527559 
vn -0.330709 -0.480315 -0.811024 
vn -0.645669 -0.385827 -0.653543 
vn -0.385827 -0.165354 -0.905512 
vn -1 0 0 
vn -1 0 0 
vn -1 0 0 
vn -1 0 0 
vn -1 0 0 
vn -1 0 0 
vn -1 0 0 
vn -1 0 0 
vn -1 0 0 
vn -1 0 0 
vn -1 0 0 
vn -1 0 0 
vn -1 0 0 
vn -1 0 0 
vn -1 0 0 
vn -1 0 0 
vn -1 0 0 
vn -1 0 0 
vn -1 0 0 
vn -1 0 0 
vn -1 0 0 
vn -1 0 0 
vn -1 0 0 
vn -1 0 0 
vn -1 0 0 
vn -1 0 0 
vn -1 0 0 
vn -1 0 0 
vn -1 0 0 
vn -1 0 0 
vn -1 0 0 
vn -1 0 0 
vn -1 0 0 
vn -1 0 0 
vn -1 0 0 
vn -1 0 0 
vn -1 0 0 
vn -1 0 0 
vn -1 0 0 
vn -1 0 0 
vn -1 0 0 
vn -1 0 0 
vn -1 0 0 
vn -1 0 0 
vn -1 0 0 
vn -1 0 0 
vn -1 0 0 
vn -1 0 0 
vn -1 0 0 
vn -1 0 0 
vn -1 0 0 
vn -1 0 0 
vn -1 0 0 
vn -1 0 0 
vn -1 0 0 
vn -1 0 0 
vn -1 0 0 
vn -1 0 0 
vn -1 0 0 
vn -1 0 0 
vn -1 0 0 
vn -1 0 0 
vn -1 0 0 
vn -1 0 0 
vn -1 0 0 
vn -1 0 0 
vn -1 0 0 
vn -1 0 0 
vn -1 0 0 
vn -1 0 0 
vn -1 0 0 
vn -1 0 0 
vn -1 0 0 
vn -1 0 0 
vn -1 0 0 
vn -1 0 0 
vn -1 0 0 
vn -1 0 0 
vn -1 0 0 
vn -1 0 0 
vn -1 0 0 
vn -1 0 0 
vn -1 0 0 
vn -1 0 0 
vn -1 0 0 
vn -1 0 0 
vn -1 0 0 
vn -1 0 0 
vn -1 0 0 
vn -0.433071 -0.897638 0.015748 
vn -0.433071 -0.897638 0.015748 
vn -0.944882 -0.330709 0.00787402 
vn -0.944882 -0.330709 0.00787402 
vn 0.433071 0.897638 -0.015748 
vn -0.944882 0.330709 -0.00787402 
vn 0.433071 0.897638 -0.015748 
vn -0.944882 0.330709 -0.00787402 
vn -0.433071 0.897638 -0.015748 
vn -0.433071 0.897638 -0.015748 
vn 0.346457 0.377953 0.858268 
vn -0.645669 0.165354 0.748031 
vn -0.346457 0.535433 0.771654 
vn -0.645669 0.440945 0.629921 
vn -0.346457 0.677165 0.645669 
vn -0.645669 0.551181 0.527559 
vn -0.346457 0.787402 0.503937 
vn -0.645669 0.645669 0.409449 
vn 0.645669 0.748031 -0.165354 
vn -0.346457 0.858268 -0.377953 
vn -0.346457 0.771654 -0.535433 
vn -0.645669 0.629921 -0.440945 
vn -0.645669 0.527559 -0.551181 
vn -0.346457 0.645669 -0.677165 
vn -0.645669 0.409449 -0.645669 
vn -0.346457 0.503937 -0.787402 
vn -0.645669 0.275591 -0.716535 
vn -0.346457 0.338583 -0.874016 
vn -0.645669 -0.165354 -0.748031 
vn -0.346457 -0.377953 -0.858268 
vn -0.346457 -0.535433 -0.771654 
vn -0.645669 -0.440945 -0.629921 
vn -0.645669 -0.551181 -0.527559 
vn -0.346457 -0.677165 -0.645669 
vn -0.338583 -0.740157 -0.582677 
vn -0.637795 -0.606299 -0.472441 
vn 0.645669 -0.645669 -0.409449 
vn -0.346457 -0.787402 -0.503937 
vn -0.645669 -0.645669 -0.409449 
vn -0.645669 -0.755906 -0.133858 
vn -0.346457 -0.937008 0.015748 
vn -0.346457 -0.913386 0.204724 
vn 0.645669 -0.748031 0.165354 
vn -0.346457 -0.858268 0.377953 
vn -0.645669 -0.700787 0.307087 
vn -0.346457 -0.771654 0.535433 
vn -0.645669 -0.629921 0.440945 
vn -0.645669 -0.527559 0.551181 
vn -0.346457 -0.645669 0.677165 
vn -0.645669 -0.409449 0.645669 
vn -0.346457 -0.503937 0.787402 
vn 0 0.023622 1 
vn -0.724409 0.299213 0.622047 
vn -0.755906 0.23622 0.614173 
vn -0.740157 -0.267717 0.614173 
vn -0.755906 -0.220472 0.614173 
vn -0.338583 -0.669291 0.661417 
vn -0.322835 -0.677165 0.661417 
vn 0.645669 -0.133858 0.755906 
vn 0.645669 -0.425197 0.637795 
vn -0.645669 -0.425197 0.637795 
vn 0.338583 -0.527559 0.779528 
vn 0.338583 -0.645669 0.685039 
vn -0.338583 -0.527559 0.779528 
vn 0.645669 -0.614173 0.464567 
vn -0.338583 -0.645669 0.685039 
vn -0.645669 -0.614173 0.464567 
vn 0.338583 -0.755906 0.566929 
vn -0.338583 -0.755906 0.566929 
vn 0.330709 -0.858268 0.385827 
vn 0.637795 -0.700787 0.307087 
vn -0.330709 -0.858268 0.385827 
vn -0.645669 -0.700787 0.314961 
vn 0.338583 -0.92126 0.19685 
vn 0.637795 -0.748031 0.165354 
vn -0.338583 -0.92126 0.19685 
vn -0.637795 -0.748031 0.15748 
vn 0.338583 -0.944882 0.015748 
vn 0.645669 -0.76378 0.00787402 
vn 0.637795 -0.755906 -0.133858 
vn -0.330709 -0.944882 0.00787402 
vn -0.645669 -0.76378 0.00787402 
vn -0.637795 -0.755906 -0.133858 
vn 0.338583 -0.929134 -0.165354 
vn 0.645669 -0.716535 -0.275591 
vn -0.338583 -0.929134 -0.165354 
vn -0.645669 -0.716535 -0.275591 
vn 0.330709 -0.88189 -0.338583 
vn 0.637795 -0.645669 -0.417323 
vn -0.330709 -0.88189 -0.338583 
vn -0.637795 -0.645669 -0.417323 
vn 0.338583 -0.787402 -0.511811 
vn -0.338583 -0.787402 -0.511811 
vn 0.338583 -0.692913 -0.637795 
vn -0.338583 -0.692913 -0.637795 
vn 0.330709 -0.527559 -0.779528 
vn 0.377953 -0.401575 -0.834646 
vn -0.330709 -0.527559 -0.779528 
vn 0.330709 -0.598425 0.732283 
vn -0.330709 -0.598425 0.732283 
vn 0.330709 -0.80315 0.496063 
vn 0.645669 -0.645669 0.401575 
vn -0.330709 -0.80315 0.496063 
vn -0.645669 -0.645669 0.401575 
vn 0.330709 -0.92126 0.19685 
vn 0.645669 -0.748031 0.15748 
vn -0.330709 -0.92126 0.19685 
vn -0.645669 -0.748031 0.15748 
vn 0.330709 -0.929134 -0.141732 
vn 0.645669 -0.755906 -0.11811 
vn -0.330709 -0.929134 -0.141732 
vn -0.645669 -0.755906 -0.11811 
vn 0.653543 -0.629921 -0.425197 
vn -0.653543 -0.629921 -0.425197 
vn 0.330709 -0.779528 -0.527559 
vn -0.330709 -0.779528 -0.527559 
vn 0.645669 -0.385827 -0.653543 
vn -0.385827 -0.92126 0.015748 
vn -0.385827 -0.92126 0.015748 
vn 0.385827 -0.92126 0.015748 
vn -0.637795 -0.771654 0.015748 
vn -0.637795 -0.771654 0.015748 
vn 0.385827 -0.92126 0.015748 
vn 0.637795 -0.771654 0.015748 
vn 0.637795 -0.771654 0.015748 
vn 0.385827 -0.92126 0.015748 
vn -0.377953 -0.929134 0.015748 
vn -0.385827 -0.92126 0.015748 
vn -0.637795 -0.771654 0.015748 
vn -0.637795 -0.771654 0.015748 
vn 0.377953 -0.929134 0.015748 
vn 0.637795 -0.771654 0.015748 
vn 0.637795 -0.771654 0.015748 
vn 0.433071 -0.897638 0.015748 
vn 0.944882 -0.330709 0.00787402 
vn 0.433071 -0.897638 0.015748 
vn -0.433071 -0.897638 0.015748 
vn 0.944882 -0.330709 0.00787402 
vn -0.433071 -0.897638 0.015748 
vn -0.645669 0.165354 0.748031 
vn -0.645669 -0.165354 -0.748031 
vn -0.645669 -0.440945 -0.629921 
vn -0.645669 -0.551181 -0.527559 
vn -0.346457 -0.677165 -0.645669 
vn -0.338583 -0.740157 -0.582677 
vn 0.346457 -0.677165 -0.645669 
vn 0.346457 -0.787402 -0.503937 
vn 0.645669 -0.645669 -0.409449 
vn -0.346457 -0.787402 -0.503937 
vn -0.645669 -0.645669 -0.409449 
vn 0.645669 -0.716535 -0.275591 
vn -0.645669 -0.716535 -0.275591 
vn -0.346457 -0.874016 -0.338583 
vn -0.637795 -0.740157 -0.204724 
vn 0.346457 -0.874016 -0.338583 
vn 0.645669 -0.755906 -0.133858 
vn -0.338583 -0.905512 -0.251969 
vn -0.645669 -0.755906 -0.133858 
vn 0.346457 -0.92126 -0.165354 
vn 0.645669 -0.76378 0.015748 
vn -0.346457 -0.92126 -0.165354 
vn -0.645669 -0.76378 0.015748 
vn 0.346457 -0.937008 0.015748 
vn 0.637795 -0.76378 0.0944882 
vn -0.346457 -0.937008 0.015748 
vn 0.338583 -0.937008 0.110236 
vn -0.346457 -0.913386 0.204724 
vn -0.645669 -0.748031 0.165354 
vn 0.346457 -0.913386 0.204724 
vn 0.645669 -0.748031 0.165354 
vn -0.346457 -0.858268 0.377953 
vn -0.645669 -0.700787 0.307087 
vn 0.346457 -0.858268 0.377953 
vn 0.645669 -0.700787 0.307087 
vn -0.346457 -0.771654 0.535433 
vn -0.645669 -0.629921 0.440945 
vn 0.346457 -0.771654 0.535433 
vn 0.645669 -0.629921 0.440945 
vn -0.346457 -0.645669 0.677165 
vn -0.645669 -0.409449 0.645669 
vn 0.346457 -0.645669 0.677165 
vn -0.346457 -0.503937 0.787402 
vn 0.645669 -0.133858 0.755906 
vn 0 0.023622 1 
vn 0.322835 -0.677165 0.661417 
vn 0.338583 -0.669291 0.661417 
vn -0.338583 -0.669291 0.661417 
vn -0.322835 -0.677165 0.661417 
vn 0.637795 -0.645669 -0.417323 
vn -0.637795 -0.645669 -0.417323 
vn 0.338583 -0.692913 -0.637795 
vn 0.645669 -0.425197 -0.629921 
vn -0.338583 -0.692913 -0.637795 
vn -0.645669 -0.425197 -0.629921 
vn 0.330709 -0.527559 -0.779528 
vn 0.377953 -0.401575 -0.834646 
vn 0.637795 -0.330709 -0.692913 
vn -0.330709 -0.527559 -0.779528 
vn -0.377953 -0.401575 -0.834646 
vn -0.637795 -0.330709 -0.692913 
vn 0.338583 0.661417 -0.669291 
vn -0.330709 0.511811 -0.787402 
vn -0.338583 0.661417 -0.669291 
vn -0.645669 0.417323 -0.645669 
vn -0.433071 0.76378 -0.488189 
vn -0.700787 0.606299 -0.385827 
vn 0.433071 0.76378 -0.488189 
vn 0.700787 0.606299 -0.385827 
vn 0.645669 0.417323 -0.645669 
vn 0.330709 0.511811 -0.787402 
vn -0.645669 0.700787 -0.307087 
vn 0.645669 -0.748031 0.15748 
vn -0.645669 -0.748031 0.15748 
vn -0.653543 -0.629921 -0.425197 
vn 0.330709 -0.779528 -0.527559 
vn -0.330709 -0.779528 -0.527559 
vn -0.330709 -0.480315 -0.811024 
vn 0.330709 -0.480315 -0.811024 
vn 0.645669 -0.385827 -0.653543 
vn -0.645669 -0.385827 -0.653543 
vn 0.338583 -0.251969 -0.905512 
vn 0.637795 -0.204724 -0.740157 
vn -0.338583 -0.251969 -0.905512 
vn -0.637795 -0.204724 -0.740157 
vn 0.385827 -0.165354 -0.905512 
vn 0.637795 -0.141732 -0.755906 
vn -0.385827 -0.165354 -0.905512 
vn -0.637795 -0.141732 -0.755906 
vn -0.346457 0.858268 -0.377953 
vn 0.645669 0.629921 -0.440945 
vn -0.346457 0.771654 -0.535433 
vn -0.645669 0.629921 -0.440945 
vn 0.346457 0.645669 -0.677165 
vn 0.645669 0.409449 -0.645669 
vn -0.346457 0.645669 -0.677165 
vn -0.645669 0.409449 -0.645669 
vn -0.346457 0.503937 -0.787402 
vn -0.645669 0.275591 -0.716535 
vn 0.346457 0.503937 -0.787402 
vn 0.645669 0.275591 -0.716535 
vn -0.346457 0.338583 -0.874016 
vn -0.645669 0.133858 -0.755906 
vn 0.346457 0.338583 -0.874016 
vn 0.645669 0.133858 -0.755906 
vn -0.346457 0.165354 -0.92126 
vn -0.645669 -0.015748 -0.76378 
vn 0.346457 0.165354 -0.92126 
vn 0.645669 -0.015748 -0.76378 
vn -0.346457 -0.015748 -0.937008 
vn 0.346457 -0.015748 -0.937008 
vn -0.346457 -0.204724 -0.913386 
vn -0.645669 -0.165354 -0.748031 
vn 0.346457 -0.204724 -0.913386 
vn 0.645669 -0.165354 -0.748031 
vn -0.346457 -0.377953 -0.858268 
vn -0.645669 -0.307087 -0.700787 
vn 0.346457 -0.377953 -0.858268 
vn 0.645669 -0.307087 -0.700787 
vn -0.346457 -0.535433 -0.771654 
vn -0.645669 -0.440945 -0.629921 
vn 0.346457 -0.535433 -0.771654 
vn -0.645669 -0.551181 -0.527559 
vn 0.645669 -0.440945 -0.629921 
vn -0.346457 -0.677165 -0.645669 
vn 0.346457 -0.677165 -0.645669 

vt 0.0684443 1.0813 
vt 0.0682832 1.07813 
vt 0.0693794 1.07722 
vt 0.0689709 1.07693 
vt 0.0697445 1.07602 
vt 0.0701011 1.07636 
vt 0.0710192 1.07554 
vt 0.0707267 1.07514 
vt 0.0718439 1.07449 
vt 0.0720648 1.07494 
vt 0.0743734 1.07401 
vt 0.0744013 1.07451 
vt 0.0768537 1.0745 
vt 0.0776658 1.07553 
vt 0.0779465 1.07512 
vt 0.0785586 1.07626 
vt 0.0789042 1.0759 
vt 0.0793298 1.07714 
vt 0.0797516 1.07686 
vt 0.0804352 1.07837 
vt 0.0801153 1.07886 
vt 0.0789042 1.08471 
vt 0.0801319 1.08192 
vt 0.0801319 1.08192 
vt 0.0793377 1.08346 
vt 0.0797516 1.08374 
vt 0.0785586 1.08435 
vt 0.0779465 1.08549 
vt 0.0776658 1.08508 
vt 0.0768537 1.08611 
vt 0.0744735 1.08608 
vt 0.0743734 1.0861 
vt 0.0720378 1.08565 
vt 0.0710192 1.08506 
vt 0.0707267 1.08547 
vt 0.0697445 1.08459 
vt 0.0701011 1.08424 
vt 0.0693794 1.08339 
vt 0.0689709 1.08368 
vt 0.0682832 1.08247 
vt 0.0825602 1.07837 
vt 0.0825602 1.07837 
vt 0.0833377 1.07667 
vt 0.0829828 1.07886 
vt 0.0836492 1.07614 
vt 0.0832655 1.07582 
vt 0.083816 1.07536 
vt 0.084073 1.07579 
vt 0.0842992 1.0757 
vt 0.0852715 1.07586 
vt 0.0855679 1.07544 
vt 0.0860484 1.07602 
vt 0.0856087 1.07627 
vt 0.0865903 1.07837 
vt 0.0861676 1.07886 
vt 0.088877 1.07837 
vt 0.0865903 1.07837 
vt 0.0861676 1.07886 
vt 0.0918036 1.08192 
vt 0.0923415 1.07868 
vt 0.0923415 1.08155 
vt 0.0920737 1.08185 
vt 0.092219 1.08175 
vt 0.0893353 1.07886 
vt 0.0894244 1.07776 
vt 0.0861676 1.07886 
vt 0.0920218 1.07651 
vt 0.0895697 1.07693 
vt 0.0897396 1.0764 
vt 0.0801319 1.08192 
vt 0.0917704 1.07613 
vt 0.0910407 1.07573 
vt 0.0912948 1.0758 
vt 0.0906034 1.07573 
vt 0.0902604 1.07585 
vt 0.089949 1.07608 
vt 0.0829828 1.07886 
vt 0.0858674 1.07701 
vt 0.0833377 1.07667 
vt 0.0836492 1.07614 
vt 0.0856087 1.07627 
vt 0.0848373 1.0757 
vt 0.0852715 1.07586 
vt 0.084073 1.07579 
vt 0.0842992 1.0757 
vt 0.0801153 1.07886 
vt 0.0781548 1.08038 
vt 0.0780799 1.07962 
vt 0.0780799 1.08115 
vt 0.0778575 1.07889 
vt 0.0778575 1.08188 
vt 0.0793298 1.07714 
vt 0.0793377 1.08346 
vt 0.0774964 1.07821 
vt 0.0774964 1.08255 
vt 0.0785586 1.07626 
vt 0.0785586 1.08435 
vt 0.0770105 1.07762 
vt 0.0770105 1.08315 
vt 0.0776658 1.07553 
vt 0.0776658 1.08508 
vt 0.0764186 1.07714 
vt 0.0764186 1.08363 
vt 0.0766621 1.07496 
vt 0.0766621 1.08564 
vt 0.0757431 1.07677 
vt 0.0757431 1.08399 
vt 0.075577 1.07466 
vt 0.0755737 1.08595 
vt 0.0750103 1.07655 
vt 0.0750103 1.08422 
vt 0.0744013 1.07451 
vt 0.0743734 1.0861 
vt 0.0742482 1.07648 
vt 0.0743734 1.08428 
vt 0.0730841 1.07466 
vt 0.0742482 1.08429 
vt 0.0734862 1.07655 
vt 0.0731749 1.08597 
vt 0.0730841 1.07667 
vt 0.0734862 1.08422 
vt 0.0720648 1.07494 
vt 0.0727533 1.08399 
vt 0.0727533 1.07677 
vt 0.0720378 1.08565 
vt 0.0710192 1.07554 
vt 0.0720779 1.08363 
vt 0.0720779 1.07714 
vt 0.0710192 1.08506 
vt 0.0714859 1.07762 
vt 0.0714859 1.08315 
vt 0.0701011 1.07636 
vt 0.0701011 1.08424 
vt 0.0710001 1.07821 
vt 0.0710001 1.08255 
vt 0.0693794 1.07722 
vt 0.0693794 1.08339 
vt 0.070639 1.07889 
vt 0.070639 1.08188 
vt 0.0687418 1.07833 
vt 0.0687418 1.08227 
vt 0.0704166 1.07962 
vt 0.0704166 1.08115 
vt 0.0684443 1.0793 
vt 0.0684443 1.0813 
vt 0.0683557 1.0803 
vt 0.0703417 1.08038 
vt 0.0905473 1.0713 
vt 0.0905473 1.07506 
vt 0.0865227 1.0713 
vt 0.0905473 1.0713 
vt 0.0865227 1.07506 
vt 0.0905473 1.08541 
vt 0.0865227 1.08541 
vt 0.0865227 1.08729 
vt 0.0905473 1.08729 
vt 0.0773964 1.07908 
vt 0.0770814 1.07849 
vt 0.0774964 1.07821 
vt 0.0766579 1.07797 
vt 0.0770105 1.07762 
vt 0.0761415 1.07755 
vt 0.0764186 1.07714 
vt 0.0757431 1.07677 
vt 0.0755522 1.07724 
vt 0.0734862 1.07655 
vt 0.0729443 1.07724 
vt 0.072355 1.07755 
vt 0.0720779 1.07714 
vt 0.0714859 1.07762 
vt 0.0718388 1.07797 
vt 0.0710001 1.07821 
vt 0.071415 1.07849 
vt 0.0708406 1.08038 
vt 0.0704166 1.08115 
vt 0.0704166 1.08115 
vt 0.071415 1.08228 
vt 0.0710001 1.08255 
vt 0.0714859 1.08315 
vt 0.0718388 1.08279 
vt 0.072355 1.08322 
vt 0.0720779 1.08363 
vt 0.0761415 1.08322 
vt 0.0764186 1.08363 
vt 0.0770105 1.08315 
vt 0.0774964 1.08255 
vt 0.0766579 1.08279 
vt 0.0774964 1.08255 
vt 0.0770814 1.08228 
vt 0.0846404 1.08604 
vt 0.0846404 1.07584 
vt 0.0846404 1.07271 
vt 0.0846404 1.08604 
vt 0.0865227 1.08541 
vt 0.0865227 1.08729 
vt 0.0846404 1.08447 
vt 0.0865227 1.07506 
vt 0.0846404 1.07584 
vt 0.0797815 1.08049 
vt 0.0805983 1.07964 
vt 0.0805983 1.08049 
vt 0.0805983 1.07896 
vt 0.0811942 1.07926 
vt 0.0811942 1.06759 
vt 0.0805983 1.06753 
vt 0.0805983 1.08145 
vt 0.0811942 1.08173 
vt 0.0797815 1.07896 
vt 0.0797815 1.06753 
vt 0.0791856 1.06759 
vt 0.0791856 1.07926 
vt 0.0797815 1.07964 
vt 0.0797815 1.08145 
vt 0.0791856 1.08173 
vt 0.0797815 1.08254 
vt 0.0791856 1.08273 
vt 0.0805983 1.08254 
vt 0.0811942 1.08273 
vt 0.0797815 1.08372 
vt 0.0791856 1.08382 
vt 0.0805983 1.08372 
vt 0.0811942 1.08382 
vt 0.0811942 1.08492 
vt 0.0797815 1.08502 
vt 0.0791856 1.08502 
vt 0.0791856 1.08622 
vt 0.0805983 1.08502 
vt 0.0811942 1.08631 
vt 0.0797815 1.08631 
vt 0.0791856 1.08736 
vt 0.0805983 1.08631 
vt 0.0805983 1.08755 
vt 0.0811942 1.08755 
vt 0.0797815 1.08755 
vt 0.0811942 1.08823 
vt 0.0791856 1.08837 
vt 0.0805983 1.08867 
vt 0.0797815 1.08867 
vt 0.0797815 1.08965 
vt 0.0791856 1.09001 
vt 0.0805983 1.08965 
vt 0.0811942 1.09001 
vt 0.0740761 1.07287 
vt 0.0740761 1.06885 
vt 0.0861224 1.07287 
vt 0.0861224 1.06885 
vt 0.0811942 1.08131 
vt 0.0797815 1.08231 
vt 0.0805983 1.08274 
vt 0.0791856 1.0819 
vt 0.0797815 1.08274 
vt 0.0797815 1.08325 
vt 0.0791856 1.08298 
vt 0.0791856 1.08365 
vt 0.0805983 1.08325 
vt 0.0811942 1.08298 
vt 0.0811942 1.08365 
vt 0.0797815 1.08384 
vt 0.0791856 1.08438 
vt 0.0805983 1.08384 
vt 0.0811942 1.08438 
vt 0.0797815 1.08448 
vt 0.0791856 1.08515 
vt 0.0805983 1.08448 
vt 0.0811942 1.08515 
vt 0.0797815 1.08515 
vt 0.0805983 1.08515 
vt 0.0797815 1.08581 
vt 0.0791856 1.08591 
vt 0.0805983 1.08581 
vt 0.0811942 1.08591 
vt 0.0797815 1.08631 
vt 0.0791856 1.08631 
vt 0.0805983 1.08645 
vt 0.0811942 1.08664 
vt 0.0797815 1.08645 
vt 0.0791856 1.08664 
vt 0.0797815 1.08704 
vt 0.0791856 1.08732 
vt 0.0805983 1.08704 
vt 0.0811942 1.08732 
vt 0.0797815 1.08756 
vt 0.0805983 1.08756 
vt 0.0791856 1.08875 
vt 0.0750801 1.07475 
vt 0.0750801 1.07475 
vt 0.0740761 1.07287 
vt 0.0861224 1.07287 
vt 0.0851187 1.07475 
vt 0.0796003 1.0814 
vt 0.0790043 1.08227 
vt 0.0790043 1.0813 
vt 0.0804171 1.0803 
vt 0.081013 1.0813 
vt 0.0804171 1.0814 
vt 0.081013 1.0803 
vt 0.081013 1.0793 
vt 0.0796003 1.0803 
vt 0.0790043 1.0803 
vt 0.0790043 1.0793 
vt 0.0804171 1.07921 
vt 0.081013 1.07833 
vt 0.0796003 1.07921 
vt 0.0790043 1.07833 
vt 0.0804171 1.07813 
vt 0.081013 1.07722 
vt 0.0796003 1.07813 
vt 0.0790043 1.07722 
vt 0.0804171 1.07693 
vt 0.0804171 1.07602 
vt 0.0796003 1.07693 
vt 0.0796003 1.07602 
vt 0.0796003 1.07514 
vt 0.081013 1.08565 
vt 0.0796003 1.08611 
vt 0.0796003 1.08547 
vt 0.0804171 1.08547 
vt 0.0804171 1.08459 
vt 0.081013 1.08339 
vt 0.0796003 1.08459 
vt 0.0790043 1.08339 
vt 0.0804171 1.08368 
vt 0.0796003 1.08368 
vt 0.0796003 1.08247 
vt 0.0804171 1.08247 
vt 0.081013 1.08227 
vt 0.0804171 1.0765 
vt 0.0796003 1.07837 
vt 0.0796003 1.0765 
vt 0.0790043 1.07667 
vt 0.0790043 1.07886 
vt 0.0790043 1.07614 
vt 0.0804171 1.07837 
vt 0.081013 1.07667 
vt 0.081013 1.07886 
vt 0.081013 1.07614 
vt 0.0804171 1.07582 
vt 0.0796003 1.07582 
vt 0.081013 1.0757 
vt 0.0796003 1.0752 
vt 0.0790043 1.0757 
vt 0.0876282 1.07506 
vt 0.0755819 1.0713 
vt 0.0740761 1.08729 
vt 0.0796003 1.07908 
vt 0.0804171 1.07908 
vt 0.0796003 1.07972 
vt 0.0790043 1.07962 
vt 0.0790043 1.07889 
vt 0.0790043 1.08038 
vt 0.0796003 1.07849 
vt 0.0790043 1.07821 
vt 0.0804171 1.07849 
vt 0.0796003 1.07797 
vt 0.081013 1.07889 
vt 0.081013 1.07821 
vt 0.081013 1.07962 
vt 0.0804171 1.07797 
vt 0.0804171 1.07972 
vt 0.081013 1.08038 
vt 0.0796003 1.07755 
vt 0.0790043 1.07714 
vt 0.0790043 1.07677 
vt 0.0804171 1.07724 
vt 0.0804171 1.08322 
vt 0.081013 1.08363 
vt 0.0796003 1.08279 
vt 0.0790043 1.08255 
vt 0.0804171 1.08279 
vt 0.081013 1.08255 
vt 0.0804171 1.08228 
vt 0.081013 1.08188 
vt 0.0796003 1.08228 
vt 0.0790043 1.08188 
vt 0.0804171 1.08169 
vt 0.081013 1.08115 
vt 0.0796003 1.08169 
vt 0.0790043 1.08115 
vt 0.0804171 1.08105 
vt 0.0796003 1.08105 
vt 0.0804171 1.08038 
vt 0.0796003 1.08038 
vt 0.0851184 1.08604 
vt 0.0802553 1.08447 
vt 0.0863732 1.08447 
vt 0.0818497 1.08381 
vt 0.0800992 1.08454 
vt 0.0825746 1.08206 
vt 0.0750799 1.08604 
vt 0.079943 1.08447 
vt 0.0738251 1.08447 
vt 0.0783488 1.08381 
vt 0.0776237 1.08206 
vt 0.0863732 1.07584 
vt 0.0818497 1.08031 
vt 0.0828925 1.07584 
vt 0.0830748 1.07506 
vt 0.0838637 1.07271 
vt 0.0771235 1.07506 
vt 0.0763346 1.07271 
vt 0.0738251 1.07584 
vt 0.0783488 1.08031 
vt 0.0773058 1.07584 
vt 0.0851184 1.08604 
vt 0.0876282 1.08541 
vt 0.0861224 1.08729 
vt 0.0740761 1.08729 
vt 0.0863732 1.08447 
vt 0.0750799 1.08604 
vt 0.0876282 1.07506 
vt 0.0725703 1.08541 
vt 0.0863732 1.07584 
vt 0.0738251 1.08447 
vt 0.0838637 1.07271 
vt 0.0846167 1.0713 
vt 0.0922445 1.0814 
vt 0.0917542 1.0793 
vt 0.0919153 1.07813 
vt 0.0919153 1.07813 
vt 0.0908192 1.07722 
vt 0.0912277 1.07693 
vt 0.0904541 1.07602 
vt 0.0900974 1.07636 
vt 0.0891794 1.07554 
vt 0.0894718 1.07514 
vt 0.0894718 1.07514 
vt 0.0881608 1.07496 
vt 0.0858251 1.07401 
vt 0.0858296 1.07451 
vt 0.0833448 1.0745 
vt 0.0825327 1.07553 
vt 0.082252 1.07512 
vt 0.0816399 1.07626 
vt 0.0812943 1.0759 
vt 0.0808688 1.07714 
vt 0.0797633 1.07837 
vt 0.080447 1.07686 
vt 0.080447 1.08374 
vt 0.0812943 1.08471 
vt 0.0808608 1.08346 
vt 0.0816399 1.08435 
vt 0.0800666 1.08192 
vt 0.082252 1.08549 
vt 0.0825327 1.08508 
vt 0.0683371 1.08241 
vt 0.0833448 1.08611 
vt 0.085725 1.08608 
vt 0.0881608 1.08565 
vt 0.0883546 1.08611 
vt 0.0883546 1.08559 
vt 0.0890389 1.08519 
vt 0.0894718 1.08547 
vt 0.0900974 1.08424 
vt 0.0904541 1.08459 
vt 0.0904541 1.08459 
vt 0.0908192 1.08339 
vt 0.0912277 1.08368 
vt 0.0776384 1.07837 
vt 0.0768608 1.07667 
vt 0.0765493 1.07614 
vt 0.0776384 1.07837 
vt 0.076933 1.07582 
vt 0.0763825 1.07536 
vt 0.0761255 1.07579 
vt 0.075995 1.0752 
vt 0.0758993 1.0757 
vt 0.074927 1.07586 
vt 0.0746306 1.07544 
vt 0.0741501 1.07602 
vt 0.0745898 1.07627 
vt 0.0736082 1.07837 
vt 0.0816399 1.08435 
vt 0.0827022 1.08255 
vt 0.083188 1.08315 
vt 0.0808608 1.08346 
vt 0.0825327 1.08508 
vt 0.0823411 1.08188 
vt 0.0837799 1.08363 
vt 0.0835365 1.08564 
vt 0.0844554 1.08399 
vt 0.0846215 1.08595 
vt 0.0851882 1.08422 
vt 0.085725 1.08608 
vt 0.0859503 1.08429 
vt 0.0871144 1.08593 
vt 0.0867124 1.08422 
vt 0.0871144 1.08409 
vt 0.0883546 1.08559 
vt 0.0874452 1.08399 
vt 0.0881207 1.08363 
vt 0.0883546 1.08344 
vt 0.0890389 1.08519 
vt 0.0900974 1.08424 
vt 0.0887126 1.08315 
vt 0.0891984 1.08255 
vt 0.0908192 1.08339 
vt 0.0895595 1.08188 
vt 0.0914567 1.08227 
vt 0.0897819 1.08115 
vt 0.0917542 1.0813 
vt 0.0898568 1.08038 
vt 0.0918429 1.0803 
vt 0.0897819 1.07962 
vt 0.0917542 1.0793 
vt 0.0914567 1.07833 
vt 0.0895595 1.07889 
vt 0.0908192 1.07722 
vt 0.0891984 1.07821 
vt 0.0900974 1.07636 
vt 0.0887126 1.07762 
vt 0.0891794 1.07554 
vt 0.0881207 1.07714 
vt 0.0874452 1.07677 
vt 0.0881608 1.07496 
vt 0.0867124 1.07655 
vt 0.0870207 1.07464 
vt 0.0859503 1.07648 
vt 0.0858296 1.07451 
vt 0.0851882 1.07655 
vt 0.0846215 1.07466 
vt 0.0844554 1.07677 
vt 0.0835365 1.07496 
vt 0.0837799 1.07714 
vt 0.0825327 1.07553 
vt 0.083188 1.07762 
vt 0.0816399 1.07626 
vt 0.0827022 1.07821 
vt 0.0808688 1.07714 
vt 0.0823411 1.07889 
vt 0.0800832 1.07886 
vt 0.0821186 1.07962 
vt 0.0820438 1.08038 
vt 0.0800666 1.08192 
vt 0.0821186 1.08115 
vt 0.0772157 1.07886 
vt 0.0740309 1.07886 
vt 0.0743311 1.07701 
vt 0.0768608 1.07667 
vt 0.0683949 1.08192 
vt 0.0765493 1.07614 
vt 0.0708632 1.07886 
vt 0.0745898 1.07627 
vt 0.0753612 1.0757 
vt 0.074927 1.07586 
vt 0.0761255 1.07579 
vt 0.0758993 1.0757 
vt 0.067857 1.07868 
vt 0.0707742 1.07776 
vt 0.067857 1.08155 
vt 0.0681248 1.08185 
vt 0.0679795 1.08175 
vt 0.0681767 1.07651 
vt 0.0706288 1.07693 
vt 0.0704589 1.0764 
vt 0.0684281 1.07613 
vt 0.0691578 1.07573 
vt 0.0689038 1.0758 
vt 0.0695952 1.07573 
vt 0.0699381 1.07585 
vt 0.0702496 1.07608 
vt 0.0696512 1.0713 
vt 0.0736758 1.0713 
vt 0.0736758 1.07506 
vt 0.0696512 1.07506 
vt 0.0736758 1.08729 
vt 0.0736758 1.08541 
vt 0.0696512 1.08729 
vt 0.0696512 1.08541 
vt 0.0736758 1.08729 
vt 0.0696512 1.08729 
vt 0.0828021 1.07908 
vt 0.0821186 1.07962 
vt 0.0831171 1.07849 
vt 0.0827022 1.07821 
vt 0.0835407 1.07797 
vt 0.083188 1.07762 
vt 0.0840571 1.07755 
vt 0.0837799 1.07714 
vt 0.0867124 1.07655 
vt 0.0872542 1.07724 
vt 0.0878435 1.07755 
vt 0.0881207 1.07714 
vt 0.0887126 1.07762 
vt 0.0883597 1.07797 
vt 0.0891984 1.07821 
vt 0.0887835 1.07849 
vt 0.0895595 1.07889 
vt 0.0890985 1.07908 
vt 0.0897819 1.08115 
vt 0.0890985 1.08169 
vt 0.0887835 1.08228 
vt 0.0891984 1.08255 
vt 0.0887126 1.08315 
vt 0.0883597 1.08279 
vt 0.0883546 1.0828 
vt 0.0883546 1.08344 
vt 0.0881207 1.08363 
vt 0.0878435 1.08322 
vt 0.0881207 1.08363 
vt 0.0867124 1.08422 
vt 0.0859503 1.08379 
vt 0.0852855 1.08373 
vt 0.0851882 1.08422 
vt 0.0846463 1.08353 
vt 0.0844554 1.08399 
vt 0.0840571 1.08322 
vt 0.0837799 1.08363 
vt 0.083188 1.08315 
vt 0.0835407 1.08279 
vt 0.0827022 1.08255 
vt 0.0831171 1.08228 
vt 0.0755582 1.07584 
vt 0.0736758 1.08541 
vt 0.0755582 1.08447 
vt 0.0736758 1.07506 
vt 0.0755582 1.07584 
vt 0.0736758 1.0713 
vt 0.0755582 1.07271 
vt 0.081013 1.09095 
vt 0.081013 1.09001 
vt 0.0790043 1.09001 
vt 0.0804171 1.09042 
vt 0.0804171 1.08965 
vt 0.0796003 1.09042 
vt 0.081013 1.08837 
vt 0.0796003 1.08965 
vt 0.0790043 1.08837 
vt 0.0804171 1.08867 
vt 0.0796003 1.08867 
vt 0.0804171 1.08755 
vt 0.081013 1.08733 
vt 0.0796003 1.08755 
vt 0.0790043 1.08736 
vt 0.0804171 1.08631 
vt 0.081013 1.08631 
vt 0.0796003 1.08631 
vt 0.0790043 1.08622 
vt 0.0804171 1.08502 
vt 0.081013 1.08499 
vt 0.081013 1.08382 
vt 0.0796003 1.08502 
vt 0.0790043 1.08502 
vt 0.0790043 1.08382 
vt 0.0804171 1.08372 
vt 0.081013 1.08273 
vt 0.0796003 1.08372 
vt 0.0790043 1.08273 
vt 0.0804171 1.08254 
vt 0.081013 1.08173 
vt 0.0796003 1.08254 
vt 0.0790043 1.08173 
vt 0.0804171 1.08145 
vt 0.0796003 1.08145 
vt 0.0804171 1.08049 
vt 0.0796003 1.08049 
vt 0.0804171 1.07964 
vt 0.0804171 1.07896 
vt 0.0796003 1.07964 
vt 0.0804171 1.07613 
vt 0.0796003 1.07613 
vt 0.0804171 1.07558 
vt 0.081013 1.07532 
vt 0.0796003 1.07558 
vt 0.0790043 1.07532 
vt 0.0804171 1.07519 
vt 0.081013 1.07509 
vt 0.0796003 1.07519 
vt 0.0790043 1.07509 
vt 0.0804171 1.07447 
vt 0.081013 1.07456 
vt 0.0796003 1.07447 
vt 0.0790043 1.07456 
vt 0.081013 1.07412 
vt 0.0790043 1.07412 
vt 0.0804171 1.07383 
vt 0.0796003 1.07383 
vt 0.081013 1.07379 
vt 0.0796003 1.0728 
vt 0.0796003 1.07052 
vt 0.0804171 1.07052 
vt 0.0790043 1.07323 
vt 0.0790043 1.07006 
vt 0.0804171 1.0728 
vt 0.081013 1.07323 
vt 0.081013 1.07006 
vt 0.0804171 1.07683 
vt 0.0796003 1.07896 
vt 0.0796003 1.07683 
vt 0.0790043 1.07928 
vt 0.0790043 1.07641 
vt 0.0804171 1.07896 
vt 0.081013 1.07928 
vt 0.081013 1.07641 
vt 0.0846167 1.06885 
vt 0.0876282 1.06885 
vt 0.0846167 1.07287 
vt 0.0755819 1.06885 
vt 0.0876282 1.07287 
vt 0.0755819 1.07287 
vt 0.0790043 1.08131 
vt 0.0790043 1.08898 
vt 0.0790043 1.08839 
vt 0.0790043 1.08791 
vt 0.0796003 1.08756 
vt 0.0796003 1.08755 
vt 0.0804171 1.08756 
vt 0.0804171 1.08704 
vt 0.081013 1.08732 
vt 0.0796003 1.08704 
vt 0.0790043 1.08732 
vt 0.081013 1.08664 
vt 0.0790043 1.08664 
vt 0.0796003 1.08645 
vt 0.0790043 1.08631 
vt 0.0804171 1.08645 
vt 0.081013 1.08591 
vt 0.0796003 1.08631 
vt 0.0790043 1.08591 
vt 0.0804171 1.08581 
vt 0.081013 1.08515 
vt 0.0796003 1.08581 
vt 0.0790043 1.08515 
vt 0.0804171 1.08515 
vt 0.081013 1.08502 
vt 0.0796003 1.08515 
vt 0.0804171 1.08502 
vt 0.0796003 1.08448 
vt 0.0790043 1.08438 
vt 0.0804171 1.08448 
vt 0.081013 1.08438 
vt 0.0796003 1.08384 
vt 0.0790043 1.08365 
vt 0.0804171 1.08384 
vt 0.081013 1.08365 
vt 0.0796003 1.08325 
vt 0.0790043 1.08298 
vt 0.0804171 1.08325 
vt 0.081013 1.08298 
vt 0.0796003 1.08274 
vt 0.0790043 1.0819 
vt 0.0804171 1.08274 
vt 0.0796003 1.08231 
vt 0.081013 1.08131 
vt 0.0838637 1.07475 
vt 0.0838637 1.07475 
vt 0.0846167 1.07287 
vt 0.0755819 1.07287 
vt 0.0763346 1.07475 
vt 0.0791856 1.07553 
vt 0.0811942 1.07553 
vt 0.0797815 1.0759 
vt 0.0791856 1.07714 
vt 0.0805983 1.0759 
vt 0.0811942 1.07714 
vt 0.0797815 1.07686 
vt 0.0797815 1.07837 
vt 0.0791856 1.07886 
vt 0.0805983 1.07686 
vt 0.0805983 1.07837 
vt 0.0811942 1.07886 
vt 0.0797815 1.08471 
vt 0.0805983 1.08374 
vt 0.0805983 1.08471 
vt 0.0811942 1.08346 
vt 0.0805983 1.08241 
vt 0.0811942 1.08192 
vt 0.0797815 1.08241 
vt 0.0791856 1.08192 
vt 0.0791856 1.08346 
vt 0.0797815 1.08374 
vt 0.0811942 1.08564 
vt 0.0791856 1.0757 
vt 0.0811942 1.0757 
vt 0.0811942 1.07586 
vt 0.0797815 1.07544 
vt 0.0805983 1.07544 
vt 0.0805983 1.07602 
vt 0.0797815 1.07602 
vt 0.0791856 1.07627 
vt 0.0811942 1.07627 
vt 0.0797815 1.07689 
vt 0.0791856 1.07701 
vt 0.0805983 1.07689 
vt 0.0811942 1.07701 
vt 0.0797815 1.07837 
vt 0.0791856 1.07886 
vt 0.0805983 1.07837 
vt 0.0811942 1.07886 
vt 0.0805983 1.07724 
vt 0.0791856 1.07714 
vt 0.0805983 1.07755 
vt 0.0811942 1.07714 
vt 0.0797815 1.07797 
vt 0.0791856 1.07821 
vt 0.0805983 1.07797 
vt 0.0811942 1.07821 
vt 0.0805983 1.07849 
vt 0.0811942 1.07889 
vt 0.0797815 1.07849 
vt 0.0791856 1.07889 
vt 0.0805983 1.07908 
vt 0.0811942 1.07962 
vt 0.0797815 1.07908 
vt 0.0791856 1.07962 
vt 0.0805983 1.07972 
vt 0.0811942 1.08038 
vt 0.0797815 1.07972 
vt 0.0791856 1.08038 
vt 0.0805983 1.08038 
vt 0.0797815 1.08038 
vt 0.0805983 1.08105 
vt 0.0811942 1.08115 
vt 0.0797815 1.08105 
vt 0.0791856 1.08115 
vt 0.0805983 1.08169 
vt 0.0811942 1.08188 
vt 0.0797815 1.08169 
vt 0.0791856 1.08188 
vt 0.0805983 1.08228 
vt 0.0811942 1.08255 
vt 0.0797815 1.08228 
vt 0.0811942 1.08315 
vt 0.0791856 1.08255 
vt 0.0805983 1.08279 
vt 0.0797815 1.08279 

usemtl Meshpart5Mtl

f 1302/1302/1302 1300/1300/1300 1301/1301/1301 
f 1300/1300/1300 1302/1302/1302 1303/1303/1303 
f 1302/1302/1302 1304/1304/1304 1303/1303/1303 
f 1302/1302/1302 1305/1305/1305 1304/1304/1304 
f 1312/1312/1312 1313/1313/1313 1311/1311/1311 
f 1313/1313/1313 1312/1312/1312 1314/1314/1314 
f 1314/1314/1314 1315/1315/1315 1313/1313/1313 
f 1315/1315/1315 1314/1314/1314 1316/1316/1316 
f 1319/1319/1319 1322/1322/1322 1323/1323/1323 
f 1322/1322/1322 1319/1319/1319 1324/1324/1324 
f 1325/1325/1325 1324/1324/1324 1319/1319/1319 
f 1324/1324/1324 1325/1325/1325 1326/1326/1326 
f 1333/1333/1333 1331/1331/1331 1332/1332/1332 
f 1331/1331/1331 1333/1333/1333 1334/1334/1334 
f 1333/1333/1333 1335/1335/1335 1334/1334/1334 
f 1335/1335/1335 1333/1333/1333 1336/1336/1336 
f 1344/1344/1344 1342/1342/1342 1343/1343/1343 
f 1342/1342/1342 1344/1344/1344 1345/1345/1345 
f 1349/1349/1349 1347/1347/1347 1348/1348/1348 
f 1347/1347/1347 1349/1349/1349 1350/1350/1350 
f 1356/1356/1356 1357/1357/1357 1358/1358/1358 
f 1356/1356/1356 1358/1358/1358 1359/1359/1359 
f 1359/1359/1359 1358/1358/1358 1360/1360/1360 
f 1357/1357/1357 1356/1356/1356 1361/1361/1361 
f 1362/1362/1362 1357/1357/1357 1361/1361/1361 
f 1361/1361/1361 1356/1356/1356 1363/1363/1363 
f 1357/1357/1357 1362/1362/1362 1364/1364/1364 
f 1365/1365/1365 1364/1364/1364 1362/1362/1362 
f 1366/1366/1366 1364/1364/1364 1365/1365/1365 
f 1356/1356/1356 1367/1367/1367 1363/1363/1363 
f 1364/1364/1364 1366/1366/1366 1368/1368/1368 
f 1369/1369/1369 1368/1368/1368 1366/1366/1366 
f 1368/1368/1368 1369/1369/1369 1370/1370/1370 
f 1366/1366/1366 1371/1371/1371 1369/1369/1369 
f 1371/1371/1371 1366/1366/1366 1372/1372/1372 
f 1372/1372/1372 1366/1366/1366 1373/1373/1373 
f 1363/1363/1363 1367/1367/1367 1374/1374/1374 
f 1374/1374/1374 1375/1375/1375 1363/1363/1363 
f 1376/1376/1376 1375/1375/1375 1374/1374/1374 
f 1377/1377/1377 1375/1375/1375 1376/1376/1376 
f 1375/1375/1375 1377/1377/1377 1378/1378/1378 
f 1377/1377/1377 1379/1379/1379 1378/1378/1378 
f 1378/1378/1378 1379/1379/1379 1380/1380/1380 
f 1379/1379/1379 1377/1377/1377 1381/1381/1381 
f 1379/1379/1379 1381/1381/1381 1382/1382/1382 
f 1383/1383/1383 1374/1374/1374 1367/1367/1367 
f 1367/1367/1367 1384/1384/1384 1383/1383/1383 
f 1385/1385/1385 1383/1383/1383 1384/1384/1384 
f 1384/1384/1384 1367/1367/1367 1386/1386/1386 
f 1387/1387/1387 1383/1383/1383 1385/1385/1385 
f 1367/1367/1367 1388/1388/1388 1386/1386/1386 
f 1383/1383/1383 1387/1387/1387 1389/1389/1389 
f 1388/1388/1388 1367/1367/1367 1390/1390/1390 
f 1391/1391/1391 1389/1389/1389 1387/1387/1387 
f 1390/1390/1390 1392/1392/1392 1388/1388/1388 
f 1389/1389/1389 1391/1391/1391 1393/1393/1393 
f 1394/1394/1394 1392/1392/1392 1390/1390/1390 
f 1393/1393/1393 1391/1391/1391 1395/1395/1395 
f 1392/1392/1392 1394/1394/1394 1396/1396/1396 
f 1395/1395/1395 1397/1397/1397 1393/1393/1393 
f 1398/1398/1398 1396/1396/1396 1394/1394/1394 
f 1397/1397/1397 1395/1395/1395 1399/1399/1399 
f 1396/1396/1396 1398/1398/1398 1400/1400/1400 
f 1397/1397/1397 1399/1399/1399 1401/1401/1401 
f 1402/1402/1402 1400/1400/1400 1398/1398/1398 
f 1403/1403/1403 1401/1401/1401 1399/1399/1399 
f 1400/1400/1400 1402/1402/1402 1404/1404/1404 
f 1401/1401/1401 1403/1403/1403 1405/1405/1405 
f 1406/1406/1406 1404/1404/1404 1402/1402/1402 
f 1407/1407/1407 1405/1405/1405 1403/1403/1403 
f 1404/1404/1404 1406/1406/1406 1408/1408/1408 
f 1405/1405/1405 1407/1407/1407 1409/1409/1409 
f 1410/1410/1410 1408/1408/1408 1406/1406/1406 
f 1411/1411/1411 1409/1409/1409 1407/1407/1407 
f 1408/1408/1408 1410/1410/1410 1412/1412/1412 
f 1409/1409/1409 1411/1411/1411 1413/1413/1413 
f 1410/1410/1410 1414/1414/1414 1412/1412/1412 
f 1413/1413/1413 1411/1411/1411 1415/1415/1415 
f 1416/1416/1416 1414/1414/1414 1410/1410/1410 
f 1413/1413/1413 1415/1415/1415 1417/1417/1417 
f 1414/1414/1414 1416/1416/1416 1418/1418/1418 
f 1417/1417/1417 1419/1419/1419 1413/1413/1413 
f 1416/1416/1416 1420/1420/1420 1418/1418/1418 
f 1419/1419/1419 1417/1417/1417 1421/1421/1421 
f 1420/1420/1420 1416/1416/1416 1422/1422/1422 
f 1419/1419/1419 1421/1421/1421 1423/1423/1423 
f 1422/1422/1422 1424/1424/1424 1420/1420/1420 
f 1425/1425/1425 1423/1423/1423 1421/1421/1421 
f 1426/1426/1426 1424/1424/1424 1422/1422/1422 
f 1427/1427/1427 1423/1423/1423 1425/1425/1425 
f 1424/1424/1424 1426/1426/1426 1428/1428/1428 
f 1423/1423/1423 1427/1427/1427 1429/1429/1429 
f 1430/1430/1430 1428/1428/1428 1426/1426/1426 
f 1431/1431/1431 1429/1429/1429 1427/1427/1427 
f 1430/1430/1430 1432/1432/1432 1428/1428/1428 
f 1429/1429/1429 1431/1431/1431 1433/1433/1433 
f 1432/1432/1432 1430/1430/1430 1434/1434/1434 
f 1435/1435/1435 1433/1433/1433 1431/1431/1431 
f 1434/1434/1434 1436/1436/1436 1432/1432/1432 
f 1433/1433/1433 1435/1435/1435 1437/1437/1437 
f 1438/1438/1438 1436/1436/1436 1434/1434/1434 
f 1439/1439/1439 1437/1437/1437 1435/1435/1435 
f 1436/1436/1436 1438/1438/1438 1440/1440/1440 
f 1437/1437/1437 1439/1439/1439 1441/1441/1441 
f 1442/1442/1442 1440/1440/1440 1438/1438/1438 
f 1441/1441/1441 1439/1439/1439 1443/1443/1443 
f 1440/1440/1440 1442/1442/1442 1444/1444/1444 
f 1444/1444/1444 1443/1443/1443 1439/1439/1439 
f 1443/1443/1443 1444/1444/1444 1442/1442/1442 
f 1445/1445/1445 1446/1446/1446 1447/1447/1447 
f 1446/1446/1446 1449/1449/1449 1447/1447/1447 
f 1446/1446/1446 1450/1450/1450 1449/1449/1449 
f 1451/1451/1451 1449/1449/1449 1450/1450/1450 
f 1450/1450/1450 1452/1452/1452 1451/1451/1451 
f 1452/1452/1452 1450/1450/1450 1453/1453/1453 
f 1457/1457/1457 1456/1456/1456 1455/1455/1455 
f 1456/1456/1456 1457/1457/1457 1458/1458/1458 
f 1459/1459/1459 1458/1458/1458 1457/1457/1457 
f 1458/1458/1458 1459/1459/1459 1460/1460/1460 
f 1467/1467/1467 1466/1466/1466 1465/1465/1465 
f 1467/1467/1467 1465/1465/1465 1468/1468/1468 
f 1469/1469/1469 1467/1467/1467 1468/1468/1468 
f 1469/1469/1469 1468/1468/1468 1470/1470/1470 
f 1474/1474/1474 1476/1476/1476 1475/1475/1475 
f 1476/1476/1476 1474/1474/1474 1477/1477/1477 
f 1478/1478/1478 1476/1476/1476 1477/1477/1477 
f 1476/1476/1476 1478/1478/1478 1479/1479/1479 
f 1480/1480/1480 1482/1482/1482 1481/1481/1481 
f 1482/1482/1482 1480/1480/1480 1484/1484/1484 
f 1484/1484/1484 1485/1485/1485 1482/1482/1482 
f 1485/1485/1485 1484/1484/1484 1486/1486/1486 
f 1493/1493/1493 1494/1494/1494 1491/1491/1491 
f 1494/1494/1494 1493/1493/1493 1495/1495/1495 
f 1501/1501/1501 1500/1500/1500 1499/1499/1499 
f 1501/1501/1501 1499/1499/1499 1502/1502/1502 
f 1505/1505/1505 1502/1502/1502 1499/1499/1499 
f 1502/1502/1502 1505/1505/1505 1506/1506/1506 
f 1505/1505/1505 1507/1507/1507 1506/1506/1506 
f 1507/1507/1507 1505/1505/1505 1508/1508/1508 
f 1496/1496/1496 1498/1498/1498 1510/1510/1510 
f 1498/1498/1498 1503/1503/1503 1510/1510/1510 
f 1512/1512/1512 1511/1511/1511 1510/1510/1510 
f 1510/1510/1510 1503/1503/1503 1512/1512/1512 
f 1511/1511/1511 1512/1512/1512 1513/1513/1513 
f 1503/1503/1503 1514/1514/1514 1512/1512/1512 
f 1503/1503/1503 1504/1504/1504 1514/1514/1514 
f 1504/1504/1504 1515/1515/1515 1514/1514/1514 
f 1516/1516/1516 1513/1513/1513 1512/1512/1512 
f 1512/1512/1512 1514/1514/1514 1516/1516/1516 
f 1513/1513/1513 1516/1516/1516 1517/1517/1517 
f 1514/1514/1514 1515/1515/1515 1518/1518/1518 
f 1514/1514/1514 1518/1518/1518 1516/1516/1516 
f 1515/1515/1515 1519/1519/1519 1518/1518/1518 
f 1520/1520/1520 1518/1518/1518 1519/1519/1519 
f 1521/1521/1521 1517/1517/1517 1516/1516/1516 
f 1516/1516/1516 1518/1518/1518 1521/1521/1521 
f 1517/1517/1517 1521/1521/1521 1522/1522/1522 
f 1523/1523/1523 1522/1522/1522 1521/1521/1521 
f 1518/1518/1518 1520/1520/1520 1524/1524/1524 
f 1518/1518/1518 1524/1524/1524 1521/1521/1521 
f 1525/1525/1525 1524/1524/1524 1520/1520/1520 
f 1521/1521/1521 1526/1526/1526 1523/1523/1523 
f 1521/1521/1521 1524/1524/1524 1526/1526/1526 
f 1523/1523/1523 1526/1526/1526 1527/1527/1527 
f 1524/1524/1524 1525/1525/1525 1528/1528/1528 
f 1524/1524/1524 1528/1528/1528 1526/1526/1526 
f 1529/1529/1529 1528/1528/1528 1525/1525/1525 
f 1525/1525/1525 1530/1530/1530 1529/1529/1529 
f 1526/1526/1526 1528/1528/1528 1531/1531/1531 
f 1526/1526/1526 1531/1531/1531 1527/1527/1527 
f 1528/1528/1528 1529/1529/1529 1531/1531/1531 
f 1532/1532/1532 1529/1529/1529 1530/1530/1530 
f 1527/1527/1527 1531/1531/1531 1533/1533/1533 
f 1529/1529/1529 1532/1532/1532 1534/1534/1534 
f 1531/1531/1531 1529/1529/1529 1535/1535/1535 
f 1531/1531/1531 1535/1535/1535 1533/1533/1533 
f 1529/1529/1529 1534/1534/1534 1535/1535/1535 
f 1535/1535/1535 1534/1534/1534 1536/1536/1536 
f 1534/1534/1534 1538/1538/1538 1536/1536/1536 
f 1541/1541/1541 1542/1542/1542 1540/1540/1540 
f 1541/1541/1541 1543/1543/1543 1542/1542/1542 
f 1548/1548/1548 1546/1546/1546 1549/1549/1549 
f 1550/1550/1550 1549/1549/1549 1551/1551/1551 
f 1546/1546/1546 1552/1552/1552 1549/1549/1549 
f 1554/1554/1554 1552/1552/1552 1553/1553/1553 
f 1549/1549/1549 1555/1555/1555 1551/1551/1551 
f 1549/1549/1549 1552/1552/1552 1555/1555/1555 
f 1555/1555/1555 1556/1556/1556 1551/1551/1551 
f 1552/1552/1552 1554/1554/1554 1557/1557/1557 
f 1552/1552/1552 1557/1557/1557 1555/1555/1555 
f 1558/1558/1558 1557/1557/1557 1554/1554/1554 
f 1556/1556/1556 1555/1555/1555 1559/1559/1559 
f 1555/1555/1555 1557/1557/1557 1559/1559/1559 
f 1556/1556/1556 1559/1559/1559 1560/1560/1560 
f 1557/1557/1557 1558/1558/1558 1561/1561/1561 
f 1557/1557/1557 1561/1561/1561 1559/1559/1559 
f 1562/1562/1562 1561/1561/1561 1558/1558/1558 
f 1559/1559/1559 1563/1563/1563 1560/1560/1560 
f 1559/1559/1559 1561/1561/1561 1563/1563/1563 
f 1561/1561/1561 1562/1562/1562 1564/1564/1564 
f 1561/1561/1561 1564/1564/1564 1563/1563/1563 
f 1565/1565/1565 1560/1560/1560 1563/1563/1563 
f 1564/1564/1564 1565/1565/1565 1563/1563/1563 
f 1560/1560/1560 1565/1565/1565 1566/1566/1566 
f 1564/1564/1564 1562/1562/1562 1567/1567/1567 
f 1565/1565/1565 1564/1564/1564 1567/1567/1567 
f 1562/1562/1562 1568/1568/1568 1567/1567/1567 
f 1569/1569/1569 1566/1566/1566 1565/1565/1565 
f 1565/1565/1565 1567/1567/1567 1569/1569/1569 
f 1566/1566/1566 1569/1569/1569 1570/1570/1570 
f 1567/1567/1567 1568/1568/1568 1571/1571/1571 
f 1571/1571/1571 1569/1569/1569 1567/1567/1567 
f 1568/1568/1568 1572/1572/1572 1571/1571/1571 
f 1573/1573/1573 1570/1570/1570 1569/1569/1569 
f 1569/1569/1569 1571/1571/1571 1573/1573/1573 
f 1570/1570/1570 1573/1573/1573 1574/1574/1574 
f 1575/1575/1575 1574/1574/1574 1573/1573/1573 
f 1573/1573/1573 1571/1571/1571 1575/1575/1575 
f 1574/1574/1574 1575/1575/1575 1576/1576/1576 
f 1571/1571/1571 1572/1572/1572 1577/1577/1577 
f 1571/1571/1571 1577/1577/1577 1575/1575/1575 
f 1572/1572/1572 1578/1578/1578 1577/1577/1577 
f 1575/1575/1575 1577/1577/1577 1579/1579/1579 
f 1577/1577/1577 1580/1580/1580 1579/1579/1579 
f 1585/1585/1585 1583/1583/1583 1584/1584/1584 
f 1583/1583/1583 1585/1585/1585 1586/1586/1586 
f 1587/1587/1587 1588/1588/1588 1589/1589/1589 
f 1590/1590/1590 1591/1591/1591 1592/1592/1592 
f 1587/1587/1587 1590/1590/1590 1592/1592/1592 
f 1591/1591/1591 1590/1590/1590 1593/1593/1593 
f 1594/1594/1594 1593/1593/1593 1590/1590/1590 
f 1589/1589/1589 1595/1595/1595 1587/1587/1587 
f 1590/1590/1590 1587/1587/1587 1595/1595/1595 
f 1595/1595/1595 1589/1589/1589 1596/1596/1596 
f 1597/1597/1597 1595/1595/1595 1596/1596/1596 
f 1590/1590/1590 1598/1598/1598 1594/1594/1594 
f 1598/1598/1598 1590/1590/1590 1595/1595/1595 
f 1599/1599/1599 1594/1594/1594 1598/1598/1598 
f 1595/1595/1595 1597/1597/1597 1600/1600/1600 
f 1600/1600/1600 1598/1598/1598 1595/1595/1595 
f 1601/1601/1601 1600/1600/1600 1597/1597/1597 
f 1602/1602/1602 1599/1599/1599 1598/1598/1598 
f 1602/1602/1602 1598/1598/1598 1600/1600/1600 
f 1603/1603/1603 1599/1599/1599 1602/1602/1602 
f 1600/1600/1600 1601/1601/1601 1604/1604/1604 
f 1604/1604/1604 1602/1602/1602 1600/1600/1600 
f 1605/1605/1605 1604/1604/1604 1601/1601/1601 
f 1606/1606/1606 1603/1603/1603 1602/1602/1602 
f 1606/1606/1606 1602/1602/1602 1604/1604/1604 
f 1608/1608/1608 1606/1606/1606 1604/1604/1604 
f 1604/1604/1604 1605/1605/1605 1608/1608/1608 
f 1607/1607/1607 1606/1606/1606 1608/1608/1608 
f 1609/1609/1609 1607/1607/1607 1608/1608/1608 
f 1617/1617/1617 1619/1619/1619 1615/1615/1615 
f 1619/1619/1619 1617/1617/1617 1620/1620/1620 
f 1621/1621/1621 1620/1620/1620 1618/1618/1618 
f 1622/1622/1622 1616/1616/1616 1619/1619/1619 
f 1620/1620/1620 1622/1622/1622 1619/1619/1619 
f 1622/1622/1622 1620/1620/1620 1621/1621/1621 
f 1616/1616/1616 1622/1622/1622 1623/1623/1623 
f 1621/1621/1621 1618/1618/1618 1588/1588/1588 
f 1592/1592/1592 1623/1623/1623 1622/1622/1622 
f 1621/1621/1621 1592/1592/1592 1622/1622/1622 
f 1623/1623/1623 1592/1592/1592 1591/1591/1591 
f 1588/1588/1588 1587/1587/1587 1621/1621/1621 
f 1592/1592/1592 1621/1621/1621 1587/1587/1587 
f 1624/1624/1624 1625/1625/1625 1626/1626/1626 
f 1627/1627/1627 1625/1625/1625 1628/1628/1628 
f 1625/1625/1625 1627/1627/1627 1626/1626/1626 
f 1629/1629/1629 1626/1626/1626 1627/1627/1627 
f 1625/1625/1625 1624/1624/1624 1630/1630/1630 
f 1631/1631/1631 1630/1630/1630 1624/1624/1624 
f 1631/1631/1631 1632/1632/1632 1630/1630/1630 
f 1624/1624/1624 1633/1633/1633 1631/1631/1631 
f 1626/1626/1626 1634/1634/1634 1624/1624/1624 
f 1633/1633/1633 1624/1624/1624 1634/1634/1634 
f 1626/1626/1626 1629/1629/1629 1635/1635/1635 
f 1634/1634/1634 1626/1626/1626 1635/1635/1635 
f 1642/1642/1642 1643/1643/1643 1644/1644/1644 
f 1645/1645/1645 1642/1642/1642 1644/1644/1644 
f 1642/1642/1642 1645/1645/1645 1646/1646/1646 
f 1644/1644/1644 1647/1647/1647 1645/1645/1645 
f 1646/1646/1646 1648/1648/1648 1642/1642/1642 
f 1648/1648/1648 1646/1646/1646 1649/1649/1649 
f 1648/1648/1648 1650/1650/1650 1642/1642/1642 
f 1650/1650/1650 1643/1643/1643 1642/1642/1642 
f 1650/1650/1650 1652/1652/1652 1643/1643/1643 
f 1652/1652/1652 1650/1650/1650 1653/1653/1653 
f 1654/1654/1654 1643/1643/1643 1652/1652/1652 
f 1648/1648/1648 1655/1655/1655 1650/1650/1650 
f 1655/1655/1655 1648/1648/1648 1651/1651/1651 
f 1643/1643/1643 1654/1654/1654 1656/1656/1656 
f 1643/1643/1643 1656/1656/1656 1644/1644/1644 
f 1657/1657/1657 1656/1656/1656 1654/1654/1654 
f 1668/1668/1668 1666/1666/1666 1664/1664/1664 
f 1669/1669/1669 1667/1667/1667 1668/1668/1668 
f 1670/1670/1670 1668/1668/1668 1664/1664/1664 
f 1671/1671/1671 1670/1670/1670 1665/1665/1665 
f 1672/1672/1672 1669/1669/1669 1668/1668/1668 
f 1672/1672/1672 1668/1668/1668 1670/1670/1670 
f 1673/1673/1673 1669/1669/1669 1672/1672/1672 
f 1670/1670/1670 1671/1671/1671 1674/1674/1674 
f 1674/1674/1674 1672/1672/1672 1670/1670/1670 
f 1675/1675/1675 1674/1674/1674 1671/1671/1671 
f 1676/1676/1676 1673/1673/1673 1672/1672/1672 
f 1676/1676/1676 1672/1672/1672 1674/1674/1674 
f 1657/1657/1657 1673/1673/1673 1676/1676/1676 
f 1674/1674/1674 1675/1675/1675 1677/1677/1677 
f 1677/1677/1677 1676/1676/1676 1674/1674/1674 
f 1647/1647/1647 1677/1677/1677 1675/1675/1675 
f 1678/1678/1678 1657/1657/1657 1676/1676/1676 
f 1678/1678/1678 1676/1676/1676 1677/1677/1677 
f 1656/1656/1656 1657/1657/1657 1678/1678/1678 
f 1677/1677/1677 1647/1647/1647 1679/1679/1679 
f 1679/1679/1679 1678/1678/1678 1677/1677/1677 
f 1656/1656/1656 1678/1678/1678 1679/1679/1679 
f 1647/1647/1647 1644/1644/1644 1679/1679/1679 
f 1644/1644/1644 1656/1656/1656 1679/1679/1679 
f 1680/1680/1680 1681/1681/1681 1682/1682/1682 
f 1682/1682/1682 1681/1681/1681 1683/1683/1683 
f 1681/1681/1681 1680/1680/1680 1684/1684/1684 
f 1685/1685/1685 1682/1682/1682 1683/1683/1683 
f 1680/1680/1680 1686/1686/1686 1684/1684/1684 
f 1686/1686/1686 1687/1687/1687 1684/1684/1684 
f 1687/1687/1687 1686/1686/1686 1688/1688/1688 
f 1687/1687/1687 1688/1688/1688 1689/1689/1689 
f 1688/1688/1688 1690/1690/1690 1689/1689/1689 
f 1691/1691/1691 1682/1682/1682 1685/1685/1685 
f 1692/1692/1692 1691/1691/1691 1685/1685/1685 
f 1691/1691/1691 1692/1692/1692 1693/1693/1693 
f 1694/1694/1694 1691/1691/1691 1693/1693/1693 
f 1691/1691/1691 1694/1694/1694 1695/1695/1695 
f 1696/1696/1696 1695/1695/1695 1694/1694/1694 
f 1695/1695/1695 1696/1696/1696 1697/1697/1697 
f 1698/1698/1698 1690/1690/1690 1688/1688/1688 
f 1696/1696/1696 1698/1698/1698 1697/1697/1697 
f 1698/1698/1698 1699/1699/1699 1690/1690/1690 
f 1700/1700/1700 1698/1698/1698 1696/1696/1696 
f 1699/1699/1699 1698/1698/1698 1700/1700/1700 
f 1701/1701/1701 1702/1702/1702 1703/1703/1703 
f 1702/1702/1702 1701/1701/1701 1705/1705/1705 
f 1708/1708/1708 1706/1706/1706 1704/1704/1704 
f 1706/1706/1706 1708/1708/1708 1710/1710/1710 
f 1711/1711/1711 1707/1707/1707 1709/1709/1709 
f 1707/1707/1707 1711/1711/1711 1712/1712/1712 
f 1717/1717/1717 1719/1719/1719 1718/1718/1718 
f 1719/1719/1719 1717/1717/1717 1720/1720/1720 
f 1721/1721/1721 1719/1719/1719 1720/1720/1720 
f 1719/1719/1719 1721/1721/1721 1723/1723/1723 
f 1730/1730/1730 1729/1729/1729 1728/1728/1728 
f 1729/1729/1729 1730/1730/1730 1731/1731/1731 
f 1732/1732/1732 1731/1731/1731 1730/1730/1730 
f 1731/1731/1731 1732/1732/1732 1734/1734/1734 
f 1737/1737/1737 1736/1736/1736 1735/1735/1735 
f 1736/1736/1736 1737/1737/1737 1738/1738/1738 
f 1738/1738/1738 1740/1740/1740 1736/1736/1736 
f 1740/1740/1740 1738/1738/1738 1741/1741/1741 
f 1750/1750/1750 1749/1749/1749 1748/1748/1748 
f 1749/1749/1749 1750/1750/1750 1752/1752/1752 
f 1753/1753/1753 1752/1752/1752 1750/1750/1750 
f 1752/1752/1752 1753/1753/1753 1754/1754/1754 
f 1760/1760/1760 1759/1759/1759 1757/1757/1757 
f 1760/1760/1760 1757/1757/1757 1761/1761/1761 
f 1764/1764/1764 1766/1766/1766 1765/1765/1765 
f 1764/1764/1764 1767/1767/1767 1766/1766/1766 
f 1769/1769/1769 1770/1770/1770 1771/1771/1771 
f 1770/1770/1770 1769/1769/1769 1772/1772/1772 
f 1769/1769/1769 1771/1771/1771 1773/1773/1773 
f 1772/1772/1772 1774/1774/1774 1770/1770/1770 
f 1775/1775/1775 1773/1773/1773 1771/1771/1771 
f 1773/1773/1773 1775/1775/1775 1776/1776/1776 
f 1777/1777/1777 1776/1776/1776 1775/1775/1775 
f 1776/1776/1776 1777/1777/1777 1778/1778/1778 
f 1779/1779/1779 1778/1778/1778 1777/1777/1777 
f 1778/1778/1778 1779/1779/1779 1780/1780/1780 
f 1781/1781/1781 1780/1780/1780 1779/1779/1779 
f 1781/1781/1781 1782/1782/1782 1780/1780/1780 
f 1782/1782/1782 1781/1781/1781 1783/1783/1783 
f 1784/1784/1784 1782/1782/1782 1783/1783/1783 
f 1784/1784/1784 1785/1785/1785 1782/1782/1782 
f 1785/1785/1785 1784/1784/1784 1786/1786/1786 
f 1785/1785/1785 1786/1786/1786 1787/1787/1787 
f 1788/1788/1788 1785/1785/1785 1787/1787/1787 
f 1785/1785/1785 1788/1788/1788 1789/1789/1789 
f 1788/1788/1788 1790/1790/1790 1789/1789/1789 
f 1790/1790/1790 1788/1788/1788 1791/1791/1791 
f 1792/1792/1792 1790/1790/1790 1791/1791/1791 
f 1790/1790/1790 1792/1792/1792 1793/1793/1793 
f 1794/1794/1794 1793/1793/1793 1792/1792/1792 
f 1793/1793/1793 1794/1794/1794 1795/1795/1795 
f 1796/1796/1796 1795/1795/1795 1794/1794/1794 
f 1795/1795/1795 1796/1796/1796 1797/1797/1797 
f 1798/1798/1798 1797/1797/1797 1796/1796/1796 
f 1797/1797/1797 1798/1798/1798 1799/1799/1799 
f 1800/1800/1800 1799/1799/1799 1798/1798/1798 
f 1799/1799/1799 1800/1800/1800 1801/1801/1801 
f 1801/1801/1801 1800/1800/1800 1802/1802/1802 
f 1802/1802/1802 1800/1800/1800 1803/1803/1803 
f 1803/1803/1803 1804/1804/1804 1802/1802/1802 
f 1804/1804/1804 1803/1803/1803 1805/1805/1805 
f 1804/1804/1804 1805/1805/1805 1806/1806/1806 
f 1807/1807/1807 1806/1806/1806 1805/1805/1805 
f 1806/1806/1806 1807/1807/1807 1808/1808/1808 
f 1809/1809/1809 1808/1808/1808 1807/1807/1807 
f 1810/1810/1810 1808/1808/1808 1809/1809/1809 
f 1808/1808/1808 1810/1810/1810 1811/1811/1811 
f 1812/1812/1812 1811/1811/1811 1810/1810/1810 
f 1811/1811/1811 1812/1812/1812 1813/1813/1813 
f 1814/1814/1814 1813/1813/1813 1812/1812/1812 
f 1813/1813/1813 1814/1814/1814 1815/1815/1815 
f 1816/1816/1816 1815/1815/1815 1814/1814/1814 
f 1815/1815/1815 1816/1816/1816 1817/1817/1817 
f 1818/1818/1818 1817/1817/1817 1816/1816/1816 
f 1817/1817/1817 1818/1818/1818 1819/1819/1819 
f 1820/1820/1820 1819/1819/1819 1818/1818/1818 
f 1820/1820/1820 1821/1821/1821 1819/1819/1819 
f 1822/1822/1822 1821/1821/1821 1820/1820/1820 
f 1821/1821/1821 1822/1822/1822 1823/1823/1823 
f 1824/1824/1824 1823/1823/1823 1822/1822/1822 
f 1824/1824/1824 1825/1825/1825 1823/1823/1823 
f 1826/1826/1826 1825/1825/1825 1824/1824/1824 
f 1825/1825/1825 1826/1826/1826 1827/1827/1827 
f 1828/1828/1828 1827/1827/1827 1826/1826/1826 
f 1829/1829/1829 1827/1827/1827 1828/1828/1828 
f 1827/1827/1827 1829/1829/1829 1830/1830/1830 
f 1831/1831/1831 1830/1830/1830 1829/1829/1829 
f 1774/1774/1774 1830/1830/1830 1831/1831/1831 
f 1830/1830/1830 1774/1774/1774 1772/1772/1772 
f 1827/1827/1827 1830/1830/1830 1832/1832/1832 
f 1830/1830/1830 1833/1833/1833 1832/1832/1832 
f 1834/1834/1834 1832/1832/1832 1833/1833/1833 
f 1832/1832/1832 1834/1834/1834 1835/1835/1835 
f 1830/1830/1830 1836/1836/1836 1833/1833/1833 
f 1835/1835/1835 1834/1834/1834 1837/1837/1837 
f 1833/1833/1833 1836/1836/1836 1838/1838/1838 
f 1837/1837/1837 1834/1834/1834 1839/1839/1839 
f 1839/1839/1839 1840/1840/1840 1837/1837/1837 
f 1840/1840/1840 1839/1839/1839 1841/1841/1841 
f 1840/1840/1840 1842/1842/1842 1837/1837/1837 
f 1842/1842/1842 1840/1840/1840 1843/1843/1843 
f 1844/1844/1844 1838/1838/1838 1836/1836/1836 
f 1838/1838/1838 1844/1844/1844 1845/1845/1845 
f 1844/1844/1844 1836/1836/1836 1846/1846/1846 
f 1846/1846/1846 1836/1836/1836 1847/1847/1847 
f 1846/1846/1846 1847/1847/1847 1848/1848/1848 
f 1849/1849/1849 1845/1845/1845 1844/1844/1844 
f 1845/1845/1845 1849/1849/1849 1850/1850/1850 
f 1849/1849/1849 1851/1851/1851 1850/1850/1850 
f 1851/1851/1851 1849/1849/1849 1852/1852/1852 
f 1853/1853/1853 1851/1851/1851 1852/1852/1852 
f 1853/1853/1853 1852/1852/1852 1854/1854/1854 
f 1855/1855/1855 1851/1851/1851 1853/1853/1853 
f 1856/1856/1856 1851/1851/1851 1855/1855/1855 
f 1851/1851/1851 1856/1856/1856 1857/1857/1857 
f 1860/1860/1860 1858/1858/1858 1859/1859/1859 
f 1858/1858/1858 1860/1860/1860 1861/1861/1861 
f 1863/1863/1863 1861/1861/1861 1860/1860/1860 
f 1861/1861/1861 1863/1863/1863 1865/1865/1865 
f 1865/1865/1865 1863/1863/1863 1867/1867/1867 
f 1867/1867/1867 1863/1863/1863 1866/1866/1866 
f 1871/1871/1871 1872/1872/1872 1870/1870/1870 
f 1872/1872/1872 1871/1871/1871 1873/1873/1873 
f 1873/1873/1873 1874/1874/1874 1872/1872/1872 
f 1874/1874/1874 1873/1873/1873 1875/1875/1875 
f 1880/1880/1880 1878/1878/1878 1879/1879/1879 
f 1878/1878/1878 1880/1880/1880 1881/1881/1881 
f 1882/1882/1882 1881/1881/1881 1880/1880/1880 
f 1881/1881/1881 1882/1882/1882 1883/1883/1883 
f 1890/1890/1890 1888/1888/1888 1889/1889/1889 
f 1888/1888/1888 1890/1890/1890 1891/1891/1891 
f 1890/1890/1890 1892/1892/1892 1891/1891/1891 
f 1893/1893/1893 1892/1892/1892 1890/1890/1890 
f 1895/1895/1895 1892/1892/1892 1893/1893/1893 
f 1893/1893/1893 1896/1896/1896 1895/1895/1895 
f 1905/1905/1905 1903/1903/1903 1904/1904/1904 
f 1903/1903/1903 1905/1905/1905 1906/1906/1906 
f 1907/1907/1907 1906/1906/1906 1905/1905/1905 
f 1906/1906/1906 1907/1907/1907 1908/1908/1908 
f 1910/1910/1910 1912/1912/1912 1911/1911/1911 
f 1911/1911/1911 1912/1912/1912 1913/1913/1913 
f 1912/1912/1912 1915/1915/1915 1913/1913/1913 
f 1915/1915/1915 1912/1912/1912 1914/1914/1914 
f 1925/1925/1925 1920/1920/1920 1923/1923/1923 
f 1926/1926/1926 1925/1925/1925 1923/1923/1923 
f 1927/1927/1927 1922/1922/1922 1925/1925/1925 
f 1927/1927/1927 1925/1925/1925 1926/1926/1926 
f 1922/1922/1922 1927/1927/1927 1928/1928/1928 
f 1929/1929/1929 1926/1926/1926 1924/1924/1924 
f 1929/1929/1929 1927/1927/1927 1926/1926/1926 
f 1930/1930/1930 1929/1929/1929 1924/1924/1924 
f 1931/1931/1931 1928/1928/1928 1927/1927/1927 
f 1931/1931/1931 1927/1927/1927 1929/1929/1929 
f 1928/1928/1928 1931/1931/1931 1932/1932/1932 
f 1933/1933/1933 1929/1929/1929 1930/1930/1930 
f 1933/1933/1933 1931/1931/1931 1929/1929/1929 
f 1934/1934/1934 1933/1933/1933 1930/1930/1930 
f 1935/1935/1935 1932/1932/1932 1931/1931/1931 
f 1935/1935/1935 1931/1931/1931 1933/1933/1933 
f 1932/1932/1932 1935/1935/1935 1936/1936/1936 
f 1937/1937/1937 1936/1936/1936 1935/1935/1935 
f 1938/1938/1938 1933/1933/1933 1934/1934/1934 
f 1938/1938/1938 1935/1935/1935 1933/1933/1933 
f 1934/1934/1934 1939/1939/1939 1938/1938/1938 
f 1940/1940/1940 1938/1938/1938 1939/1939/1939 
f 1935/1935/1935 1941/1941/1941 1937/1937/1937 
f 1941/1941/1941 1935/1935/1935 1938/1938/1938 
f 1942/1942/1942 1937/1937/1937 1941/1941/1941 
f 1938/1938/1938 1940/1940/1940 1943/1943/1943 
f 1943/1943/1943 1941/1941/1941 1938/1938/1938 
f 1944/1944/1944 1943/1943/1943 1940/1940/1940 
f 1945/1945/1945 1942/1942/1942 1941/1941/1941 
f 1945/1945/1945 1941/1941/1941 1943/1943/1943 
f 1946/1946/1946 1942/1942/1942 1945/1945/1945 
f 1943/1943/1943 1944/1944/1944 1947/1947/1947 
f 1947/1947/1947 1945/1945/1945 1943/1943/1943 
f 1948/1948/1948 1947/1947/1947 1944/1944/1944 
f 1949/1949/1949 1946/1946/1946 1945/1945/1945 
f 1949/1949/1949 1945/1945/1945 1947/1947/1947 
f 1947/1947/1947 1948/1948/1948 1950/1950/1950 
f 1950/1950/1950 1949/1949/1949 1947/1947/1947 
f 1951/1951/1951 1949/1949/1949 1950/1950/1950 
f 1952/1952/1952 1951/1951/1951 1950/1950/1950 
f 1957/1957/1957 1958/1958/1958 1956/1956/1956 
f 1958/1958/1958 1957/1957/1957 1960/1960/1960 
f 1962/1962/1962 1959/1959/1959 1958/1958/1958 
f 1960/1960/1960 1962/1962/1962 1958/1958/1958 
f 1959/1959/1959 1962/1962/1962 1963/1963/1963 
f 1961/1961/1961 1964/1964/1964 1960/1960/1960 
f 1962/1962/1962 1960/1960/1960 1964/1964/1964 
f 1964/1964/1964 1961/1961/1961 1965/1965/1965 
f 1966/1966/1966 1963/1963/1963 1962/1962/1962 
f 1964/1964/1964 1966/1966/1966 1962/1962/1962 
f 1963/1963/1963 1966/1966/1966 1967/1967/1967 
f 1965/1965/1965 1968/1968/1968 1964/1964/1964 
f 1966/1966/1966 1964/1964/1964 1968/1968/1968 
f 1968/1968/1968 1965/1965/1965 1969/1969/1969 
f 1966/1966/1966 1970/1970/1970 1967/1967/1967 
f 1971/1971/1971 1968/1968/1968 1969/1969/1969 
f 1970/1970/1970 1966/1966/1966 1972/1972/1972 
f 1968/1968/1968 1972/1972/1972 1966/1966/1966 
f 1968/1968/1968 1971/1971/1971 1973/1973/1973 
f 1972/1972/1972 1968/1968/1968 1973/1973/1973 
f 1975/1975/1975 1976/1976/1976 1977/1977/1977 
f 1978/1978/1978 1976/1976/1976 1975/1975/1975 
f 1978/1978/1978 1979/1979/1979 1976/1976/1976 
f 1977/1977/1977 1980/1980/1980 1975/1975/1975 
f 1977/1977/1977 1981/1981/1981 1980/1980/1980 
f 1981/1981/1981 1977/1977/1977 1982/1982/1982 
f 1983/1983/1983 1984/1984/1984 1985/1985/1985 
f 1986/1986/1986 1985/1985/1985 1984/1984/1984 
f 1985/1985/1985 1986/1986/1986 1987/1987/1987 
f 1984/1984/1984 1983/1983/1983 1988/1988/1988 
f 1983/1983/1983 1989/1989/1989 1988/1988/1988 
f 1989/1989/1989 1983/1983/1983 1990/1990/1990 
f 1994/1994/1994 1991/1991/1991 1993/1993/1993 
f 1994/1994/1994 1993/1993/1993 1996/1996/1996 
f 2002/2002/2002 2003/2003/2003 2001/2001/2001 
f 2002/2002/2002 2004/2004/2004 2003/2003/2003 
f 2004/2004/2004 2002/2002/2002 2006/2006/2006 
f 2008/2008/2008 2005/2005/2005 2004/2004/2004 
f 2009/2009/2009 2006/2006/2006 2007/2007/2007 
f 2006/2006/2006 2009/2009/2009 2010/2010/2010 
f 2010/2010/2010 2004/2004/2004 2006/2006/2006 
f 2011/2011/2011 2010/2010/2010 2009/2009/2009 
f 2012/2012/2012 2008/2008/2008 2004/2004/2004 
f 2010/2010/2010 2012/2012/2012 2004/2004/2004 
f 2013/2013/2013 2008/2008/2008 2012/2012/2012 
f 2010/2010/2010 2011/2011/2011 2014/2014/2014 
f 2014/2014/2014 2012/2012/2012 2010/2010/2010 
f 2015/2015/2015 2014/2014/2014 2011/2011/2011 
f 2016/2016/2016 2013/2013/2013 2012/2012/2012 
f 2014/2014/2014 2016/2016/2016 2012/2012/2012 
f 2017/2017/2017 2013/2013/2013 2016/2016/2016 
f 2014/2014/2014 2015/2015/2015 2018/2018/2018 
f 2016/2016/2016 2014/2014/2014 2018/2018/2018 
f 2019/2019/2019 2018/2018/2018 2015/2015/2015 
f 2020/2020/2020 2017/2017/2017 2016/2016/2016 
f 2017/2017/2017 2020/2020/2020 2021/2021/2021 
f 2022/2022/2022 2016/2016/2016 2018/2018/2018 
f 2018/2018/2018 2019/2019/2019 2022/2022/2022 
f 2020/2020/2020 2016/2016/2016 2022/2022/2022 
f 2023/2023/2023 2021/2021/2021 2020/2020/2020 
f 2022/2022/2022 2023/2023/2023 2020/2020/2020 
f 2024/2024/2024 2022/2022/2022 2019/2019/2019 
f 2023/2023/2023 2022/2022/2022 2024/2024/2024 
f 2025/2025/2025 2024/2024/2024 2019/2019/2019 
f 2026/2026/2026 2021/2021/2021 2023/2023/2023 
f 2023/2023/2023 2024/2024/2024 2026/2026/2026 
f 2021/2021/2021 2026/2026/2026 2027/2027/2027 
f 2025/2025/2025 2028/2028/2028 2024/2024/2024 
f 2028/2028/2028 2026/2026/2026 2024/2024/2024 
f 2028/2028/2028 2025/2025/2025 2029/2029/2029 
f 2030/2030/2030 2027/2027/2027 2026/2026/2026 
f 2028/2028/2028 2030/2030/2030 2026/2026/2026 
f 2027/2027/2027 2030/2030/2030 2031/2031/2031 
f 2032/2032/2032 2028/2028/2028 2029/2029/2029 
f 2032/2032/2032 2030/2030/2030 2028/2028/2028 
f 2033/2033/2033 2032/2032/2032 2029/2029/2029 
f 2034/2034/2034 2031/2031/2031 2030/2030/2030 
f 2032/2032/2032 2034/2034/2034 2030/2030/2030 
f 2031/2031/2031 2034/2034/2034 2035/2035/2035 
f 2036/2036/2036 2034/2034/2034 2032/2032/2032 
f 2036/2036/2036 2038/2038/2038 2034/2034/2034 
f 2042/2042/2042 2044/2044/2044 2043/2043/2043 
f 2044/2044/2044 2042/2042/2042 2045/2045/2045 
f 2052/2052/2052 2048/2048/2048 2050/2050/2050 
f 2053/2053/2053 2049/2049/2049 2052/2052/2052 
f 2049/2049/2049 2053/2053/2053 2054/2054/2054 
f 2055/2055/2055 2052/2052/2052 2050/2050/2050 
f 2053/2053/2053 2052/2052/2052 2055/2055/2055 
f 2055/2055/2055 2056/2056/2056 2053/2053/2053 
f 2056/2056/2056 2055/2055/2055 2051/2051/2051 
f 2051/2051/2051 2057/2057/2057 2056/2056/2056 
f 2058/2058/2058 2059/2059/2059 2060/2060/2060 
f 2062/2062/2062 2061/2061/2061 2059/2059/2059 
f 2061/2061/2061 2062/2062/2062 2063/2063/2063 
f 2066/2066/2066 2065/2065/2065 2064/2064/2064 
f 2062/2062/2062 2067/2067/2067 2064/2064/2064 
f 2066/2066/2066 2064/2064/2064 2067/2067/2067 
f 2067/2067/2067 2062/2062/2062 2059/2059/2059 
f 2059/2059/2059 2058/2058/2058 2067/2067/2067 
f 2073/2073/2073 2075/2075/2075 2072/2072/2072 
f 2075/2075/2075 2073/2073/2073 2074/2074/2074 
f 2078/2078/2078 2076/2076/2076 2075/2075/2075 
f 2074/2074/2074 2078/2078/2078 2075/2075/2075 
f 2076/2076/2076 2078/2078/2078 2079/2079/2079 
f 2080/2080/2080 2074/2074/2074 2077/2077/2077 
f 2078/2078/2078 2074/2074/2074 2080/2080/2080 
f 2080/2080/2080 2077/2077/2077 2081/2081/2081 
f 2082/2082/2082 2079/2079/2079 2078/2078/2078 
f 2079/2079/2079 2082/2082/2082 2083/2083/2083 
f 2082/2082/2082 2078/2078/2078 2084/2084/2084 
f 2084/2084/2084 2078/2078/2078 2080/2080/2080 
f 2081/2081/2081 2084/2084/2084 2080/2080/2080 
f 2081/2081/2081 2085/2085/2085 2084/2084/2084 
f 2094/2094/2094 2090/2090/2090 2092/2092/2092 
f 2095/2095/2095 2094/2094/2094 2093/2093/2093 
f 2090/2090/2090 2094/2094/2094 2096/2096/2096 
f 2097/2097/2097 2091/2091/2091 2096/2096/2096 
f 2094/2094/2094 2095/2095/2095 2098/2098/2098 
f 2098/2098/2098 2096/2096/2096 2094/2094/2094 
f 2099/2099/2099 2098/2098/2098 2095/2095/2095 
f 2097/2097/2097 2096/2096/2096 2100/2100/2100 
f 2100/2100/2100 2096/2096/2096 2098/2098/2098 
f 2101/2101/2101 2097/2097/2097 2100/2100/2100 
f 2098/2098/2098 2099/2099/2099 2102/2102/2102 
f 2102/2102/2102 2100/2100/2100 2098/2098/2098 
f 2103/2103/2103 2102/2102/2102 2099/2099/2099 
f 2104/2104/2104 2101/2101/2101 2100/2100/2100 
f 2100/2100/2100 2102/2102/2102 2104/2104/2104 
f 2105/2105/2105 2101/2101/2101 2104/2104/2104 
f 2102/2102/2102 2103/2103/2103 2106/2106/2106 
f 2106/2106/2106 2104/2104/2104 2102/2102/2102 
f 2107/2107/2107 2105/2105/2105 2104/2104/2104 
f 2107/2107/2107 2104/2104/2104 2106/2106/2106 
f 2103/2103/2103 2108/2108/2108 2106/2106/2106 
f 2108/2108/2108 2107/2107/2107 2106/2106/2106 
f 2108/2108/2108 2103/2103/2103 2109/2109/2109 
f 2110/2110/2110 2105/2105/2105 2107/2107/2107 
f 2110/2110/2110 2107/2107/2107 2108/2108/2108 
f 2105/2105/2105 2110/2110/2110 2111/2111/2111 
f 2109/2109/2109 2112/2112/2112 2108/2108/2108 
f 2112/2112/2112 2110/2110/2110 2108/2108/2108 
f 2112/2112/2112 2109/2109/2109 2113/2113/2113 
f 2114/2114/2114 2111/2111/2111 2110/2110/2110 
f 2110/2110/2110 2112/2112/2112 2114/2114/2114 
f 2111/2111/2111 2114/2114/2114 2115/2115/2115 
f 2116/2116/2116 2112/2112/2112 2113/2113/2113 
f 2116/2116/2116 2114/2114/2114 2112/2112/2112 
f 2117/2117/2117 2116/2116/2116 2113/2113/2113 
f 2118/2118/2118 2115/2115/2115 2114/2114/2114 
f 2118/2118/2118 2114/2114/2114 2116/2116/2116 
f 2115/2115/2115 2118/2118/2118 2120/2120/2120 
f 2121/2121/2121 2118/2118/2118 2116/2116/2116 
f 2118/2118/2118 2121/2121/2121 2122/2122/2122 

